pse_pssm0,pse_pssm1,pse_pssm2,pse_pssm3,pse_pssm4,pse_pssm5,pse_pssm6,pse_pssm7,pse_pssm8,pse_pssm9,pse_pssm10,pse_pssm11,pse_pssm12,pse_pssm13,pse_pssm14,pse_pssm15,pse_pssm16,pse_pssm17,pse_pssm18,pse_pssm19,pse_pssm20,pse_pssm21,pse_pssm22,pse_pssm23,pse_pssm24,pse_pssm25,pse_pssm26,pse_pssm27,pse_pssm28,pse_pssm29,pse_pssm30,pse_pssm31,pse_pssm32,pse_pssm33,pse_pssm34,pse_pssm35,pse_pssm36,pse_pssm37,pse_pssm38,pse_pssm39
0.07926898756083765,0.2127545483485859,0.04607564860820185,-0.027857221058152543,-0.19894975058059064,0.09128141064530194,0.22445260447814844,-0.3348873031893289,0.2008080025360528,0.04318489192851337,-0.1159617843637059,0.176671899492795,0.1811174196583017,-0.15929662699087427,-0.2929782708181245,0.16603206310824975,0.20296290070104892,-0.4071735401386776,-0.07684323484307143,-0.01066264508351029,1.0819662223849695,2.515023273920656,1.580435501469522,2.491170220957001,1.431544233092979,1.2431289812578232,1.9990383246465335,2.231795823804303,1.4855077909735943,2.1288607954826646,1.9745011444449403,1.5616171006767716,1.5373035734937255,2.2215285181579985,1.8523452485345957,1.0152823526090773,1.0973734193254645,2.9265948553449364,1.79237304898849,1.5716757533294743
0.1701807850692443,0.1606960296875846,0.1148566920013467,-0.08896584064452034,-0.2925464361128823,0.09394385703001022,0.16840793729433584,-0.2272567578902107,0.08506620180501728,-0.037266999823303004,-0.14501328227801846,0.1748925432719121,0.14615271909582642,-0.1782849949609277,-0.177014657542509,0.3152973475107922,0.32761741367094516,-0.4973636485397748,-0.10028205187238584,-0.013116856772483325,1.0912954882426544,2.132371009963304,1.5728053713982684,2.3034434896214373,1.4273979741914915,1.0261291255668203,1.782650894054027,2.016785763215585,1.7283970261554342,2.1266227593252958,1.8206376142698364,1.5497032433127855,1.5863090961351092,2.230932230953953,2.4215572824249474,1.0190793489085608,0.9961242644906534,3.1346974485539145,1.4475712103530551,1.5978446006146714
0.10939056914223368,0.16125271100738436,0.1142758311264877,0.03336356854295792,-0.25967864200355056,0.1130249635817966,0.2849841814313507,-0.27318701490215047,0.2127116582084608,0.008398428327058113,-0.11121444897907967,0.1640334974384791,0.08096307710622373,-0.15220646861915826,-0.3690888017485517,0.2032873821239632,0.2407934312259653,-0.5396118164914712,-0.014150608297315159,-0.007341498221084478,1.194616018297409,2.2816794102959976,1.5126573624315858,2.430657188867307,1.471971690136917,1.1506404199483296,1.888200684460828,2.275786186318648,1.7554923094253256,2.1666209275703996,1.6779345366262763,1.601780505303969,1.530058150384832,1.91582401267631,2.2841205048010367,0.9787005960021986,1.0906842609500071,2.539351589781484,1.9574244549077808,1.517816929855448
0.053697550988163194,0.15884599181014866,0.1214482979089678,-0.035724533080614955,-0.22106761165951636,0.08211469595578577,0.22237735679249826,-0.3707672840412352,0.18769970170945768,0.026922115013238858,-0.12000457351209243,0.13299841337062931,0.2506954509935673,-0.12291176011977377,-0.2856431398096035,0.15391410085184673,0.22938066872736895,-0.3924698177219725,-0.044593112827011484,-0.026912511349853122,1.08414219261546,2.195096556012676,1.4535992944554241,2.538981967826083,1.2940321753894206,1.296721592651986,2.0782936915076733,2.0551333841972936,1.7349104749388524,2.278575165013352,1.8357717607561468,1.5293224710288147,1.6455157006550967,2.1464443871267855,2.0558033123149264,0.9678478716342248,0.9258562363833996,3.0804070375843224,1.6468679968694473,1.6018648048087132
0.03135084798036171,0.17372995939720443,0.1114098556914,-0.04367305409242955,-0.19799515529247164,0.10109217576833417,0.2383587026980633,-0.4061871327252873,0.19590085310970937,-0.006069086945936049,-0.10772214561778252,0.13884877879124766,0.2569525108634415,-0.07830681644468798,-0.3196610731920571,0.1550624428693843,0.21834143393706276,-0.38967295034797605,-0.0470285991511352,-0.02473154729644618,1.0277996249700831,2.228650273126717,1.5066008869160195,2.5734280790216353,1.1805520777361171,1.220312564498664,2.146954818157625,2.108873466513351,1.5782787931177007,2.287138193491057,2.0031550326477547,1.536564687271101,1.6937343931822004,2.1144457680150097,2.035317175011984,1.0107424221999939,1.0445995926671294,3.0814088238055346,1.690909477134617,1.582855239531901
0.02810800805907682,0.15765437485256434,0.11927701700666128,-0.04535500651055724,-0.19681514078814596,0.10716815822356167,0.24082045772157,-0.3917053984196106,0.19059211638624454,-0.00430768572202391,-0.12515764466798368,0.137055770764335,0.2605401445869332,-0.09136862235309272,-0.3239856148855559,0.1520373298332014,0.23313512821636814,-0.3805994239532013,-0.0251392936505346,-0.04195467469981018,1.0017114968930136,2.2921390020899954,1.5161853381433947,2.5563455248690303,1.3005897195783138,1.2805827460694135,2.0218823803323245,2.0773539775144805,1.5507981544597456,2.2320296996975246,1.8762150579080323,1.5415128182758628,1.6999216638343655,2.1027941138476893,2.0347349563420374,1.0321185205517125,1.0420158822054082,3.0848098611335106,1.680032763856072,1.5912914082965468
0.04499544568756015,0.15539522849841061,0.12487786369565552,-0.03309905445651668,-0.225868146879576,0.09505561844709973,0.2302860655391191,-0.379632679701977,0.1704970700291494,0.010990946411931548,-0.1057486476410821,0.13139655580039658,0.24194956000331616,-0.12590791130900286,-0.27408136829487834,0.1552310075049518,0.2424529825967421,-0.39647943272019337,-0.04712485794874928,-0.015186245262356735,1.0061400430156031,2.2201850486243164,1.4380077265537208,2.633069943614224,1.3255447522394799,1.2010962307274993,2.0875972782946306,2.1775561054714725,1.5618925578575884,2.327617335413058,1.955366071935368,1.5616719249621287,1.7624871298252112,2.043006794767064,2.002147573525864,1.0138881741981882,1.0270973406309276,3.1613328526700184,1.605458956288452,1.6015323798794443
0.05093116980475104,0.1797525482075688,0.033693257563087484,-0.005865345678045346,-0.2253533941304861,0.10098103634809498,0.2667722268991526,-0.3761767620454605,0.2461767675511827,0.02632099647307995,-0.08831823338143528,0.11633122404495895,0.17185389850333962,-0.08955339933518068,-0.3098954004580078,0.17566953757952547,0.2203420180075,-0.5039960584918176,0.0005534898580840716,0.009780422680107459,1.059590526085301,2.2187231980020297,1.6199573090662565,2.6131959899880735,1.4972293512779182,1.2668746389603138,2.0738263774158243,2.1272270047995616,1.7400040646308035,2.320446609905405,1.7873552633427774,1.663675673144492,1.7069877318871294,2.189804929886925,2.088845121782912,1.0422442204830251,1.0653154724903346,2.3731746656742274,1.828522932779162,1.5957469968802103
0.04383340368740842,0.15102289603853122,0.11308740185592928,-0.02513982950938027,-0.1682273450007469,0.09329241915835872,0.19480651386797274,-0.32722396136285925,0.2043394307810938,0.04741808856074124,-0.1289040807652733,0.1079371124222333,0.2203450049756568,-0.09184435028014176,-0.3135252034796944,0.1446985479736754,0.22072488309798788,-0.44246865232249416,-0.006497962117125329,-0.037674317581872896,1.0820012258471907,2.235827448572664,1.4807760618958015,2.412651163251301,1.3311277655696376,1.2485743666881168,2.1508972600823264,2.0387888829986562,1.6374533340974875,2.1730251141376806,1.8991399777386344,1.4943352386428563,1.6252644645656924,2.220606905836256,2.299352219921434,0.9987995819830892,1.0597105522418306,3.344219009215903,1.695862007551339,1.5669098377581732
0.02517441338780417,0.17021692251690568,0.09468523229634336,-0.0329825999920916,-0.1997782445897874,0.104928264696444,0.19913448192765393,-0.34590004984428985,0.20862448699917555,0.020747339282608964,-0.13291229667623736,0.1274120606614458,0.2285071202691594,-0.09400246429961512,-0.2919461545642523,0.17488034491082877,0.21197265610101645,-0.41793249107462094,-0.0429413727274635,-0.007887649281026737,1.0880058545334594,2.2236629180256204,1.4703143782745263,2.4836269110853726,1.2513869688188062,1.3014580235482132,2.114407085359953,2.14880230904918,1.7357856222181651,2.25616936799202,1.8894756471543372,1.6253204668393222,1.636518933802081,2.178770540183079,2.3736887636975488,1.0121314070877625,1.0413753299183872,2.925455810671257,1.7549585689418106,1.5855345193571613
0.06463711472703619,0.1703313640052894,0.04492339962343355,-0.021158270435656948,-0.20586865131939136,0.11228623175322687,0.22473481544754823,-0.3636691381551849,0.1984940437355608,0.020461608465601723,-0.09069726423739038,0.12077897701486473,0.22600860645413945,-0.11087352571888398,-0.2975705784957115,0.17611865890138895,0.21486081499532936,-0.44129477929117744,-0.04982663017462868,0.007323202704606361,1.0353680244650842,2.303037062580559,1.511080190892606,2.426485957069254,1.4441899802381521,1.2886796365965556,2.1274531689467007,2.0106174798716743,1.6022099041256037,2.2092011425320974,1.8440180921727467,1.5622208474079065,1.636989339947767,2.113331698578571,2.222697215341974,1.057581160066322,1.0957264433394935,2.6258203004962173,1.7167391167100463,1.4371070378485749
0.12677610341718534,0.20209321643528164,0.1223768050577446,-0.016894652929478702,-0.2731627315119721,0.12081372495182592,0.2437255999241914,-0.3110941909789547,0.18393442194334778,-0.009406519941910368,-0.11387443196284025,0.18643712433215395,0.15055939991553904,-0.20982614961473486,-0.2200687522834853,0.2565811851485685,0.2732717171055005,-0.5914378182878473,-0.10233724461087788,-0.018466806109237933,1.053637512331762,2.1760964129861295,1.6252704003244751,2.475340012358372,1.354273641213544,1.260034427456746,1.822122701991036,2.1099278042540055,1.6701933419182835,2.369975788374123,1.8891527364829728,1.5146939128519066,1.7351722491834896,2.185995860973254,2.13878984294474,1.0281890128141438,1.0713012962132413,2.52029098798476,1.5853238847079387,1.6360847964359087
0.10208357017529245,0.17393637276123214,0.1359584648055084,-0.043096969800905924,-0.273043417639969,0.09820568571061668,0.2297977429916421,-0.3290994498925908,0.179447975553048,0.01842837283862303,-0.17377002928531463,0.1909426496824774,0.191229738259229,-0.18381518114600798,-0.23955191364275616,0.23075198015556345,0.2867736259122812,-0.4957481427068858,-0.07415554472189932,-0.025275530009183343,0.9480909570994722,2.1081779661834097,1.757120954704927,2.2551122504235974,1.4653613328820818,1.1914610407859194,1.9113976804500663,2.049353556729822,1.856098521966833,2.1976311652981013,1.8923509233383704,1.6162883321117378,1.58677331152204,2.1629466320506365,1.8319075394394908,0.9423279516470092,1.075450345997357,2.819117471744064,1.5841803447828895,1.634916424022403
0.1429991705161595,0.18485067799617486,0.11665287499992638,-0.031301701673936415,-0.26114516970738544,0.1106711289705256,0.2215368300532438,-0.28074047966035703,0.15889858065353563,0.004312803588136626,-0.13957927755222918,0.18959827917532357,0.15244906990344442,-0.20994159251271907,-0.22409043545738644,0.2556364492000582,0.2699301972992208,-0.5337109678024887,-0.10204324996707863,-0.02498318802216864,0.8986710839903272,2.2216285717405144,1.6765253411498138,2.469700352103733,1.3982834473100991,1.2139966753597895,1.9292325889075488,2.0477344654470198,1.5579356235939845,2.3297295578706674,1.8610945693526075,1.4731609987133876,1.5743524671922862,2.2304061661604675,1.8916506806105091,1.025137021318981,1.034578668055058,2.4264322858827336,1.687279522086403,1.625958770282841
0.09994986752412764,0.13957189625545352,0.1560346001614171,0.003967109727386387,-0.2560826565034574,0.10096745558330744,0.1969716822192984,-0.3214941153668996,0.20551488619259267,0.005656644410851488,-0.17353057714910503,0.1470209304547096,0.2089131012288913,-0.1925340869520734,-0.2558919493560729,0.2601399784927202,0.2674108571076865,-0.4971658308511922,-0.07695551341484091,-0.01846427976480049,0.9792225095197652,2.0732892862832046,1.647431848342665,2.277010435199516,1.3060755021205364,1.1096827507218,1.824357844434282,1.9892069405662205,1.5888228152064485,2.1454261022618297,1.8085397129282512,1.4625578443435745,1.5629424364692035,2.0484083446577532,2.0482618441619294,1.0029859692776593,1.0782958012980148,2.7961775425681723,1.6057091600351363,1.6268004736273076
0.09045807477282451,0.15649341943128636,0.1641275099343686,-0.028947690407798276,-0.27195900522760086,0.09554133099825488,0.19680636099630994,-0.3070882188771166,0.1742170168147387,-0.0013625995636113923,-0.1368702140906767,0.17295945589830464,0.23017478626380644,-0.16768309937003037,-0.23762768527109435,0.23586698361980715,0.26422826134347605,-0.5430169051741128,-0.08319889346837267,-0.0031188886227633567,0.969463185302996,2.1883850900510504,1.6387684056624192,2.419625285482352,1.357208291529091,1.2620959206471911,1.937505058248264,2.006534614484498,1.4926911198005597,2.2154856597133654,1.7532387670443923,1.5440515699790391,1.5958703277044581,2.063740729672736,2.278843699879034,1.0939417343279976,1.0410489487558154,2.5117168559941283,1.5901295570716545,1.643908508930953
0.10300271386902943,0.17431354616440528,0.08024362532360668,-0.015772783244087752,-0.22189359029048608,0.08674719365129949,0.2301492281668972,-0.3303169519172254,0.171214851213221,0.023715634551087012,-0.09406587948546764,0.12168685033510768,0.2259163625689417,-0.1571672192457424,-0.2675384021155181,0.1923866471227587,0.2569742020329296,-0.5237642184074001,-0.050902622570422155,-0.004929187722934199,0.9760079620332274,2.1606535030861407,1.6340340066651595,2.4740596275209343,1.3886756651062913,1.186970679963702,2.007872086638763,1.9812538647388596,1.549567186063877,2.2328323024585304,1.881124761144365,1.553733064286529,1.7717568586286976,2.099799748783042,2.062435421989539,1.0994077122903063,1.1837488203303517,2.486330536715121,1.750779734440626,1.6142209807888925
0.07698663236807286,0.17019466496936625,0.12966758261638606,-0.03987054379413796,-0.2863934998537084,0.0763753057470404,0.22190343865475853,-0.3281088393182531,0.20857268141355215,0.02694837310772568,-0.10858822774404349,0.1775822906770269,0.16089184793526984,-0.13345481527951517,-0.27286781556739526,0.233487126726216,0.27787893387684154,-0.5378398899357728,-0.048187298763486285,-0.005177947835943711,0.9668168821236282,2.149900167454457,1.5946976626706932,2.496171665287341,1.3838846091797834,1.224342637720438,1.8879042225973683,2.0219457384964508,1.80445615895831,2.1576889862458883,1.7590263120396161,1.5065700941499536,1.6684245186271827,2.1903525645266777,2.4222713527536417,0.9360009673236712,1.0629193661339615,2.5842263614185126,1.8200569943223217,1.4862097430241907
0.11091951754797356,0.182451035320452,0.1307292985762553,-0.01755862328059853,-0.293077647749742,0.11086176201424892,0.2497766677609307,-0.3141767158437118,0.1387344003082691,0.006045405840067932,-0.11435681212986287,0.19590300436992494,0.20043863073565318,-0.2002602758242384,-0.2466313908853228,0.24655329183546676,0.2750020507953067,-0.5575756536007985,-0.08585734754433583,-0.017920598245938637,0.9940084383485523,2.1387862746280657,1.6184624855094087,2.4980195704373087,1.3454297809733293,1.2387034313363245,1.7617664149692591,2.1060483803698657,1.6717398074534533,2.313706261545154,1.7781707132210385,1.5543451254952485,1.674107397473806,2.136589151208601,1.9878003614117583,1.0232811255902892,1.029651943484499,2.5065949261241167,1.623190447074665,1.6893335811677717
0.1193377225803965,0.17251869238767203,0.15107776844471485,-0.03976967195154184,-0.2623667065341981,0.12801485635053647,0.21724837423936166,-0.3096634598570986,0.16313658316366564,0.019050740325752102,-0.12668370201773047,0.1762738609415251,0.19803057325378434,-0.19889605587209042,-0.27503113764399184,0.2385661751457264,0.284972273238365,-0.5398343135931868,-0.0969346328419142,-0.019047939759747744,0.9311360089276604,2.2962283589548678,1.5957496591867686,2.4063051712018795,1.4536912663052874,1.2480177302107567,1.907928625468908,2.1573192557124785,1.594443078295374,2.19936071468193,1.771002611967129,1.5189264302310193,1.4935749831749605,2.258283088988662,2.0374175504834735,1.0019910938578735,1.040052597761449,2.7348217125804233,1.6509220433802203,1.6294554048387984
0.09525002304970753,0.1796134156481818,0.1482847524617722,-0.013230875633787324,-0.29305289885775243,0.0959872176176765,0.22096957890647836,-0.3092034459871442,0.136606931686002,0.01456081882701135,-0.11795199835615662,0.18515523031624928,0.1765552517493589,-0.17796886197445927,-0.26217336422530396,0.24530886862818696,0.29996804307590325,-0.5245020202293951,-0.09730544873608732,-0.002871217966442106,1.023654032735826,2.2278400271424146,1.5805248801130312,2.4983110370880763,1.3356812716383692,1.233442466486762,1.9927718081942063,2.029164216908177,1.7287628095059027,2.2880482623927767,1.8057407326867203,1.5894238838569452,1.5687663177581725,2.168675716958601,2.044389667820281,0.961185013887836,1.0018839495539689,2.40475514250349,1.6480372900366829,1.6244853817741132
0.133874383775063,0.18712221979189278,0.14189326439619332,-0.020521045223452262,-0.30226555561685753,0.10299379064490012,0.2132360228749984,-0.3005316033430765,0.16745380948621796,0.003783139931618167,-0.1386392742907653,0.18592484375347545,0.1837550495417496,-0.2025943244586917,-0.2473011173329071,0.2534423585126379,0.27200920591604655,-0.5520047489369336,-0.06733604091081805,-0.014294378511290529,0.9852048369268198,2.2653160334864473,1.7134330212587874,2.3912651548361135,1.460677544388914,1.2540553707837505,1.83701295620977,2.1558095086395954,1.6739568417618733,2.152841997044921,1.8141476875709008,1.4691305025350978,1.4683963465451124,2.094170593076067,2.1425153154209777,0.99611186530364,1.0189859303304625,2.728893795277202,1.7288201480124803,1.6229254474637338
0.08435285503427996,0.20704314885014638,0.0886995347292356,-0.026416554562736946,-0.2355110529070162,0.10085615255367891,0.23221571393821125,-0.33256061038902096,0.1908015965638048,0.0302183828321399,-0.08764616880094349,0.15451961721129753,0.21307059777476323,-0.15736695791386326,-0.29443982942157415,0.17180416603016377,0.22512628388717723,-0.5026902226330953,-0.06411594523104164,0.0020392924543941033,1.0502979674632642,2.2244379693011487,1.5136464166884935,2.4501227572279154,1.3772624739937207,1.2205195787560164,1.9553339452975047,2.266001709457655,1.5473701717574309,2.322433022887018,1.8239696205312108,1.4964126640507618,1.7010244029928638,2.215466539379112,2.155874641092283,1.0344033225733913,1.0952241809791745,2.537370399539081,1.7417167212729907,1.6301128841487353
0.05105121382487343,0.18691544390923853,0.10727065667866023,-0.03297411083253793,-0.2231532946630784,0.11147852045518879,0.19260529102910032,-0.3712313127262583,0.2016613885980774,0.03595032675701027,-0.1286934909812608,0.13194449172197747,0.2527956733484759,-0.12702626641587622,-0.2896601659802459,0.15233292917148455,0.2330496136932884,-0.44163161394644257,-0.03177341321229735,-0.010911880429378691,1.0498458676680396,2.2634864517217608,1.5277128362714536,2.222884039128169,1.4838443441940865,1.1834751751631416,2.0545525478261206,2.0860882789686643,1.7269327157358885,2.2146931284063407,1.9134282272329888,1.643315073261501,1.594200835707051,2.1689388427396663,1.7775822979208313,0.9510522662444189,1.0916937336756551,2.697217612625176,1.6893829552108461,1.605677625563273
0.12016228180941098,0.18320517496492472,0.11578362173729052,-0.023975164615717037,-0.2854424843293932,0.12902391653135523,0.2619005505587369,-0.2842124299995351,0.16706808857387814,-0.007088188538675287,-0.13421896942962366,0.16103193406580718,0.14955295856417752,-0.19350563868366047,-0.24054691414339754,0.24385383836907135,0.2862702367900421,-0.544533120181573,-0.07675857580150383,-0.02757111624161583,1.1432584577042177,2.276735923318899,1.64495333160624,2.310013897211361,1.2679169553009342,1.219926114708911,1.8681709502343888,1.9505492874298371,1.6773141529920303,2.1563098410464847,1.8131106770859908,1.427903004920428,1.6676255789439525,2.083683743500824,2.324436913053299,1.1208832908241153,1.039463546111756,2.6298164733861737,1.8675812963840357,1.6117143944407342
0.1004216933938183,0.17645869065868458,0.08272220570647694,-0.025448959613158646,-0.22434826493878607,0.09501778317817892,0.18788234051776867,-0.3269604388695444,0.15905054028968388,0.03523760886199707,-0.07985457509628206,0.13542634474108378,0.20218526098343104,-0.1341585646872557,-0.23728756602162054,0.17370955636438215,0.2799544238902882,-0.5298669557095168,-0.06707939351174597,-0.003061730137883226,1.065888411364804,2.3575597756055373,1.606503365603127,2.5718229255223215,1.35734415226372,1.1638439211378726,1.9996708170094288,1.970156916369596,1.6298447782183727,2.2068934408939223,1.8104858803927768,1.505605630105388,1.6915270034623058,2.0506194916667164,2.185587335326275,1.0820684732331287,1.0015849146596143,2.575560345525157,1.7401672166023872,1.5422614801389567
0.0474592412450877,0.17095731491749164,0.09529826055414416,-0.05247688052104445,-0.23071503900153284,0.0855476734992535,0.19843057651879806,-0.35169397462946217,0.16511810265528593,0.03780916020532662,-0.096584382226496,0.1234676432711619,0.218051298030069,-0.11770331472569387,-0.24989550025420226,0.18346286794611028,0.24960278008827386,-0.4373858464337373,-0.030039280710454176,-0.008710700428380212,1.0547409877488247,2.2432133438817465,1.5136576673866484,2.5982905963920038,1.4025632285023784,1.1851649122276655,2.1136831801865714,2.0395925183855192,1.6476372443669753,2.2661689217396046,1.855982765278948,1.4667239769023535,1.564727313145684,2.1701664386512287,2.287865490475919,0.9778947485446434,1.134787446327145,2.737328103469902,1.7991532704630206,1.5331043988086988
0.11470996218554713,0.19668764276435088,0.09824386481858664,-0.017060564996811772,-0.2319203884336944,0.10006027919620265,0.25427413793730236,-0.33365070314397915,0.15166417871784227,0.013386076085376107,-0.0883717338935355,0.15649847342584186,0.17184678713437931,-0.15390169777335677,-0.2614099561297318,0.1992609719600571,0.24661012028450655,-0.5549279696674835,-0.06439126858235836,0.002391788110957826,1.0511139958414535,2.142614776195686,1.6188129622871559,2.4654058321977894,1.39544950142802,1.204081437693605,1.970539400994878,2.078524808918509,1.4846953395194729,2.288714245722516,1.8329858735680769,1.496332775966333,1.6350091411507917,2.140213038690872,2.1528728439401603,1.099400880895416,0.9891358719563008,2.805495356028836,1.757939396556626,1.5927608586846878
0.13572961755467122,0.1724434229906872,0.1211446888160364,-0.08293783852171634,-0.271497146387395,0.09654798631827001,0.14079130212587984,-0.2969576860478689,0.10488798623919862,0.004176412554634739,-0.123670730378684,0.18131990495232686,0.17533185784888483,-0.1683653853326114,-0.18166624328391323,0.3144162048939341,0.3235873079713191,-0.5302223777072346,-0.11177064321671575,-0.003288641389704283,1.0926626938610766,2.236356322745465,1.572376251465719,2.3050535411526907,1.5005190108115227,1.297378761116854,1.864056503107488,2.0452829259549667,1.6079578519686781,2.17983027149551,1.729171177218038,1.4262733884305379,1.5492218899418644,2.17800708721014,2.2533089172737535,0.9843085812281518,1.0037616813080936,2.905992290630116,1.5567478603991516,1.5993419258832728
0.14309075572430127,0.18017191886882694,0.14145252649330312,-0.06700446283369227,-0.26071304313851834,0.06964755181334137,0.13503947601116317,-0.2678383906367586,0.09251144629391966,0.01023974618777421,-0.11689197434288938,0.1746862801004234,0.16497737483953692,-0.16576322132608984,-0.202075894551369,0.30666408650856797,0.3198865569496308,-0.5375935399712255,-0.12038282426899508,-0.00010436872125080948,1.1241834454861195,2.1193690253763253,1.5773853918599317,2.366176151650728,1.4058123914007088,1.2668172861369527,1.8602747869065313,1.9836001649300667,1.6549355619752955,2.1894397427832053,1.7831929278763887,1.4612008237391243,1.5581978002215806,2.2913461189222,2.2370376083300063,1.0213049976372692,0.9964019945297682,2.7073243342684283,1.6169412007921182,1.6101425055620582
0.1464555080492128,0.17634703600375615,0.1197300858423928,-0.07736134426990625,-0.26733917221700104,0.08360637811927163,0.14030973722500306,-0.2857718244527406,0.10191269077324461,-0.0007152988715680209,-0.13358651010549868,0.1624255653148135,0.17608190203235038,-0.1566314003316167,-0.19127904407989313,0.31013003903502384,0.3239436182752393,-0.5081076912499366,-0.12455165896021934,0.004401383868072052,1.0742324313196456,2.18992245813873,1.6046792744169032,2.310616771480373,1.6033980446996827,1.2453599489888365,1.7761728290252217,2.019038413019567,1.624911637800985,2.116642150265294,1.761352999653566,1.4812482459515683,1.5515647207307977,2.381058063837484,2.2190592494094528,1.009053286855209,1.0243541510931713,2.678482998450767,1.6413895178031297,1.5482226685574707
0.14738639846133475,0.1699420820054736,0.1211330077233765,-0.07956918181367502,-0.26917788288387284,0.08275632219669861,0.14147517448309072,-0.28798418571536083,0.09448527193217159,-0.01632182131365304,-0.11398125493929367,0.17999551765195235,0.18141243515256159,-0.1577701834006269,-0.1837398945431752,0.2927741727736347,0.3200308555788443,-0.517979910249698,-0.11652926245982992,0.0116623393600465,1.0965820868333902,2.154581649384027,1.5486842190916346,2.3919109785199777,1.5172069450899834,1.302298229089258,1.8330789024026088,2.0181939313996624,1.6337097288992175,2.152702120239001,1.7430861328936995,1.3934455558103012,1.5570784994596738,2.2199438803906144,2.31613775992635,0.995915845053669,0.9555845509454968,2.781578096846568,1.6367787785896282,1.5998944572382876
0.1451024153852608,0.16535821704491635,0.1294681173608467,-0.06729564134389424,-0.2924311204313143,0.07421924449595607,0.13960118936145363,-0.2605130237336046,0.08027701709376278,0.005441809748866874,-0.11220749375942309,0.18338194629976895,0.1589367689009961,-0.17012627966756344,-0.17082341904586992,0.3160117704118852,0.3103177665214128,-0.5082598457843619,-0.11990358298975372,-0.006555855869341632,1.1163068655149002,2.089382083163206,1.5902034281623267,2.415118720396209,1.4250612477211024,1.277989910445101,1.8615011526671064,1.975684567153308,1.6997847436163847,2.18173090865664,1.833217239518392,1.4827866152121436,1.5846306603148679,2.2768053276596207,2.2009330532881446,1.0058313481460288,1.0411985174952385,2.5717798687004465,1.688001294177638,1.6315703364583067
0.14601953459063352,0.1762360667263222,0.11961193476671317,-0.09266807901629703,-0.2523693933719574,0.06298967072339201,0.14232340442285152,-0.28187231592737827,0.09845817022712648,0.0006952707620540763,-0.13869217499942335,0.1805951101431341,0.18460863202632385,-0.15820289445122385,-0.17766195208981678,0.31449853100327296,0.3234817892759388,-0.5140990570274272,-0.12364891648407855,-0.01030333130016086,1.0706241447566631,2.135635960006148,1.6552779942279772,2.3309647677535383,1.6172387998178055,1.2558062491815716,1.7764805911740125,1.9478863703210143,1.6573636823181028,2.1914211296067174,1.730490289639319,1.4693271674220953,1.5846948294252718,2.288098950769536,2.2895220985652665,0.99016803022637,1.0567443939856171,2.737744698488409,1.6751887408701516,1.5958820817269639
0.14100122047179203,0.16005393841558596,0.12847284237814746,-0.06096359575515431,-0.26887768349509744,0.07925565295192472,0.14797718748451105,-0.281230229022415,0.1037376511604705,-0.007637535078433491,-0.1269098805954083,0.17399375663050032,0.16454200697443452,-0.1683077818724869,-0.18339719242675584,0.3019464797715594,0.326240739949576,-0.522662073556166,-0.12007120923080478,0.012835704844220058,1.1355951959478667,2.1567784096737608,1.4955260278250533,2.3406750678766275,1.4595279964456211,1.2980670942076447,1.8913433956478232,2.076945429274865,1.6169537217502827,2.173338646653193,1.7853624004864739,1.44548771023617,1.5569983066494462,2.28303127688064,2.204970519345418,0.9929696847748826,0.9926887284449456,2.8267759363345206,1.59949466521136,1.6336964983320752
0.13723997742308675,0.17978496131834173,0.13583320679913746,-0.0627319854772572,-0.2791632868349072,0.06423439065717242,0.1425892472557007,-0.2662106210805216,0.0813329275548144,-0.0016782741591093448,-0.10833266913493081,0.18053269467447453,0.16555994017759326,-0.16134561383390855,-0.19645551015415988,0.3122459746023805,0.3213857610122038,-0.5340499578035753,-0.1178604261517203,0.0070892631551848035,1.0977541486960336,2.1161067203604453,1.5683230071632897,2.3803444923859294,1.4336883331817332,1.2827979299828893,1.8592248919987224,2.008340182569608,1.6474678981587327,2.181332861002793,1.7960772380015304,1.3962095928508835,1.5160519422941439,2.286194292056165,2.189068118174358,1.0436760848100255,0.9980643253335554,2.584881099493379,1.66774354403839,1.6328633360998246
0.15501229392535268,0.1597106780421249,0.11610149303168962,-0.07971254661398254,-0.2520042135315958,0.07649422150680366,0.13322441164926802,-0.2790323147241853,0.1202061136034475,-0.012600525284963077,-0.12154600711324592,0.1718506970325365,0.1649515209600726,-0.13507347152342994,-0.18993687835215162,0.3227988237631817,0.328550364548197,-0.5379739333956637,-0.10655516554621927,-0.034465561977237255,1.0799266813450619,2.094237288360038,1.6593960735440285,2.333059839482552,1.5257587572589923,1.2096235552822556,1.7858621574229605,1.9511985606332165,1.70762075137627,2.158400472941786,1.765940723143165,1.4171490593746283,1.5099739828842562,2.3778587274186527,2.2854227962167557,1.0449634833059676,1.0162528007092648,2.5062370499744566,1.7341910227454462,1.5855484909535078
0.14542668293224859,0.16412717610314248,0.13100202285859672,-0.05858623536838431,-0.26808435082540094,0.070333143518074,0.14295466672808455,-0.282255774763272,0.10240399200976312,-0.0040678907760030416,-0.11824318481765367,0.17692144349991062,0.1732502399152382,-0.1733448717846745,-0.1857127589189699,0.2992211925293722,0.3177420123854041,-0.5277827749578676,-0.11459281870098585,0.00928808843337647,1.0991329262927163,2.187683463867802,1.5073751198675291,2.34602149890244,1.5121918683335158,1.2915678704333504,1.8663866441087091,2.0098146927533933,1.5722821879466442,2.1999415082731395,1.7763008585578175,1.4463601929258882,1.585595017468973,2.2792654077373253,2.2107746462779425,0.9758116510638176,1.0277201708884935,2.7453952222104414,1.6383586705497264,1.556080409568109
0.1326091237499995,0.1912745174743218,0.1328287947079114,-0.06353485545810647,-0.27048988953004643,0.07489538876987464,0.13880902279865656,-0.27587390565819836,0.09763996931510825,0.0009145979904158209,-0.11851129799194107,0.17325888629260594,0.16402826693609274,-0.1620876981719653,-0.20286653027191048,0.31269376221238426,0.32462625047279664,-0.5343795478938477,-0.12155327559489686,0.005718419850744503,1.1013176375393496,2.0888744596495474,1.6224437434296857,2.2857162671894833,1.3933499711016366,1.2305434411172944,1.859954173340024,1.9561600648087492,1.6713112525351872,2.1694212862511484,1.7624145286207065,1.453369254240985,1.562671646793475,2.322615928808013,2.2515095872117765,1.0004165832376317,0.9687936172722672,2.659333998091033,1.59312370831776,1.6860157052052673
0.13614100363144044,0.17009601279767803,0.1259052151113859,-0.07318615734342356,-0.2679217470023155,0.08200220527163625,0.14105419800886498,-0.28913661454568507,0.09781537828048793,-0.009561157633733936,-0.1164996524365785,0.1791293522639209,0.18048773605872537,-0.15958415991437477,-0.188401081406332,0.3033900211855332,0.328291612924823,-0.5260352064099391,-0.1221161275066115,0.008129168664497644,1.0914046963549706,2.1675854107021584,1.565149371132907,2.3234762479982183,1.502453908938293,1.3106751911155732,1.8526225287732887,1.993732646427116,1.6264947144160185,2.1694062802153247,1.7655986070286736,1.4350152882668479,1.5734668149899536,2.268309169039509,2.2919212551496684,1.0148948119528238,1.0017531752397248,2.870205721568712,1.580588529590163,1.5847669819571493
0.1491328466095454,0.17766470343848753,0.11945401393060823,-0.056197131089385274,-0.2706974227872308,0.07770225184629222,0.13567488322259344,-0.292591253275451,0.10680083250162573,-0.005401821340773143,-0.12279130293631517,0.16229875328585083,0.17339804237316284,-0.16551117267895268,-0.1880098783658306,0.3076379305507078,0.31024079755445644,-0.5171439493606419,-0.11253143078174872,0.01087030730299863,1.1113992559979586,2.232796509120947,1.549975051714486,2.3619497048950437,1.5211952874447485,1.2261681287338302,1.8299403441841455,2.0099268266753088,1.581509078350249,2.1611707479489803,1.774275222767634,1.4550359214375999,1.5060502762017711,2.3110673631643004,2.257422932081351,1.0147281054181727,0.979124797202509,2.9192354370577265,1.628405385585418,1.64535199955119
0.1428882222875651,0.19095316166176904,0.1316398808024508,-0.0749682770505602,-0.2662365379022893,0.06967203187919718,0.1377263998015104,-0.2779147297282624,0.10142587508882908,-0.00427018314600435,-0.1234497810205016,0.18360973913464326,0.17162129426215475,-0.1687781686755767,-0.19400763841687246,0.3086860766573645,0.32714130482367887,-0.5411285485925992,-0.10569791245729651,-0.008912209409201248,1.14410380977392,2.133151563101773,1.6583318503868223,2.3454909269912325,1.5185025063336899,1.2457296311616952,1.800410270210409,1.93451315157463,1.686949621448533,2.157489092061245,1.7461477960460308,1.4536943416088648,1.5527803810102319,2.3726536763033743,2.2390842328009604,0.9756741299303732,1.0101984580615309,2.622194085497589,1.6287339544624133,1.7246143553951268
0.14102988390469243,0.1731707532629681,0.13051080988013994,-0.05653057783897309,-0.2663806821454752,0.06826562113329836,0.13213549559546034,-0.2781647739165754,0.09445564013128253,-0.004551190967819818,-0.1240191082442795,0.18126882092753585,0.169615514172628,-0.1543160709907613,-0.19187557043692707,0.3052070180649222,0.31878670631023903,-0.5183412949311265,-0.11978877443428547,-0.0004782194769416577,1.0587716933410407,2.2537255663520095,1.6394169581558804,2.3982126034578246,1.5909482222853533,1.2582754834595906,1.8542435141928988,1.9459688962615591,1.5975987980400532,2.236131015953376,1.7352837590452836,1.4561858946729058,1.5448126032374676,2.315536076111973,2.258553851116695,0.9835952288700904,1.0379561738018654,2.75781608672315,1.6490741793492252,1.5853977704708855
0.14263958483381772,0.1593105675528768,0.13055579780631427,-0.08152023757799702,-0.25570677663906893,0.07663697182803704,0.13805156005996355,-0.289712740722958,0.08682902505029742,-0.010459900920831523,-0.13167127496808628,0.17238339401420483,0.1818635145035144,-0.15061902551682102,-0.18545365003831887,0.31013303129816083,0.3194579879660535,-0.4972050954719969,-0.11413294050848576,-0.0013797925486751228,1.085727066346242,2.1849378806505286,1.5997782463315537,2.3519664608739435,1.5453924288043568,1.2977313277002585,1.81311736916988,1.97252239435244,1.6454743073076004,2.250852213950101,1.7303879643696591,1.4339797487629975,1.542294440877843,2.3059332012456473,2.2635349144407337,1.009595941943435,1.056314284001162,2.6562600782560404,1.6568976327311,1.593348358273568
0.1493184491625386,0.16465276347870333,0.1176114152217866,-0.07110667986659998,-0.2425431975246028,0.07355776978769807,0.14462210941326767,-0.2740481615919436,0.10058434235565303,-0.008460518635892708,-0.1433319918355458,0.1565709682637861,0.19780127490618205,-0.17696700644568036,-0.1860994458093405,0.3036386264336092,0.3139577679648043,-0.4992522712424028,-0.11699652116472105,-0.0035096928712988504,1.0847062792518316,2.2001524182327863,1.6025863378877685,2.349801705573455,1.547226804092648,1.2482048366351348,1.7951532268410522,1.9895612666442395,1.6486415016523037,2.199796736571076,1.7977216011067199,1.498001507937555,1.5925242444323255,2.2997596390922643,2.235339703919914,0.9733239191001096,1.0066210220088638,2.7196010855874735,1.5686840775355237,1.5698853843622864
0.14781036718352503,0.17038091003202557,0.11874127449351587,-0.06627483033841873,-0.2711010591804006,0.08492034060427774,0.14560940011949203,-0.2696284152369192,0.08603990144846757,0.00441231737461584,-0.11406708970336513,0.182560823732532,0.16749483025228262,-0.1775898049447625,-0.1878932409460352,0.3011515812045637,0.3291091085383478,-0.5383785695074569,-0.11915673718100735,0.005858892054718877,1.1206007039468275,2.160671564801444,1.54546456134464,2.3209214498861264,1.532559077658795,1.268068753597397,1.8543138033612456,2.011001607804308,1.5719709533928372,2.1423897756358845,1.751039165229293,1.469300728307497,1.5657307145800263,2.272208003191118,2.2329710389444584,1.0117158277100708,1.0168408086619902,2.6993665863063008,1.6408960054970148,1.596856863163092
0.14751783411181665,0.16978296703652973,0.1151673957215274,-0.06470286431970458,-0.2699387324477632,0.075812074287731,0.1497072003747248,-0.27751065293376864,0.09824905832950995,-0.001157009991355965,-0.1205708093829622,0.18338634445486854,0.1729412026555143,-0.16420048142749025,-0.1955144876021257,0.30026714554827194,0.3198832156081656,-0.5364902635135986,-0.11351236567800416,0.010883229168112551,1.0954069402296995,2.161199184061399,1.5096800905449894,2.3510598002614165,1.512461313312521,1.2851221063179674,1.875776598794458,2.048821278675,1.5514882453632517,2.1855163989829136,1.798331466856887,1.450203242297277,1.536917012157715,2.255332651511033,2.320475700838476,0.9797008329877184,1.0010698285120194,2.807605873458386,1.6389398565231157,1.5886144412091423
0.13984905858910243,0.18235820642653489,0.12277288489275423,-0.07310758544154289,-0.27400280562349283,0.07191045559451514,0.1416831050878082,-0.2672261710706943,0.10558839785018381,0.0031538858161106018,-0.13954384315337282,0.17357644228335806,0.16731011316457883,-0.16202247683920512,-0.19489475856662788,0.30229931984771763,0.3347570182460845,-0.5158305427332605,-0.1141235217403652,-0.004507182630186509,1.1069833821628188,2.1310117405287747,1.5696483155013907,2.363764475955892,1.5395571195237232,1.255004563355607,1.8232729456178252,2.015036255733124,1.6431925979873663,2.2042919645775867,1.7544647421624844,1.4706462336248347,1.5690254391760254,2.3115668810883068,2.2422388518455043,0.9872788150156824,1.0079908030813625,2.623158913348697,1.585604207197356,1.657298923433386
0.14248203329940354,0.18410388797047267,0.12383321366402893,-0.07352055361433436,-0.270384478765329,0.07181866936228826,0.13263945930386836,-0.2662013701171947,0.10091934034421685,0.0076684317703302265,-0.11856590321311197,0.17677795349724704,0.17584828026162067,-0.1720058710237273,-0.20254340892259529,0.3099798594198425,0.3214989556810103,-0.5339340118927476,-0.10732455904181236,-0.00308992798347744,1.155430617352596,2.1109661336194616,1.584482219553332,2.342264353173332,1.4711210197528293,1.219452817425192,1.766635785287935,1.9480769430509568,1.7236885834164388,2.186730438029553,1.7655906490624165,1.453615769775869,1.5932663844379618,2.3469836392060848,2.2626745716864,1.0216746706727624,0.988560861925917,2.5612271792519996,1.6205579409381268,1.675462623952703
0.1395346585662863,0.17594090113952243,0.11784712034187222,-0.06508299702747317,-0.25347902568636976,0.07785391572252012,0.13951650590955528,-0.28054334824995186,0.08158958364456373,-0.004898120786422224,-0.12550390256133204,0.17168852366584547,0.18458134071212082,-0.15245770317703974,-0.18711831722115968,0.30350947341037443,0.31646978049259283,-0.5211935050975116,-0.12248231296092138,0.004227429162926911,1.0752130298683875,2.2501333049144114,1.624500610081358,2.34644416156034,1.55821129362446,1.2350707748755725,1.8332969660159868,1.991185700345536,1.626254290546847,2.281503270331715,1.68801307857311,1.4717452128825501,1.4851239797429083,2.303523268985555,2.272075319612872,0.9871527386200876,1.0336181691460735,2.638466605094702,1.6423486217073062,1.60431551367845
0.1478735382604317,0.17049383994060727,0.13428294422259127,-0.05890307852835205,-0.2721054242264668,0.08031687987297503,0.1382144685302794,-0.26569674645093844,0.0818100391657262,-0.003861323992651911,-0.1178765077992106,0.18196657088329735,0.15837133416313234,-0.1580979655348162,-0.1916635853878792,0.3077788488236518,0.30767934586159656,-0.518943450047932,-0.11535856069169265,-0.006281167064349598,1.1397325539780512,2.1589723542906847,1.607354044073902,2.3360197367355706,1.4248614329852929,1.3060222214397688,1.828992598656568,1.9505070712243973,1.6619964745205407,2.1972495973509556,1.7919767980661807,1.416143572014679,1.5347210280668921,2.3516434752623065,2.2484291693189093,0.9986366594236008,0.9859611011905728,2.6890073627223483,1.6279715962268166,1.6267723853804026
0.1539354840985814,0.17722784012465884,0.1325750030265492,-0.06320263876206882,-0.2719240505548711,0.08101338912922804,0.14100096338663723,-0.28366452254037766,0.11309245206193408,-0.009876985097049665,-0.12982865882999958,0.1609297206961387,0.1743199245351666,-0.17287803064952056,-0.18098729569372288,0.3035708559165209,0.32308289952456487,-0.54021901029885,-0.11535716952953093,0.007189829456011633,1.0708890475027288,2.1904560837627702,1.5734467167636819,2.292767535358147,1.5209699425954917,1.2546041427404477,1.843759488388838,2.016649371528075,1.5569438475764847,2.173090621008759,1.7721997885114342,1.4742277466743068,1.5963504994821218,2.319443298953187,2.2799402694278785,0.9943451360018128,0.9679788430420913,2.905547677849261,1.5751877947049884,1.6199207047987365
0.14783985215943665,0.17909464575430298,0.1220918409452605,-0.06405373657122042,-0.26536746295312075,0.07146841058096771,0.1439728264138722,-0.2866035680621701,0.08202915620525798,0.006509171219202536,-0.12684022563171862,0.17254022628937987,0.17672026656829637,-0.1769020483257715,-0.1844971894731968,0.2993507382536197,0.32943238868943586,-0.5300725980375224,-0.10475305511285114,0.008040361088538934,1.0806264552633345,2.1869000210864624,1.5635795770865095,2.374056892059895,1.5343059772524177,1.2384212150451084,1.8601646180093787,1.9936011986829745,1.6096890047288035,2.223263303203915,1.7574209815930932,1.494427895600823,1.5758996345234368,2.3208656894371322,2.2429961001584937,0.9745710367317224,1.0478294444778173,2.6741962501596253,1.5865815613498233,1.6155041050986183
0.1524140981901003,0.17902184343061517,0.11228096118615977,-0.06827320866951558,-0.2678775162398289,0.07327382422800682,0.13620768855268872,-0.2809586596403115,0.09922728105234399,-0.014242165210662322,-0.12944412046369105,0.1795222138368839,0.19357491996188847,-0.15585418685251579,-0.19113744537480995,0.300632322590664,0.325022757669785,-0.5268475655146839,-0.1128292655968747,-0.0037137771362414232,1.085911031628667,2.1529503685546882,1.6158157429530524,2.374235753872515,1.5754493892473624,1.284953991049749,1.8823252356774276,1.942836294228776,1.613073758905986,2.2219357980899086,1.727249396233462,1.4323237408890024,1.5565318256025213,2.32463947295049,2.31242598378372,0.9550679297659788,1.0332736257349608,2.719006190264192,1.6195085589207598,1.577557248608192
0.1403135929844195,0.1727253331167158,0.11466511481678322,-0.06576552077666263,-0.2667424125649054,0.07729934069766528,0.14569691712048563,-0.27020670413694065,0.08151004616892153,0.0009044131636447696,-0.12147408033036823,0.18163275293822811,0.17983228315396135,-0.1795339456409579,-0.19157286625776274,0.29481778041349926,0.3271586643357724,-0.5188314050914543,-0.10621207803681523,0.0037827739257702904,1.0930128952678169,2.204023589016223,1.5153864074143943,2.3389642154862686,1.447929823677623,1.2991337534286582,1.8382022770247133,1.9871497646369256,1.6457233098826622,2.1917978268836062,1.7617062685412113,1.464936114380105,1.5597768327546695,2.2829562916564115,2.2662959982980095,0.9693328563788722,1.0099820408847353,2.7056607368870096,1.6370620965902445,1.634502463916032
0.14170712339568825,0.16433480097397896,0.13231676037827986,-0.06420201590197762,-0.2672604923184537,0.07254974247314054,0.144004969630772,-0.27828049565982166,0.1007999349576799,-0.001210291858832509,-0.12054083770847952,0.1776214254354047,0.17088478169118046,-0.16982284010991888,-0.19008477819363426,0.30336274134501995,0.3173113308173171,-0.5167774260753625,-0.12324873745392376,0.0065343041819430035,1.1312343655374804,2.1633757691639146,1.5717870463294938,2.3168992464143376,1.4830584727473926,1.2738986581286318,1.9012724388652764,1.9887586484722617,1.6458556525318857,2.2130908249377863,1.740647875397291,1.4717739341758795,1.550595699177376,2.278892273247158,2.226322486692593,0.991643805304365,1.0333635455717165,2.7337730078006004,1.6500836145758924,1.6045335240289433
0.13669914878434916,0.17541294787393574,0.11584947990694175,-0.07455562970941682,-0.2692935334306739,0.07635986259664067,0.13883734783807716,-0.2915471588293372,0.08245398525759957,0.009582580779112143,-0.11214733712152526,0.18900733036400996,0.19069802316822834,-0.15339188514201052,-0.19755701362562872,0.30112102008448316,0.32115899282211885,-0.5332221275994382,-0.11576761450971805,0.01030158049225235,1.0951399896974527,2.2146085018754462,1.5613670770072172,2.3379451055809266,1.4932613359430271,1.2833898657506333,1.8391222895937585,2.0084163788627367,1.6460526185008337,2.200459622300043,1.7806911570943067,1.4405829748637742,1.5439764377175327,2.2342621776161953,2.2955653182473985,0.9752937211434992,0.9851000134133356,2.698071098358325,1.6261727640623067,1.67628624702804
0.1417804614955485,0.17468798356185486,0.11716240663334793,-0.07466201616228453,-0.27563001324635,0.07523570275946098,0.1457396415452477,-0.2709539349812468,0.10007646276911376,0.0036465262250155272,-0.1158357952407424,0.17945901165774567,0.18375521093176633,-0.17553441890767135,-0.1844078972215659,0.29148759117363865,0.3132127359218535,-0.5213082740358458,-0.12438270788663075,0.016471323007744114,1.1070103422612567,2.13796151435034,1.5547723629654882,2.251432775103468,1.5284022086821223,1.262866656675051,1.8755082574266415,2.0160705695247425,1.6441740543786056,2.1402871025638195,1.773835631904417,1.4829064242852197,1.5190757162008386,2.28237423978996,2.2410731321107913,0.9804508841429848,1.0408693439648482,2.796887001295369,1.6736917373563536,1.5854687039980333
0.15054325742731098,0.18695440869510016,0.11129006000646195,-0.06590850353583969,-0.2576999250331391,0.08821780021916603,0.14518364221700145,-0.2841704009486405,0.09432302816603108,0.003672409447360269,-0.13013808910209326,0.17420902443146544,0.188546977885928,-0.1679426797936185,-0.18524280117432096,0.2988096683916933,0.3017674501977689,-0.5274854547757872,-0.12205037011027026,-0.0028795026115776582,1.0853383217154164,2.1616207435750696,1.517704474781977,2.3464382669555817,1.5293028884070308,1.3171193606324947,1.8962274105501855,2.0422682123340414,1.64167701252396,2.1402975106236686,1.7881919473527035,1.4366579737362712,1.5834001519917786,2.2445444415774256,2.253766398314532,0.9597668930340288,0.9789508931718414,2.834265121123809,1.6477137362797056,1.6406925650722597
0.13923787955534214,0.17307063327184768,0.10822813578170279,-0.06261314347803684,-0.27764674712000686,0.08438654826851742,0.1480113299834715,-0.27632971130581085,0.09809935033211897,0.003116797055800556,-0.13428328876019532,0.1748271204617682,0.18699043670559334,-0.1542596035596198,-0.19130733098049746,0.29870177025024613,0.30778297825524004,-0.5261276199143466,-0.11485120266217327,0.014965667859038894,1.1234515410939878,2.1511427630743136,1.5776435287431687,2.332291261488022,1.5131215900937662,1.2422956482703358,1.8427253538228163,2.0639245613901074,1.637894001209283,2.1694708133351748,1.7361528270897628,1.444231967437403,1.5312647937402184,2.3019868762232227,2.1539425350373027,1.0187222533589848,0.9998286155034662,2.856178142715833,1.7000262382748037,1.6461276970004748
0.13917915731051306,0.1584024916209202,0.12443945082226145,-0.06913230743245967,-0.24876382380739426,0.08223625415649781,0.14506329793871517,-0.2804098653587229,0.10642436600270674,-0.018528960502412723,-0.13165311163412904,0.16686693102638425,0.17302053828373448,-0.16856942233544503,-0.1782525517082537,0.2929843879550139,0.3206364551450217,-0.5146935552223607,-0.10595247482654749,0.006702742565956413,1.1056961195650983,2.135067587382264,1.5590090567745931,2.3157388236033167,1.5395240050551733,1.2766136396265144,1.8426294502674607,2.0416117082519345,1.5258656027451643,2.1594911188040187,1.7196566599448795,1.4285591127934831,1.579056839803255,2.25613993693124,2.237273111885258,1.0240939502176412,1.0041530125890488,2.9606733580977194,1.6522109002732943,1.5742187041413074
0.1345942799572282,0.1678875365031347,0.10755299002068355,-0.055461471451156034,-0.2873088721177027,0.08086342935257937,0.14356892683094358,-0.28081962938822186,0.10111205300735154,0.0020828833473265427,-0.13231281405142575,0.18250807773260697,0.18738266619335567,-0.1565418522281805,-0.19739986873609433,0.30654262212935246,0.31116861639422494,-0.5076200077225466,-0.1211481063674586,0.013348540593998879,1.110333717825576,2.188576241799455,1.5633612748607115,2.295386304432496,1.5068686118400925,1.2569245002263743,1.844409715479718,2.0521367373511703,1.6127191105552743,2.2177096457060026,1.768932894557206,1.4680829137829872,1.5086458824690063,2.283816654087327,2.141383624662648,0.9891111511387956,0.9922865744020872,2.706094462096525,1.6373870979973253,1.6101555511883745
0.13732142239200018,0.16786160049198276,0.11342755620840278,-0.04945357317978363,-0.27075896031609453,0.0825880378829024,0.1405650871008733,-0.27541343360077075,0.09657360524682417,0.007044693271830208,-0.12015557631173905,0.19451287695269837,0.1727640538466917,-0.16919740113579007,-0.1986564613530745,0.3008762027377897,0.3130408169741821,-0.5291152556406407,-0.1296586246033315,0.015833333035047168,1.1109868302184671,2.1337661614304078,1.5689477134677643,2.2880580312463454,1.5106559866212204,1.273163247472068,1.8339611795650597,2.056108188351744,1.655103309488118,2.176553968861485,1.7304203283842767,1.4486561298265836,1.5722568752023531,2.3044823165539294,2.210252305207814,0.9884109880441256,1.0239583537133687,2.8013461850468016,1.6348716730903161,1.6093097885853054
0.14187188035152992,0.1579047994590195,0.13262610593607452,-0.05769124096199201,-0.2614701227163125,0.07291903492181452,0.14982618090230915,-0.2858642203069589,0.0981376183723152,0.007047377366782439,-0.12768340198794184,0.17056586957988995,0.18074782200282982,-0.15979350927754848,-0.20515098193018225,0.3101058176170807,0.3108223538769211,-0.5222078267770296,-0.1225031260344077,0.00978956960580583,1.1030660021431475,2.1803480884068613,1.5248035456598064,2.317817033377352,1.4857336790669822,1.2824759749267018,1.86091577629598,2.0670808662858007,1.5583540122731956,2.16918719643328,1.7492544159011907,1.418132626195797,1.5427252036581083,2.327868724350277,2.2214819911264105,1.0363414242455586,0.9931097856095464,2.9012854276292153,1.62814161171537,1.6354290351692542
0.13569417586656193,0.16969023745684467,0.12859032794980835,-0.06205383682171186,-0.26566933891824085,0.07333067109965535,0.14322007895476638,-0.2911690634065076,0.0986666813833555,-0.014404827463398153,-0.1247123708819473,0.1816500692213671,0.1647538270055991,-0.16885373324544214,-0.1826467755098496,0.3093489492102706,0.3257191484727054,-0.5102520248521665,-0.11644575180492528,0.005543556283254225,1.1040344444965757,2.206289262748652,1.5916484363071413,2.362720461120892,1.5399296520235572,1.283387674939715,1.8839149084648323,2.021765440036329,1.5627484206218873,2.152443876315803,1.7938231268882405,1.4518814387454069,1.585739295446447,2.270359217007549,2.2259518106864373,1.029584333199901,0.9806405904816268,2.8095936653832143,1.658963477500761,1.6358427895520575
0.13991302760096816,0.18046876887488025,0.12610904239688078,-0.06631647027652067,-0.27207110494999504,0.06906835020499451,0.1421842021343154,-0.2889114005084634,0.09483754653337503,0.0011047090695287028,-0.11871763859321532,0.17537945186081344,0.15997677570114813,-0.1445443437207365,-0.18405795478732767,0.3161112537747516,0.30770727892719174,-0.5205638074434876,-0.12490130102399025,0.007223614224888297,1.0493000258277356,2.1919805805727424,1.588126416257217,2.3181752498296504,1.535933494781972,1.2690091209075811,1.8839279060426657,2.0424247608125294,1.637228019433108,2.251919589332441,1.7765873760989617,1.5111558967045144,1.5228263653354404,2.3311864858704814,2.227678457264591,0.9903161971710146,0.99047315429947,2.8272791796666934,1.6256533067656465,1.6380359798870052
0.13550482319823612,0.16703054558877936,0.13315339689608283,-0.06430515503188057,-0.27470062743524803,0.0780400004523184,0.15341182332904146,-0.27630316316546155,0.1000028694485696,-0.0031949559488906715,-0.12670037435940842,0.1812874591652136,0.16108275265741265,-0.1771903752367958,-0.1919232866893896,0.3154539915040761,0.3164627309914365,-0.5171029838015113,-0.12169406280246735,0.011684591239886912,1.0952577122635423,2.1302325559013946,1.5409998742120476,2.3676675702225327,1.4714561701623987,1.2423743303061918,1.8998983765959148,2.008812750353613,1.6206877362301255,2.1827070980355017,1.796731747675382,1.4721421433408628,1.5504466816306137,2.27817358473436,2.1904536088255826,1.0051178203924516,0.9940606654119796,2.714194861138796,1.6429942160919533,1.6269801240119386
0.13630463210378327,0.1442992974339248,0.12283955748983735,-0.061527755488944076,-0.2794216929042251,0.08867763274148657,0.14421086790268442,-0.26317867160147057,0.09539291291418985,0.014572214842724468,-0.11597733979665335,0.17591169942952548,0.17822607703407004,-0.176300624937095,-0.18698392737589936,0.3099597945246837,0.3221989670534509,-0.5281051970285363,-0.12301402213751154,0.0019155777999743683,1.0736694051798312,2.1771388576021558,1.5096938924080912,2.2644393085168892,1.509683572871112,1.2993871006174988,1.860034878010668,2.0684444336556465,1.5997788562290727,2.106713667897567,1.7962558300445732,1.477456591580629,1.555706453037312,2.300341360366528,2.19671047624876,0.9947176193236722,1.0081783960857555,2.6284121382322896,1.639968299188302,1.5833296316081036
0.1483235440183848,0.16436649156816766,0.12537211683488012,-0.05193489466434784,-0.28050282127065507,0.07906464674491996,0.1439770121595735,-0.2808289175721898,0.10168268393535576,-0.0008164134706082022,-0.1308743127820014,0.17449601793838673,0.1726978794649607,-0.1714807402881369,-0.18682237574661534,0.30184031852478166,0.3093647841433522,-0.5243671340388528,-0.10780538090179988,0.014247495402443888,1.091032274286148,2.183129100685273,1.5538762473970291,2.3300233082284847,1.532612851266283,1.3076596006517693,1.871720768855622,2.0655111746688055,1.5790135388391244,2.145059613987996,1.7580387738100454,1.4659258311160577,1.5250900167736139,2.3284538090840248,2.2128699380538563,0.988352716480648,1.0135307334308807,2.867036471470206,1.5921660946001859,1.6414278048504611
0.14557023426412735,0.17856990400222492,0.1148784232041536,-0.06748847881805045,-0.24813287775742546,0.07836101854606413,0.14326906676205856,-0.27361143102290014,0.10350997814616,-0.016019950711139597,-0.1328703394665586,0.17124575426857247,0.17321393416096126,-0.18206072235250087,-0.1789737928432231,0.31855181886283457,0.3016706037803382,-0.5003581229659785,-0.11642693800881328,-0.012898082050905283,1.0865590553162203,2.158320209599188,1.5187922589244334,2.372055445297813,1.5370558111128485,1.278614459897898,1.856844450237798,1.9761336514395855,1.5788000151375041,2.128595590918636,1.786619562999635,1.4089984054487754,1.5941027559211653,2.2376929367520164,2.242115339199347,1.0282818363739432,0.9980159005591596,2.7984658628773262,1.6521604414283695,1.5849701132136167
0.13766494773151552,0.1859469176299643,0.11885507780994642,-0.09100642687496713,-0.2682810817223292,0.0826171444182193,0.14346468582046526,-0.27249962321933485,0.11568651476441405,-0.0026962408918577603,-0.12060486506605113,0.18520239503757158,0.15758277708162194,-0.16074672481341956,-0.1935815441964619,0.2999438357640781,0.3221357656658166,-0.5175300738254006,-0.12137671323793812,-0.0007767678758532512,1.1291350547938788,2.139273296117872,1.599520626995018,2.4131915602659078,1.5193196092949695,1.304229519389131,1.7594577026395715,1.9534822059141908,1.6438520521272688,2.128281197164376,1.724006365674624,1.4310112393159462,1.5360289246736292,2.277419450480324,2.206292219134377,1.0145636874810613,1.0256042399632563,2.587621624870552,1.6705349929700095,1.5864222119007048
0.1458467315055115,0.147980768192467,0.1167872821688403,-0.07952843260006456,-0.23097365960222915,0.07536906315288275,0.12522335250252886,-0.27480750061268205,0.11619650763815872,-0.013794488261520141,-0.10844927617667073,0.17849115330323906,0.1836507628720152,-0.12413980823092195,-0.20453945190412237,0.2994054059138509,0.3314244158472558,-0.5547517507696659,-0.09367599449425221,-0.035715080444621454,1.0695729467908655,2.1499163295372,1.6132857265652123,2.3861827615661166,1.4579450481653191,1.2443494341380823,1.8310947568044968,1.995061585971692,1.6202479275043573,2.2052387389981973,1.7606752126004204,1.4085270276005248,1.5219499434037211,2.305717286082775,2.2876684593902445,1.0375763199564154,1.0243820833302892,2.7543328338118624,1.6736218134786462,1.5654080477608217
0.1458578621031483,0.1981436535853555,0.10772249158428772,-0.07059576823424103,-0.2774556627676306,0.08364163766342782,0.1401580425580141,-0.24980734720408365,0.09623397176745313,-0.02688040097430621,-0.1133959725106021,0.16711901888748296,0.17285572447794637,-0.1603999117419992,-0.1956443082311773,0.30034130950151605,0.305465175755046,-0.5005793670328724,-0.10456127892052365,-0.01821887026624155,1.1370008915569862,2.0749975001907486,1.6294376508042714,2.3276818786318665,1.4470470175864896,1.2538918595646107,1.8438096136573852,1.954808169330719,1.6489377413612543,2.1141655508370274,1.7425665736384028,1.3922271997694018,1.5581168336623807,2.401084330805462,2.2378666572438,1.0140803913367644,1.0290550418147997,2.7629596643479406,1.6267589363684756,1.6029263888741048
0.14622632188084045,0.17081014984387075,0.11880056689144255,-0.061638467218937586,-0.2683096627664535,0.07406888611515748,0.14731517205461764,-0.27446820439803205,0.09307710251992293,-0.01360751052719744,-0.13232435299089634,0.1670048807420486,0.1797504983752675,-0.1700593065259656,-0.19291795965822447,0.3100544213208645,0.3225555725525725,-0.4957853362822605,-0.1153015924964982,-0.005251179432139109,1.098648569093161,2.175722297613832,1.5856574404036852,2.303213787042188,1.5657707681335755,1.3029141402757904,1.7971866460378878,2.054837305223777,1.5921458009626885,2.136993062676895,1.7952545553387549,1.441454944627977,1.5422746479430864,2.2391765273643367,2.250123681597029,1.0324513270187312,0.9857163549096032,2.757266820878415,1.679488210512985,1.5999410412880035
0.13741756260246185,0.17067312131165574,0.12803128193848623,-0.07284591159880222,-0.2944027517648555,0.07912428207168314,0.14668859311522958,-0.29102154996513446,0.08912627358437923,0.01833821477146613,-0.1189585900475826,0.18655636111295237,0.1873278486760208,-0.15034500383298055,-0.1919118459272669,0.30851112720751517,0.3186350445995346,-0.5492444825233498,-0.11667400868349193,0.014974433352078957,1.086209356302638,2.1872218329929147,1.5407682242104779,2.311059280359597,1.5498161223983873,1.2574841529624905,1.851490992305898,2.002043995416112,1.6397083424919094,2.2168317486490645,1.7337857984267397,1.4322866530536025,1.5185098860939001,2.2931866301337798,2.2988401939476337,0.9734329624184798,0.9865576545036824,2.738140166325888,1.5735833291613488,1.6104501360924215
0.13982690146881954,0.17033369863302186,0.11809429274960567,-0.07440334040651651,-0.2551693981139229,0.07246232511795044,0.136603561659961,-0.27680841984658816,0.10392517891265625,-0.016450224439533888,-0.1388291113959766,0.16376757407303202,0.1735966489844772,-0.17029975892605348,-0.1763773188809566,0.3097372441486321,0.32440398529138514,-0.5022445061209873,-0.10901855260973069,0.006849219700724145,1.1004858164620213,2.1472807590065774,1.574139712724406,2.3043987127857566,1.5364729504317796,1.3116487877343934,1.8739092506588064,1.990883120358612,1.5672000506263455,2.208893634274901,1.798928322761836,1.4190160817902555,1.5430091622972417,2.2396046981812945,2.140509137780448,1.047772571389998,1.0081334070640142,2.9159645986486584,1.6041642397546625,1.5799014987017923
0.042647837668137366,0.16529888902449988,0.10194702175288825,-0.033117836676425996,-0.22418073149616666,0.12044916421014967,0.2154911511574374,-0.3642155141808301,0.19932657617472868,0.024705050134697922,-0.1194521212147417,0.13144272797038575,0.22046787003673757,-0.14297002450376248,-0.2796918019306153,0.1671055650751759,0.2373235887039781,-0.42836804387025346,-0.027675684671817698,-0.006533683364202302,1.0788923101594157,2.245767203097824,1.527334814758296,2.498967716189062,1.5258964485202695,1.1827750716407528,2.0109986209362902,2.0228544350166127,1.9563652971662304,2.209534581319464,1.7982070236796772,1.4739023596611056,1.7341925176293915,2.028194184939194,2.1525643433624606,0.9803366185835696,0.9796582977129714,3.062251091482736,1.7261775232312115,1.6026762720923233
0.038386254962982785,0.175068952837495,0.122023947516617,-0.02951651236607972,-0.18280824679082974,0.12345580102168408,0.20140777627835463,-0.35585765774614075,0.210265672882225,0.026828589164934052,-0.13323346344754564,0.13213852287923095,0.2331652418285858,-0.11011727284336847,-0.306093153924658,0.14945404780880311,0.216558336200768,-0.4555701439230734,-0.020291902464768505,-0.035264789875215585,1.0828203972802086,2.0935578234507664,1.5323825311174522,2.4442281762059737,1.3084820926108311,1.1871622628571175,2.174814401248266,2.0277401593173607,1.6226569421825372,2.264501668033381,1.9115344087254045,1.5683424936945087,1.6602081878017465,2.157986928750137,2.4194679965629495,1.0167087508820212,1.0743306801832129,3.3053568038758807,1.7018975444583855,1.63176444594396
0.047554532864630156,0.1725591590795939,0.10247400629654033,0.016579821968021227,-0.2433295493248317,0.10379050169438304,0.2406581992804349,-0.3659922550481284,0.23769899821765744,-0.0014828298822983452,-0.12611156454290784,0.12681132426533437,0.19970677860845007,-0.1370784618484479,-0.3132620879109472,0.16309214720650064,0.22220133064325523,-0.4200528213237482,-0.0342517992719903,0.008434569028499045,1.154863760767708,2.291418224560219,1.5063246143354962,2.432140935205415,1.40251794891917,1.2373984863012926,2.0716137445724017,2.0326168245926404,1.5716159827920957,2.240941856893651,1.897238793639066,1.467351887639068,1.7187633118104932,2.14312991223636,2.0661208905408355,1.0452688950607003,1.0079122967966807,2.856495363761146,1.7188369932756737,1.5389159351601636
0.04301409098449177,0.2472918552199682,0.09385328646979442,0.018422407220674994,-0.23707923267839034,0.1309288165432214,0.2729610007509621,-0.3454051721520496,0.20541912705570203,0.02867402351331785,-0.12230432983981447,0.179982247706115,0.14981204251582778,-0.1559758359761785,-0.3603789846398234,0.1792140328606744,0.2388720596770052,-0.5586589561044631,-0.035169876434498364,0.02652739730746363,1.0497018791469146,2.415346892803083,1.5924753707057664,2.540360891852464,1.4697530347629337,1.23219903843611,2.1027176739660782,2.1711671792877394,1.565282290459317,2.39157275022078,2.0126974809946208,1.7638531826714563,1.6612735257717413,2.1674629939008865,1.9843109570705404,1.0011419689641832,0.9917840960471038,2.7680065366001223,1.9128717442534788,1.614394388497362
0.06177553049086986,0.16627092965438597,0.08506728950626712,-0.013102506632296606,-0.19946252573625556,0.11459827547855203,0.25970168111974895,-0.3264198942322544,0.19287544087060526,0.023246691908386817,-0.11740348472398494,0.13558103895203855,0.20741338725874503,-0.13174566806541038,-0.28695674738672616,0.15187504610646171,0.19646621182022575,-0.4393213416682468,-0.057509912018457725,-0.0229494427026539,1.0754024560713995,2.4146163881482976,1.5654913211634287,2.5691438847719557,1.5341897523958363,1.3252537179756674,1.9930834840401623,2.2227726811797566,1.5616440531100995,2.197555019021555,1.958107135009796,1.5066459568811967,1.7058878412460974,1.857758683262316,2.0965513472052404,0.9671459231906976,1.0443865010662434,2.9095772099654083,1.6673370404606491,1.553187276475902
0.0441532501870332,0.14057521494210076,0.08025107277619582,-0.0006894921125872946,-0.18732741038982206,0.09283673268448225,0.21477436319842128,-0.3426104837487015,0.20699872579442116,0.013763906785035071,-0.09728216063879688,0.11009469944504004,0.2288111180100852,-0.09346976332683153,-0.3014988885614757,0.14201010348891727,0.20594966325701633,-0.42056505988064896,-0.017100990647117266,-0.0196746012627671,1.0180768471557224,2.178707175671027,1.4316451711813327,2.5219989360903137,1.2610917812707099,1.2290854975475523,2.159977552943536,2.1127030103756304,1.603173601749856,2.297299679514152,1.8284546080447008,1.558503233598035,1.6036127251058179,2.166788789256108,2.3098704305949957,1.0230123935834787,1.121999446119492,3.2001733239167174,1.6237189096179747,1.5919554420377269
0.03167649534858774,0.14460169180915367,0.0705618963122534,0.0035270872132299414,-0.1724900363314782,0.09617894332009433,0.20640613629218776,-0.3383070246797082,0.19813533306209563,0.02048961116113908,-0.11383596056669347,0.11486810550575488,0.2274035179862629,-0.09753349895175949,-0.32070140784338236,0.1612206099525093,0.2036264844117176,-0.42160501420775937,-0.014238636830728403,1.56670365234092e-05,1.022202741635304,2.1951872837610877,1.5944423974594064,2.43210560910351,1.3373101691791092,1.2599935794836574,2.2234478966547857,2.1168647063272337,1.5428898209230781,2.1839324669729407,1.8191987023873275,1.596461817089512,1.63280557365421,2.168781143576824,2.3830632799191185,0.996299302600242,1.023877113904579,2.9655464541080465,1.707741035328691,1.5731427464471497
0.04761046408390432,0.17672331516695494,0.10823939204839053,-0.01115347663154858,-0.2095104108887976,0.11970410624854583,0.1921638082208008,-0.3847590070765607,0.2399285561659946,0.008294184179886564,-0.13489214048889075,0.10611319715045017,0.21395693887859163,-0.1047428886012323,-0.2959483136004141,0.1678256558204054,0.21973489989450334,-0.39383308874265593,-0.04656502464280986,-0.0188901671855177,1.0547700410243592,2.2829644719494464,1.5296615039021533,2.394283235285227,1.3069628936726556,1.226284928038623,2.1172613497164545,2.347474730082392,1.7331252988632577,2.2225960025044964,1.812811988256704,1.5571638242978179,1.745313314807762,2.224577620002437,2.185617736872014,0.9438053993619558,1.0136979623161748,2.955406088215739,1.6673727773509468,1.6578536140648463
0.06077353346979384,0.1698752824517014,0.10895094086592064,-0.010330958090982787,-0.233590993789121,0.11999348525552618,0.24721300517603176,-0.3339361873851452,0.17716260119974903,0.01679718116884179,-0.14277736036043934,0.14875363954567464,0.18692231045677304,-0.16375034227894208,-0.2716758106459443,0.21234675523444158,0.2704480161895271,-0.480174233278036,-0.06606087693450093,-0.01693998825086884,1.011510605840572,2.267226987451067,1.531022817915081,2.3830585794846266,1.3997390153617122,1.2649712807560811,2.020778855578755,2.199862373031934,1.7780249846515097,2.1801476652605984,1.9652597241029892,1.500784632397869,1.709134120796438,1.9517015334277608,2.069450857339423,0.9242364357706448,1.0420841748513896,2.58498188021784,1.5561848108058878,1.560735822119342
0.1232927600363704,0.2643396155389905,0.10768744310625858,0.06870358394556234,-0.31231648523682537,0.12485595342993737,0.3039149033950627,-0.2783924697033382,0.11633489995651748,0.0015887099935842429,-0.09137374434345813,0.1961359935050083,0.05135058222107323,-0.2044895986697816,-0.19128964485841324,0.23628824757805214,0.23523756721413666,-0.6791906027627784,-0.10802463371480303,0.03534691936884413,1.0059114425688245,2.2645479823505767,1.456723606843144,2.524805619424876,1.4380841088707326,1.2057042544679395,2.063812753437908,2.075066993947143,1.4520103399131856,2.1076953375452687,1.7982911329818814,1.5979696758108954,1.4661593047915678,2.105704559861035,2.3400457805951107,1.0575439915915936,1.1268945824194398,2.060091891112084,1.7215685208590992,1.4478660554966556
0.032940950318173214,0.1894645961768768,0.03947856785544065,-0.017843720943257986,-0.2451805284987271,0.1091394639123529,0.23310478974980006,-0.3871445158105429,0.22144719632486035,0.05382336597699012,-0.09942178014022607,0.1541362517363047,0.1968538300122961,-0.08534981862877139,-0.35225926178552225,0.17086370249124685,0.25229872164758727,-0.4757321802291565,-0.0070224914998877645,0.016402861334162966,1.228243190826051,2.5252530617194204,1.5010962423278433,2.41896853831631,1.3416415662970442,1.41230075689611,2.2125558517928123,2.1534215899993367,1.6588332091290012,2.4491451657740053,1.924921087463075,1.6062976702282383,1.614172742202889,2.3581030564460126,2.0387117748772274,1.021590220057884,1.07011953398288,2.36706610067239,1.8279417263440771,1.634704927718774
0.15953343145542112,0.143851416510636,0.1328756245343153,-0.07325817769506776,-0.2123726180865957,0.06065452243785911,0.15805335906065276,-0.27035607394118766,0.16348304182743512,-0.0316317715978926,-0.18111310872821626,0.14322583693241142,0.1506826917249242,-0.15389126707976036,-0.1679557897182787,0.32835428472384115,0.28499649664492205,-0.5016811763546967,-0.11579678152213975,-0.01765394112858204,1.1245095616149579,2.014667509496639,1.3823651095252327,2.2680818718785694,1.6551602737844149,1.1195100879656446,1.8714329213943095,2.123535730923112,1.6404896870989072,2.1548096906017156,1.7355057650338854,1.4762463018568244,1.6571807409495998,2.2539483704388785,2.343290962392565,0.9503658317902456,0.9973638152708294,2.883894914237234,1.468271600919065,1.5875788499067247
0.04016956333133655,0.17336300550473852,0.10901468967390335,-0.03369497727600969,-0.16792905419230003,0.08914267113051132,0.22176096830734435,-0.374846873984662,0.1911473228328953,-0.004557464397071749,-0.1297667317361248,0.0938816147893937,0.2071050189104861,-0.09137829947763906,-0.29147350288860363,0.1542919837979509,0.23281754545768865,-0.40928707817803295,-0.019299645976433258,0.0095392443706286,1.0860637035459486,2.14652733296164,1.5293323077514782,2.506609898624889,1.4558155337753205,1.2189284904787947,2.0731023805110036,2.350869752228756,1.8729543069514751,2.3364628517911727,1.892423911981344,1.569085313768167,1.7488565648848466,2.1184000967158876,2.1509393476568595,0.9926163845321904,1.0134023194217827,3.102869395243779,1.6497386773601428,1.5419910890350375
0.10453814974936065,0.1916083716424022,0.10316718205230935,-0.05107831397216712,-0.2012752358616043,0.0745729837165413,0.18781377623976814,-0.3595371272878262,0.17648820682519006,0.021647185313672077,-0.07999489941225461,0.13719454936164735,0.20237096040203784,-0.1445317287433987,-0.29430478816715683,0.2022835105164889,0.2862280357071216,-0.5043548047676425,-0.05466405898592032,0.001828045671431246,0.9950335599333768,2.291728313764065,1.6024857496156435,2.5395099650960606,1.2775316575033333,1.2222080970326061,1.98277260395828,2.051678077403928,1.6340763692721865,2.231493050264067,1.8802389049416837,1.4369000884142955,1.5841858711924255,2.1160882053810863,2.40350141509563,1.0060613871352295,1.0532771223777329,2.6385406845842554,1.8320856997930648,1.5316578267860004
0.07620138488238684,0.19147227287159654,0.10815609582592278,-0.039839433629213175,-0.26039428573487855,0.0760725061605809,0.19001029078296688,-0.3553062666622159,0.1657193515285851,0.050215946070009274,-0.09107153504637432,0.13555854230450207,0.21846700833300103,-0.13849294621616806,-0.26949500301030943,0.17859411433797062,0.2598051759299068,-0.4612422226749057,-0.05113010028717436,0.016699104233811313,0.9941213660695934,2.330875568637069,1.584623338337453,2.5959184358607374,1.2767659921661698,1.2344132337004177,1.9793995470400936,2.1879764364166006,1.586519208271854,2.205214941426019,1.8250097690673153,1.4745779455449497,1.616551720243443,2.1401802417480518,2.3668859013513615,0.9639962374674425,1.0736720137764066,2.8668273071930566,1.7979465292517176,1.586211036906898
0.10171672851352274,0.17297200545437771,0.08330447116925337,-0.0379071123137675,-0.2381858440471038,0.08637824091717684,0.19124540837073087,-0.35387145331040626,0.17184455783229932,0.032750651516404834,-0.06991992777267315,0.15739308052019874,0.1960927322136749,-0.13482544710517416,-0.23522293227914046,0.18656738255201327,0.27032014854865727,-0.5084699672424936,-0.07330361009815457,0.0011208865606041954,1.0696743232394457,2.32060721535092,1.5749962414940368,2.516441485940045,1.3443633866520162,1.1752637406181763,2.0381917824378735,2.0522570024537057,1.6496783067648506,2.2592989432894286,1.8430473610141505,1.4670717429569198,1.6782357797397645,2.0896315983507647,2.1488035777764685,1.0458853815943683,1.0460555727419598,2.5475802598263986,1.6977465293202687,1.5898042422617178
0.08136762812604871,0.18485313346016527,0.10121147586080657,-0.055698245418760485,-0.232953696356834,0.07970683208854261,0.1800538649197893,-0.33329334378764686,0.17093062209611293,0.029814423635645345,-0.07213637471305184,0.14880483744824283,0.2065237219965476,-0.13841813006464593,-0.26887688883635424,0.21663733805285568,0.2817045635654469,-0.515716981562325,-0.05788513711088484,-0.006629643399700325,1.03282882973684,2.324327759332595,1.6243908529709565,2.529957617363324,1.305446309031464,1.1985871683545681,2.0043949185818755,1.9640766362736048,1.5809722662445145,2.2937087524208484,1.7828931738472469,1.4999974968969711,1.6538366936963622,2.182982234898109,2.31741530390475,1.0308325826666411,1.0647254925905827,2.660856883197665,1.7479989836455307,1.5415252883359498
0.08111292673528883,0.1718312291916696,0.08055926952193278,-0.04416606091267091,-0.2146746403335047,0.08708107609017691,0.1697635462427272,-0.34892367475310476,0.2087540499137,0.029520565971577213,-0.10672721218102382,0.13709351350930735,0.22910178807122644,-0.15062883993879295,-0.2751015041189067,0.19722698062946117,0.27977561364994014,-0.4689258756654889,-0.058535042684412925,-0.00413770893910159,0.989698389515136,2.2492193875627313,1.6210732190523438,2.5507783581967867,1.377545290803243,1.1612091969025593,1.9783506352600453,1.9658487059070435,1.659605453053078,2.2956279948393656,1.8329129588568571,1.4555704011101658,1.5970774959583354,2.107363877634222,2.2474372936917835,0.994180967308601,1.0046665510153108,2.691114117936664,1.7380973810797609,1.466062686311421
0.0861382513362835,0.1800061302509018,0.10060230213696447,-0.051998560437486435,-0.23079780638885505,0.07915589990168505,0.1734437986642634,-0.33967877434748484,0.19312548981714447,0.029232785142417606,-0.08920545001560626,0.1384240883467352,0.21643648411769498,-0.139849585305771,-0.2696935230736163,0.21324290184135009,0.28772709369289684,-0.4982219110262348,-0.07481231475623686,-0.003277299897045996,1.0415743096748094,2.244071206063716,1.5976464222487121,2.5138805079430275,1.4139807312110535,1.2025738295548638,1.9661568536826988,1.970053127794084,1.597473339251126,2.272825298169861,1.806237279338808,1.4744232785905822,1.5813853266553775,2.123430959461125,2.4144317286856145,1.0575677855352468,1.0425397221312254,2.5813861675940166,1.7347178889025436,1.4729727701395956
0.06242336107909174,0.17486226157933693,0.08900031722981067,-0.020955697664026943,-0.24166032005050206,0.0759125503647551,0.19378130748889602,-0.3430616704257626,0.160816633044196,0.056162948209341215,-0.09431687458540547,0.1517036841085134,0.2379466176072912,-0.11268945877304574,-0.26342431763585955,0.16189673403296712,0.23902792437584736,-0.4709497719745752,-0.04896670484618644,-0.007509523164682422,1.006105127025102,2.2984117498021632,1.6624927424609794,2.596647288852749,1.3092283027915368,1.1962901919278195,2.009249083106394,2.031004883259748,1.6869870264782085,2.244796353041504,1.829409354516286,1.5005597410329725,1.663471089281323,2.1121404025369346,2.18558151435574,0.964205945735603,1.0789696135504723,2.741541918329499,1.7950247370935342,1.560335582720186
0.07935888253120596,0.16731343615893432,0.09870831717989617,-0.03961398043470301,-0.19801959055218854,0.0912851055758667,0.19795321060722598,-0.3757586861076477,0.1694908800797872,0.012475313935068727,-0.10209085572173779,0.1391964264728776,0.2258499457347413,-0.1345652464239772,-0.2460113494597413,0.1838610930283047,0.2661760075102581,-0.482427114869691,-0.04786946625906004,-0.005312328985419593,1.066413182043635,2.2362842901146056,1.63300004861194,2.5233316590905166,1.369921103949142,1.1885205149245903,2.017768781527195,2.002843481676521,1.6435557403657803,2.325895069752688,1.813607308495816,1.4970057734206703,1.610220861634325,2.070780886294833,2.3304464628904484,0.9746128277289076,0.9721350830184536,2.8903435708602636,1.7079615016442384,1.579735165567591
0.08126722087664472,0.20260149150865944,0.09661952384621852,-0.03856455114023306,-0.23089630397339195,0.09869615125494964,0.20020667733801223,-0.34685277678490894,0.16879302547170116,0.02646552251339709,-0.09599756654647155,0.13177338631152968,0.21095514036923693,-0.1381161173266157,-0.246219157425048,0.19636731334843247,0.266895199526733,-0.5284583259469856,-0.0698852303551402,0.01434937713328019,0.9947773647971386,2.186529475341317,1.6098431648262181,2.563684394712009,1.3515001892382683,1.2170218778489128,2.0082596654281777,1.915407324218196,1.5907573061562843,2.3498642345294645,1.8590351327430297,1.5502067900318557,1.68931233168226,2.155925623381767,2.3171925021170656,0.9932176377646554,1.0201137658917299,2.6586498002479604,1.60117474514929,1.5491470847153217
0.09189617380516632,0.19382582389111302,0.10239587640163343,-0.050633122747204044,-0.2198208968811479,0.07713029000775004,0.1765938639601768,-0.33256935524683956,0.1790726199252729,0.03345498413820385,-0.07815880587785747,0.1470926963744931,0.19192779929143036,-0.15003267451146926,-0.25290124752988835,0.2052457569216722,0.28190743380553634,-0.5423634251669613,-0.051524912904008034,-0.0025388776570721837,1.0429426282173389,2.3007700554893638,1.6691675114361109,2.5457070788960965,1.2810876203055344,1.2309093197986547,1.924338618703812,1.92941545116958,1.5992501602196125,2.299288368373967,1.8141624935017928,1.4609911068787047,1.6636042686070822,2.195673724565012,2.3347472162001335,1.0592824309948723,0.990094964581709,2.6414482424591155,1.7235799220439076,1.5488343521212953
0.06422507832826814,0.17441959310673977,0.09407858409907979,-0.064092268510831,-0.18476314029143168,0.10011009060216823,0.1932092456509304,-0.3683502261756858,0.20150321074782515,0.0036621937796854883,-0.1229348184165822,0.14251360266077706,0.2269997689087237,-0.16656563695590354,-0.2504353028987428,0.2080838244537912,0.2623500848436629,-0.4606881938387665,-0.05154954575921444,-0.0017761443344940827,1.0604776603107564,2.220234859895782,1.6548413531196569,2.5246749957695966,1.2986789468802151,1.1847755267629247,2.006035604951673,2.0152544764102385,1.6314856843752017,2.2285644902385284,1.8473164548803904,1.4402363464248216,1.612341821399347,2.1171468299062064,2.2258636961233367,0.9664784975901712,0.9690663343094632,2.728479634900028,1.6812900819756342,1.5552119476964605
0.06853581902014802,0.196576407477268,0.09696086959819328,-0.045545803442562954,-0.21153280482321318,0.09460227585898842,0.1871273313347083,-0.3584029830349239,0.18335598142737214,0.021238843768582705,-0.09322776568737408,0.1313602303417041,0.2007830134780024,-0.1292316554363665,-0.2763701029759352,0.19565853028745728,0.26991282217123924,-0.4779735905425478,-0.05589703788122797,0.0020696190604874297,1.05651103336703,2.165288842391124,1.598011496086506,2.634078853395443,1.3054106328063606,1.2087447688352635,2.020468420417574,2.056651442221051,1.6837847740727414,2.2509719003024102,1.862901586852796,1.4289094345156734,1.546457205739339,2.071745311322789,2.314903744487066,0.9501604607826803,1.0505538532934398,2.649532620292337,1.7100186479564774,1.4907530447566617
0.0663993973749242,0.16835196172461672,0.08222266769407231,-0.04884325648027514,-0.1836897746804776,0.10939595444111919,0.19073080087043334,-0.3694062271848321,0.19334495778850241,0.0064850583670222,-0.129111974984304,0.13371321133879063,0.2228842188338809,-0.13190691266534169,-0.2497236784605276,0.1952446456111651,0.25263079398453925,-0.43963799898885436,-0.05063107593760584,-0.01845276864684775,1.071946751696532,2.2889302534588967,1.5849061660634578,2.5153881288395614,1.4348642041591664,1.1483353162766283,2.0880533189260944,1.9894076726249743,1.6115029910257932,2.174077507101672,1.8043575987275635,1.4481968419857199,1.6510774450016519,2.0510869943205745,2.277787047587315,0.9983663611114652,0.976906822224927,2.7519823715292975,1.755814135607274,1.536776205867754
0.05309744132156528,0.1736775446811586,0.08396069890663958,-0.036783784994143455,-0.23384023978650326,0.09885111757251445,0.20439160247557486,-0.37633521077180404,0.17504705471690524,0.03531643064012361,-0.11033570740994708,0.13845570422824652,0.2479842610425965,-0.11256838977190665,-0.2606736627875952,0.1767875202019578,0.24177707542989416,-0.43108313048058317,-0.050841423346105766,-0.016884901868587515,1.0274474977148529,2.1477591453392892,1.484321970900773,2.48697791544473,1.4484845312239203,1.1769434200146174,2.0658060281846935,2.0984130198936115,1.675636037226243,2.224874773953512,1.8230244758167695,1.4537801874783651,1.597447525759165,2.1134393832366847,2.1979208959812286,0.9516067825983948,1.00405539967666,2.8697860598510214,1.796105150384167,1.6136518376109112
0.08691842523267236,0.17403477064589273,0.09580545904135716,-0.03923324956414608,-0.2387213253292851,0.08904203332102836,0.18951085191131642,-0.3560632170505693,0.1672502072539623,0.030426391022348925,-0.08690435064614302,0.13920927283865087,0.21886111708039357,-0.1320008141548966,-0.25468194195883476,0.19686723197923345,0.2847709824589256,-0.5081283811156461,-0.0679024136450165,0.010938950678756018,1.049691610462452,2.2585256218313914,1.5541406701905955,2.5059714221314726,1.2809505739263816,1.2060246272633346,2.064898009082052,2.061725813467042,1.7034428158067008,2.3319205666492486,1.8092067388263,1.4898114673670857,1.69412351324211,2.0947138233399727,2.3319427613282633,1.0386614422880351,1.0436352073920447,2.591772820710269,1.7070089700515612,1.514540584694808
0.05133451162008847,0.18792489267093243,0.10181532565547315,-0.049930139368209885,-0.16818190391170232,0.08097213621020324,0.1858233133389401,-0.3592745443582459,0.18634581569363204,0.018233620824677374,-0.1253728493204454,0.1328608491199988,0.22673892383310976,-0.1387104009639936,-0.24147799785884114,0.20797927029582927,0.2592490806119149,-0.4498285886793548,-0.06513185487304078,-0.04136946054096472,1.0730787219738835,2.15522745866412,1.5978661211078604,2.4834906898552758,1.2949567086071165,1.1516410023722956,1.9403534747612048,1.9058104313069264,1.6783742842327412,2.2926221365384434,1.8508397584735303,1.461202215478315,1.6092067880711796,2.053914940626828,2.2325301647259685,1.033551182408331,1.0233778544039238,2.6882516116173307,1.8208172664121236,1.5903421480355309
0.06568490113940219,0.20102611271307713,0.10534534928525613,-0.05698893994269275,-0.20701508695985696,0.07802223024519538,0.18187476110823006,-0.3619224272739502,0.199075130933884,0.017735844589325627,-0.09055023180684185,0.13238845212367176,0.21738493398831601,-0.13302462702643567,-0.26824197644888326,0.19916432595461406,0.2617549500974603,-0.4696506305625496,-0.0643188198424908,-0.007744252314730977,1.1147249881127883,2.1577969529557444,1.5621493994701794,2.5496535909973046,1.3592839233368632,1.270360545369858,2.0198459057067835,2.0134555889363894,1.6641128475222804,2.2517332941312844,1.8508883020292597,1.4536198986710251,1.531734616535753,2.030989233598856,2.348370174386167,0.9900356166453896,1.0312531116512291,2.585851688475613,1.7933183042818137,1.4653175097473008
0.10371552817433022,0.16748436866520774,0.09221015428569329,-0.05012078003404537,-0.20802387844013837,0.08203750261561696,0.18327571002254617,-0.35413059326673124,0.16153289690793887,0.0267041557551983,-0.08047690786936484,0.1404195027375567,0.18727981533938556,-0.135967694939767,-0.2362385001583789,0.20484260595064677,0.28247596947255604,-0.5148214425652842,-0.07108067192633652,0.018882259273369856,0.9918084473347956,2.353891348796422,1.706277124205686,2.6353131369032794,1.3806207086642206,1.196393428286177,1.9573525958654443,2.1412811117324484,1.6878176633272104,2.243499896754701,1.7769518310446375,1.4539076369676105,1.6611189091857024,2.1272948885409937,2.2243031736592846,1.0328455175748767,1.0108670898389536,2.5963253520018585,1.817496019267016,1.4952179823057556
0.043319068750542845,0.1529218416649338,0.10313151867056382,-0.04149801277885568,-0.2188099110032921,0.09948461842318344,0.2247133272138426,-0.3315851089478422,0.19347938903958226,0.020315423706165008,-0.1020201850238035,0.13812728213045858,0.20014633510841406,-0.1156669865416294,-0.28960320073242657,0.18341186704561177,0.2253814928252261,-0.4328881682893784,-0.02769845065804464,-0.024662140603251528,1.1150136456930557,2.184672971528568,1.524289456121906,2.7033045610345017,1.3324579704316764,1.3045472285768145,2.1149091559244746,2.2882993054769787,1.7719687503731458,2.275539849188448,1.7949977822445633,1.4317417546504283,1.6426307670647573,2.2141964257518687,2.1445997209609575,1.032088016305628,0.9769350905107986,2.926929036223514,1.7317162425003783,1.6282284390733992
0.032723780685102434,0.18647151404308243,0.09271896738513256,-0.04199469898585616,-0.18833385646129294,0.09681728042801817,0.19871669868971167,-0.36436079928020493,0.21288032118455774,0.02188238870718141,-0.11713709169226008,0.117375042356692,0.2063509845849243,-0.1026909083910739,-0.3083058741270565,0.15552896906329952,0.20465657164191997,-0.375468654998219,0.017986482924015515,-0.04581711775767469,1.0272385835014863,2.245008291110345,1.486228745597861,2.5396922079899795,1.2766854223765591,1.1775535125265777,2.1064619779527165,2.017054171078203,1.8263244133199876,2.146577585045432,1.7583204625640547,1.5008621759281773,1.685578929206574,2.179712777565504,2.2761778877888834,1.046727310317141,1.0110972948071741,3.0547488481746563,1.8537691208383105,1.5246083877212122
0.0840476163114076,0.20705279639641888,0.1128590722342278,0.061651697026303125,-0.23080226425094846,0.1658269161997505,0.19445396866292414,-0.2477540605096651,0.25227038260096046,-0.11000505200220739,-0.212217499051012,0.13847283970817284,0.1655337206408634,-0.2618943417271079,-0.1455658755897729,0.24464218964471904,0.225441456881095,-0.4421950669037876,-0.15648424140497702,-0.04533425486736385,0.9033005631678188,2.046842497781425,1.5403813762838257,1.9387617773089971,2.529453341635968,1.1301632134130506,1.706269377771053,1.930737878988164,2.020451081051548,1.7553013427287598,1.9075910725892449,1.1607981176450175,1.4026977377006224,1.7718352830561592,2.3322814799625724,0.837635680953154,0.9371030832560998,4.722319743128879,1.4875566923613066,1.4386960500060102
0.1589172785103962,0.21162719209486447,0.06961228080609147,-0.049122733083670246,-0.2492379466840524,0.10733681900385869,0.2058096581664919,-0.2778669989177395,0.15705401172123234,-0.022612864232561446,-0.12882870305405847,0.17006082224470495,0.16675521295004528,-0.19984940477725752,-0.22589447211056296,0.2659411546757132,0.2506897373465645,-0.5297523812699578,-0.09543077974336683,0.014792116353263385,1.0653651481052222,2.1522050333716782,1.654161727529036,2.219421162927991,1.5040212396369785,1.225292806128588,1.8699195292131825,2.1155389205771207,1.597097589266905,2.1195358257271524,1.9401034775989832,1.5774455472040263,1.6867696990166146,2.1136128971273287,2.3029024373355065,1.0853744297217631,0.9748345334770254,2.603694722972151,1.686971291295618,1.5990428933620588
0.148840147150907,0.20415677883278727,0.07824795251722998,-0.04779084166764176,-0.2463798424044067,0.11406283804281482,0.21154509052394163,-0.2923941312729366,0.16052008500482115,-0.03463972708105888,-0.13093445135953058,0.15326047512639648,0.18823169694036496,-0.1837629613072368,-0.22414297753585796,0.2557815015075863,0.2319579109024211,-0.5046601755062959,-0.08735603666940185,0.005456668255096618,1.052856130207393,2.1011102141530884,1.6164480675530457,2.263991180665833,1.5457978821397806,1.2166193213859937,1.80972149613528,2.107030089014347,1.6153930708421247,2.132399628127803,1.9209780251466648,1.565438702656627,1.5972586748211006,2.0361969961033486,2.337316310266104,1.0974217985959736,0.9711417027637071,2.5105761225615058,1.696616839293989,1.5566283806520047
0.1893976968543625,0.2129953177334039,0.08011389528731155,-0.047861276969037046,-0.2819751326374531,0.10377934302753462,0.20665007665205135,-0.2784541562665471,0.1507006236641829,-0.02159085749385067,-0.09878678909076544,0.1705190000735722,0.15624819565942255,-0.19668999084137131,-0.21501148219311705,0.2701793738979299,0.25410807665434304,-0.5862252472028731,-0.09652169358365352,0.028425026774554087,1.095241473520406,2.235265970691512,1.5876092545998879,2.172950546544904,1.5651627085199997,1.2450054703816231,1.8466998088144768,2.1339384434642774,1.6493584104367707,2.1885798861133137,1.9165263680497968,1.6035973521279183,1.653414894549184,2.14060576569135,2.345222315492441,1.0412747761145424,1.0165812459507102,2.505686810956036,1.6611805000751123,1.597445923172754
0.06684648530386139,0.18317914821300482,0.05072234175753562,0.005817207952625338,-0.2918738208051597,0.10808223292166236,0.2497858230624418,-0.375718400037734,0.21496985809700242,0.05577906049941939,-0.04495280592345705,0.13224253708615072,0.1632542602306779,-0.08645224551901323,-0.3130650664389902,0.1500739505317664,0.20378477937862288,-0.5278605027716727,0.03885460402322114,0.016530552438034533,1.0626150783223196,2.298062115423759,1.6077948428181648,2.542341578521574,1.332449841645467,1.2811006104627023,2.1206122225867654,2.1704777314605312,1.6506306575844671,2.31898543060544,1.8151499656770833,1.6469164781631234,1.739968708275205,2.2639291885714896,2.16294755423313,1.0607642220536062,1.0185264606139623,2.481708989190526,1.8208503818036537,1.595756696217106
0.12553875843567427,0.1739888680024035,0.09180247723808248,-0.004802511976652116,-0.3544703116246473,0.11641798511412592,0.2484186413011845,-0.29170065235723225,0.16396126376864104,0.009186599713697372,-0.09769152435587734,0.17986206829954626,0.1708194820749731,-0.17246543333132994,-0.2608848965831436,0.23851833548599696,0.29013909486169676,-0.5860968240769352,-0.03795007235335903,-0.002591347636845328,1.1883636306905219,2.175890034965937,1.5822292827681947,2.3885909045932894,1.2180871606907415,1.2758288417567678,1.9437134004710488,2.24905974968343,1.4908884502541735,2.1564855189491987,1.8171369435149007,1.5752089017537243,1.6546881491653687,2.2807135241683287,2.2485855033540227,1.0040429024343085,1.0822670886500791,2.693729258969688,1.6184737899547301,1.5470371769313336
