A._hypogaea_l._(AhFatA),0.2166172106824926,0.228486646884273,0.2225519287833828,0.2818991097922849,0.2106824925816024,0.18991097922848665,0.2314540059347181,0.27299703264094954,0.09792284866468842,0.18397626112759646,0.3086053412462908,0.18991097922848665,0.4065281899109792,0.12166172106824925,0.06824925816023739,0.2195845697329377,0.2670623145400593,0.17210682492581605,0.13649851632047474,0.32047477744807124,0.20771513353115728,0.26409495548961426,0.19287833827893172,0.18991097922848665,0.2255192878338279,0.27299703264094954,0.19584569732937684,0.24925816023738875,0.16023738872403562,0.2225519287833828,0.17507418397626112,0.032640949554896145,0.20474777448071216,0.2403560830860534,0.2225519287833828,0.18694362017804156,0.2937685459940653,0.17804154302670624,0.1513353115727003
Arabidopsis_thaliana,0.24087591240875916,0.22141119221411196,0.19951338199513385,0.29683698296836986,0.22871046228710465,0.15815085158150852,0.21654501216545013,0.2554744525547445,0.08759124087591241,0.2043795620437956,0.3041362530413625,0.13138686131386862,0.34793187347931875,0.15085158150851585,0.043795620437956206,0.2311435523114355,0.24330900243309006,0.15815085158150852,0.17761557177615572,0.2798053527980535,0.21897810218978106,0.26034063260340634,0.17518248175182485,0.17761557177615572,0.1897810218978102,0.2457420924574209,0.22141119221411196,0.27007299270072993,0.14841849148418493,0.2043795620437956,0.1873479318734793,0.021897810218978103,0.1873479318734793,0.22871046228710465,0.2360097323600973,0.19951338199513385,0.2749391727493917,0.20681265206812646,0.1873479318734793
Auxenochlorella_protothecoides,0.25878594249201275,0.194888178913738,0.19808306709265172,0.30670926517571884,0.14057507987220447,0.17252396166134185,0.24600638977635786,0.2012779552715655,0.0670926517571885,0.2492012779552716,0.21725239616613415,0.1757188498402556,0.3897763578274761,0.08945686900958466,0.06389776357827476,0.2747603833865815,0.2332268370607029,0.134185303514377,0.15335463258785942,0.2939297124600639,0.1853035143769968,0.2428115015974441,0.2044728434504792,0.1597444089456869,0.17252396166134185,0.22044728434504796,0.268370607028754,0.2428115015974441,0.17252396166134185,0.19169329073482427,0.17891373801916932,0.019169329073482427,0.17252396166134185,0.2747603833865815,0.2492012779552716,0.07028753993610222,0.3035143769968051,0.2012779552715655,0.1501597444089457
Brassica_juncea_(BjFatB1),0.22935779816513766,0.23547400611620795,0.20795107033639146,0.308868501529052,0.23547400611620795,0.1529051987767584,0.23547400611620795,0.24770642201834864,0.0856269113149847,0.16819571865443425,0.3241590214067278,0.13761467889908258,0.3577981651376147,0.14678899082568808,0.06116207951070336,0.22324159021406728,0.25076452599388377,0.16819571865443425,0.14067278287461776,0.3058103975535168,0.19877675840978595,0.23853211009174316,0.1865443425076453,0.1957186544342508,0.1957186544342508,0.26605504587155965,0.19877675840978595,0.24464831804281345,0.1651376146788991,0.21712538226299694,0.1834862385321101,0.024464831804281342,0.21406727828746175,0.2415902140672783,0.24464831804281345,0.1804281345565749,0.28440366972477066,0.19877675840978595,0.1804281345565749
Brassica_juncea_(BjFatB2),0.22935779816513766,0.2415902140672783,0.2018348623853211,0.3058103975535168,0.23547400611620795,0.14984709480122324,0.23853211009174316,0.24770642201834864,0.08256880733944955,0.1743119266055046,0.3241590214067278,0.13761467889908258,0.3577981651376147,0.14678899082568808,0.06116207951070336,0.22018348623853207,0.25076452599388377,0.16819571865443425,0.14984709480122324,0.3058103975535168,0.19877675840978595,0.24464831804281345,0.1804281345565749,0.2018348623853211,0.1896024464831804,0.27217125382263,0.19877675840978595,0.25076452599388377,0.1620795107033639,0.22018348623853207,0.17737003058103976,0.024464831804281342,0.22629969418960244,0.2415902140672783,0.25076452599388377,0.1743119266055046,0.2874617737003058,0.1957186544342508,0.1834862385321101
Brassica_juncea_(BjFatB3),0.22935779816513766,0.2415902140672783,0.2018348623853211,0.3149847094801223,0.23853211009174316,0.14678899082568808,0.23853211009174316,0.25382262996941896,0.0764525993883792,0.1712538226299694,0.327217125382263,0.1345565749235474,0.3577981651376147,0.14678899082568808,0.06116207951070336,0.22324159021406728,0.25382262996941896,0.1651376146788991,0.14678899082568808,0.2966360856269113,0.20795107033639146,0.22935779816513766,0.1896024464831804,0.20489296636085627,0.1926605504587156,0.2691131498470948,0.2018348623853211,0.23547400611620795,0.1712538226299694,0.22324159021406728,0.17737003058103976,0.024464831804281342,0.21406727828746175,0.2324159021406728,0.24770642201834864,0.1834862385321101,0.28440366972477066,0.19877675840978595,0.1865443425076453
Brassica_juncea_(BjFatB4),0.23547400611620795,0.2415902140672783,0.2018348623853211,0.308868501529052,0.23547400611620795,0.1529051987767584,0.2415902140672783,0.24770642201834864,0.0856269113149847,0.16819571865443425,0.3241590214067278,0.13761467889908258,0.3577981651376147,0.14678899082568808,0.06116207951070336,0.22629969418960244,0.25382262996941896,0.1651376146788991,0.14067278287461776,0.3119266055045872,0.1926605504587156,0.23547400611620795,0.1896024464831804,0.19877675840978595,0.1896024464831804,0.27217125382263,0.20489296636085627,0.24464831804281345,0.1712538226299694,0.21712538226299694,0.1834862385321101,0.024464831804281342,0.22018348623853207,0.23853211009174316,0.24770642201834864,0.17737003058103976,0.28440366972477066,0.19877675840978595,0.1926605504587156
Cinnamomum_camphorum,0.24414715719063546,0.2240802675585284,0.2240802675585284,0.24749163879598665,0.24749163879598665,0.16722408026755853,0.2307692307692308,0.2909698996655518,0.0903010033444816,0.1839464882943144,0.32441471571906355,0.14381270903010032,0.3277591973244147,0.16722408026755853,0.06020066889632107,0.21739130434782608,0.2374581939799331,0.19732441471571907,0.15384615384615385,0.3210702341137124,0.17391304347826084,0.2709030100334448,0.19732441471571907,0.15384615384615385,0.2040133779264214,0.2642140468227425,0.21739130434782608,0.2709030100334448,0.15719063545150502,0.1939799331103679,0.16722408026755853,0.020066889632107024,0.2274247491638796,0.274247491638796,0.21739130434782608,0.16387959866220736,0.274247491638796,0.19732441471571907,0.1939799331103679
Cocos_nucifera_(CnFatB1),0.2222222222222222,0.21604938271604934,0.22530864197530864,0.308641975308642,0.2469135802469136,0.15432098765432098,0.2222222222222222,0.2685185185185185,0.07098765432098765,0.21604938271604934,0.3271604938271605,0.1388888888888889,0.3919753086419753,0.1574074074074074,0.06481481481481481,0.19753086419753085,0.22839506172839505,0.17592592592592593,0.15123456790123455,0.3487654320987654,0.2006172839506173,0.2345679012345679,0.17592592592592593,0.17901234567901236,0.20679012345679013,0.25925925925925924,0.17901234567901236,0.24074074074074076,0.14506172839506173,0.20987654320987653,0.16666666666666666,0.018518518518518517,0.20987654320987653,0.2438271604938272,0.2561728395061729,0.16358024691358025,0.25925925925925924,0.2191358024691358,0.17901234567901236
Cocos_nucifera_(CnFatB2),0.2279635258358663,0.21580547112462006,0.22492401215805471,0.2826747720364742,0.2522796352583587,0.16109422492401215,0.23100303951367784,0.2765957446808511,0.08206686930091185,0.20972644376899696,0.3069908814589666,0.1519756838905775,0.3708206686930091,0.1398176291793313,0.06079027355623101,0.2218844984802432,0.2279635258358663,0.182370820668693,0.1580547112462006,0.3221884498480243,0.1884498480243161,0.2462006079027356,0.1762917933130699,0.18541033434650456,0.2066869300911854,0.2522796352583587,0.18541033434650456,0.2674772036474164,0.14893617021276595,0.2127659574468085,0.1762917933130699,0.0243161094224924,0.2127659574468085,0.23100303951367784,0.2674772036474164,0.1641337386018237,0.2613981762917933,0.20364741641337386,0.182370820668693
Cocos_nucifera_(CnFatB3),0.22935779816513766,0.2018348623853211,0.24770642201834864,0.290519877675841,0.19877675840978595,0.14984709480122324,0.2599388379204893,0.22324159021406728,0.08256880733944955,0.1865443425076453,0.29357798165137616,0.1804281345565749,0.3577981651376147,0.14678899082568808,0.048929663608562685,0.22324159021406728,0.25076452599388377,0.1804281345565749,0.12538226299694188,0.3241590214067278,0.1804281345565749,0.24770642201834864,0.21100917431192664,0.1926605504587156,0.21100917431192664,0.2629969418960245,0.19877675840978595,0.22935779816513766,0.1743119266055046,0.22935779816513766,0.1712538226299694,0.027522935779816515,0.1926605504587156,0.2415902140672783,0.24770642201834864,0.16819571865443425,0.2691131498470948,0.2324159021406728,0.1620795107033639
Cuphea_aequipetala_(Ca1FatB1),0.2326869806094183,0.21052631578947367,0.2299168975069252,0.3074792243767313,0.24930747922437674,0.1440443213296399,0.2299168975069252,0.2770083102493075,0.08310249307479224,0.19667590027700832,0.3379501385041551,0.12465373961218836,0.3351800554016621,0.17174515235457066,0.0664819944598338,0.21052631578947367,0.23822714681440446,0.185595567867036,0.17174515235457066,0.31301939058171746,0.19390581717451524,0.2659279778393352,0.2077562326869806,0.1828254847645429,0.21606648199445985,0.2465373961218837,0.20221606648199447,0.26038781163434904,0.16897506925207756,0.221606648199446,0.1745152354570637,0.036011080332409975,0.19667590027700832,0.2299168975069252,0.2548476454293629,0.19667590027700832,0.25761772853185594,0.2299168975069252,0.185595567867036
Cuphea_aequipetala_(Ca1FatB2),0.2344632768361582,0.21186440677966098,0.2259887005649717,0.2627118644067797,0.2485875706214689,0.15254237288135594,0.2175141242937853,0.2937853107344633,0.0847457627118644,0.1864406779661017,0.3248587570621469,0.13559322033898305,0.327683615819209,0.1553672316384181,0.07062146892655367,0.2288135593220339,0.2231638418079096,0.19209039548022602,0.1807909604519774,0.3107344632768362,0.17231638418079095,0.2401129943502825,0.2146892655367232,0.16666666666666666,0.2146892655367232,0.2457627118644068,0.2062146892655367,0.2655367231638418,0.18361581920903955,0.1977401129943503,0.18926553672316385,0.025423728813559324,0.2062146892655367,0.2598870056497175,0.2514124293785311,0.17231638418079095,0.2570621468926554,0.2231638418079096,0.18926553672316385
Cuphea_avigera_(Ca2FatB2),0.27298050139275765,0.2228412256267409,0.20891364902506965,0.2590529247910863,0.24512534818941506,0.15041782729805014,0.19220055710306408,0.2952646239554317,0.07799442896935932,0.1977715877437326,0.3342618384401114,0.1309192200557103,0.3231197771587744,0.1532033426183844,0.06963788300835655,0.24512534818941506,0.25069637883008355,0.16434540389972144,0.1866295264623956,0.31754874651810583,0.15877437325905291,0.2479108635097493,0.2172701949860724,0.17548746518105848,0.19498607242339835,0.27019498607242337,0.2256267409470752,0.27019498607242337,0.17827298050139276,0.21448467966573814,0.20612813370473534,0.016713091922005572,0.2172701949860724,0.2562674094707521,0.2311977715877437,0.19498607242339835,0.2590529247910863,0.20891364902506965,0.23676880222841226
Cuphea_carthagenesis_(CcFatB),0.25555555555555554,0.20555555555555555,0.20277777777777775,0.26944444444444443,0.2222222222222222,0.16666666666666666,0.20555555555555555,0.25833333333333336,0.09166666666666666,0.20277777777777775,0.3,0.1361111111111111,0.3111111111111111,0.14722222222222225,0.08055555555555556,0.25,0.2222222222222222,0.15833333333333333,0.18055555555555555,0.2888888888888889,0.16944444444444445,0.2333333333333333,0.21944444444444444,0.17777777777777778,0.18611111111111112,0.25,0.22777777777777775,0.24722222222222226,0.18333333333333326,0.21388888888888888,0.18055555555555555,0.025,0.20833333333333331,0.2361111111111111,0.25,0.18055555555555555,0.26944444444444443,0.20277777777777775,0.19166666666666668
Cuphea_decandra_(Cd1FatB1),0.24376731301939056,0.21606648199445985,0.19113573407202214,0.26038781163434904,0.2465373961218837,0.1634349030470914,0.2271468144044321,0.2742382271468144,0.09141274238227147,0.1994459833795014,0.29639889196675895,0.12742382271468145,0.31301939058171746,0.1440443213296399,0.06094182825484765,0.2299168975069252,0.22437673130193905,0.16620498614958448,0.20498614958448755,0.2797783933518005,0.1772853185595568,0.2520775623268698,0.17174515235457066,0.18005540166204986,0.1772853185595568,0.2465373961218837,0.21329639889196675,0.2770083102493075,0.14127423822714685,0.21052631578947367,0.1828254847645429,0.0221606648199446,0.20498614958448755,0.2409972299168975,0.24376731301939056,0.1634349030470914,0.2714681440443213,0.1883656509695291,0.1883656509695291
Cuphea_hookeriana(short)_(ChFatB2),0.2599388379204893,0.23547400611620795,0.21406727828746175,0.2813455657492355,0.22935779816513766,0.16819571865443425,0.20795107033639146,0.2782874617737003,0.0948012232415902,0.1865443425076453,0.3363914373088685,0.14984709480122324,0.3516819571865443,0.1529051987767584,0.07339449541284404,0.2324159021406728,0.2629969418960245,0.16819571865443425,0.1559633027522936,0.3180428134556575,0.1865443425076453,0.24464831804281345,0.20489296636085627,0.1834862385321101,0.20489296636085627,0.2813455657492355,0.21406727828746175,0.2599388379204893,0.1712538226299694,0.21712538226299694,0.2018348623853211,0.01834862385321101,0.21406727828746175,0.27217125382263,0.2324159021406728,0.19877675840978595,0.2691131498470948,0.2018348623853211,0.22629969418960244
Cuphea_hookeriana_(ChFatB1),0.2309859154929577,0.2140845070422535,0.19436619718309855,0.2450704225352113,0.2535211267605634,0.17464788732394365,0.2056338028169014,0.28169014084507044,0.10140845070422536,0.18591549295774648,0.30704225352112674,0.1295774647887324,0.3211267605633803,0.14366197183098592,0.0647887323943662,0.22535211267605634,0.2309859154929577,0.16056338028169015,0.1887323943661972,0.28169014084507044,0.18309859154929575,0.247887323943662,0.17746478873239438,0.18591549295774648,0.1887323943661972,0.247887323943662,0.2084507042253521,0.2647887323943662,0.14366197183098592,0.21971830985915491,0.17464788732394365,0.02253521126760564,0.2140845070422535,0.23661971830985915,0.2450704225352113,0.16901408450704225,0.2591549295774648,0.19154929577464788,0.18591549295774648
Cuphea_leptopoda_(Cl1FatB1),0.2569832402234637,0.2122905027932961,0.20391061452513967,0.28212290502793297,0.223463687150838,0.1452513966480447,0.2150837988826816,0.2569832402234637,0.0782122905027933,0.2011173184357542,0.3100558659217877,0.1340782122905028,0.3324022346368715,0.1340782122905028,0.07262569832402235,0.24022346368715086,0.2290502793296089,0.164804469273743,0.18156424581005587,0.2905027932960894,0.17597765363128492,0.25139664804469275,0.19832402234636876,0.1787709497206704,0.1843575418994413,0.25977653631284914,0.2262569832402235,0.2681564245810056,0.15921787709497207,0.21787709497206706,0.1843575418994413,0.027932960893854747,0.21787709497206706,0.26256983240223464,0.23743016759776536,0.1564245810055866,0.2681564245810056,0.19553072625698326,0.2011173184357542
Cuphea_leptopoda_(Cl2FatB2),0.24722222222222226,0.20833333333333331,0.2222222222222222,0.2722222222222222,0.2416666666666667,0.14722222222222225,0.21944444444444444,0.2722222222222222,0.08333333333333333,0.18333333333333326,0.325,0.13333333333333333,0.3277777777777778,0.14722222222222225,0.06944444444444445,0.24444444444444444,0.2222222222222222,0.18611111111111112,0.18333333333333326,0.2861111111111111,0.18888888888888888,0.2611111111111111,0.20277777777777775,0.16111111111111112,0.20833333333333331,0.25,0.21666666666666667,0.29444444444444445,0.1638888888888889,0.2,0.17777777777777778,0.016666666666666666,0.20555555555555555,0.25277777777777777,0.2333333333333333,0.19722222222222224,0.25277777777777777,0.21944444444444444,0.20277777777777775
Cuphea_leptopoda_(Cl3FatB1),0.2395543175487465,0.2172701949860724,0.19498607242339835,0.2618384401114206,0.2562674094707521,0.16434540389972144,0.20891364902506965,0.28690807799442897,0.08913649025069638,0.19498607242339835,0.3008356545961003,0.12813370473537605,0.31754874651810583,0.15598885793871867,0.06406685236768803,0.2200557103064067,0.2256267409470752,0.16991643454038996,0.1894150417827298,0.2841225626740947,0.1894150417827298,0.2479108635097493,0.16991643454038996,0.181058495821727,0.181058495821727,0.2479108635097493,0.20891364902506965,0.27298050139275765,0.1392757660167131,0.2116991643454039,0.17548746518105848,0.02506963788300836,0.20891364902506965,0.2423398328690808,0.25069637883008355,0.17270194986072426,0.2618384401114206,0.19220055710306408,0.19498607242339835
Cuphea_leptopoda_(Cl4FatB1),0.25277777777777777,0.20833333333333331,0.2111111111111111,0.2805555555555556,0.22777777777777775,0.1388888888888889,0.21666666666666667,0.25277777777777777,0.08055555555555556,0.18888888888888888,0.3194444444444444,0.12777777777777774,0.33611111111111114,0.14444444444444446,0.06666666666666668,0.24444444444444444,0.2222222222222222,0.175,0.17777777777777778,0.2805555555555556,0.2,0.25277777777777777,0.20555555555555555,0.1638888888888889,0.19722222222222224,0.25,0.2222222222222222,0.275,0.17222222222222222,0.19722222222222224,0.18055555555555555,0.019444444444444445,0.20277777777777775,0.24722222222222226,0.2388888888888889,0.19722222222222224,0.2611111111111111,0.20555555555555555,0.2
Cuphea_palustris(long)_(CpFatB2),0.2484472049689441,0.2236024844720497,0.2204968944099379,0.3167701863354037,0.2453416149068323,0.15217391304347827,0.2360248447204969,0.27639751552795033,0.09006211180124224,0.19875776397515527,0.3385093167701863,0.13043478260869565,0.35093167701863354,0.16770186335403728,0.08074534161490682,0.2236024844720497,0.2484472049689441,0.17701863354037267,0.16770186335403728,0.3198757763975155,0.19875776397515527,0.2577639751552795,0.2111801242236025,0.17701863354037267,0.20496894409937888,0.2639751552795031,0.21428571428571427,0.2546583850931677,0.17080745341614906,0.21739130434782608,0.18322981366459629,0.034161490683229816,0.2204968944099379,0.2608695652173913,0.2515527950310559,0.19254658385093168,0.27639751552795033,0.21428571428571427,0.1956521739130435
Cuphea_palustris_(CpFatB1),0.2373417721518987,0.22468354430379747,0.21518987341772156,0.27848101265822783,0.24367088607594936,0.16139240506329114,0.22468354430379747,0.2974683544303797,0.08860759493670886,0.18670886075949367,0.3227848101265823,0.14240506329113925,0.3196202531645569,0.17088607594936708,0.0759493670886076,0.2310126582278481,0.2373417721518987,0.1835443037974684,0.17088607594936708,0.3164556962025317,0.17405063291139242,0.2373417721518987,0.21518987341772156,0.18037974683544306,0.20253164556962025,0.2626582278481013,0.2056962025316456,0.2563291139240506,0.1835443037974684,0.2120253164556962,0.19936708860759492,0.02848101265822785,0.21835443037974686,0.2816455696202532,0.2468354430379747,0.17721518987341772,0.26582278481012656,0.2088607594936709,0.1962025316455696
Cuphea_paucipetala_(Cp1FatB1),0.2309859154929577,0.2028169014084507,0.22816901408450704,0.2901408450704225,0.23661971830985915,0.14647887323943662,0.22253521126760564,0.2647887323943662,0.07887323943661972,0.2028169014084507,0.3295774647887324,0.11830985915492954,0.3267605633802817,0.14929577464788732,0.07605633802816901,0.22253521126760564,0.22253521126760564,0.18591549295774648,0.17464788732394365,0.3014084507042253,0.17464788732394365,0.2647887323943662,0.2056338028169014,0.17464788732394365,0.2140845070422535,0.23380281690140844,0.2112676056338028,0.2788732394366197,0.16338028169014085,0.2169014084507042,0.17183098591549295,0.03098591549295775,0.2112676056338028,0.23380281690140844,0.247887323943662,0.17746478873239438,0.2507042253521127,0.22253521126760564,0.18309859154929575
Cuphea_viscosissima_(CvFatB1),0.2507552870090635,0.2084592145015106,0.229607250755287,0.2809667673716012,0.23564954682779454,0.15709969788519634,0.2326283987915408,0.2598187311178248,0.09667673716012083,0.1782477341389728,0.3323262839879154,0.13595166163141995,0.3323262839879154,0.1661631419939577,0.06948640483383686,0.23564954682779454,0.22356495468277945,0.1903323262839879,0.16314199395770393,0.311178247734139,0.18731117824773413,0.2688821752265861,0.2054380664652568,0.1782477341389728,0.21450151057401806,0.2537764350453172,0.2175226586102719,0.29003021148036257,0.1661631419939577,0.2175226586102719,0.1903323262839879,0.015105740181268885,0.22054380664652568,0.2598187311178248,0.22054380664652568,0.2054380664652568,0.2477341389728097,0.22356495468277945,0.21148036253776434
Cuphea_viscosissima_(CvFatB2),0.24390243902439024,0.21341463414634146,0.1859756097560976,0.25914634146341464,0.25609756097560976,0.15853658536585366,0.2073170731707317,0.28353658536585363,0.08841463414634146,0.201219512195122,0.2957317073170732,0.13414634146341464,0.3323170731707317,0.1402439024390244,0.06097560975609756,0.23170731707317074,0.23170731707317074,0.15548780487804878,0.17682926829268292,0.2896341463414634,0.18292682926829268,0.25914634146341464,0.17073170731707318,0.19207317073170727,0.1798780487804878,0.25,0.21341463414634146,0.27439024390243905,0.14329268292682926,0.2195121951219512,0.17073170731707318,0.03048780487804878,0.22560975609756095,0.24390243902439024,0.25914634146341464,0.15853658536585366,0.27439024390243905,0.18902439024390244,0.18292682926829268
Cuphea_viscosissima_(CvFatB3),0.2291021671826625,0.21671826625387,0.2321981424148607,0.30959752321981426,0.2260061919504644,0.15789473684210525,0.2414860681114551,0.25696594427244585,0.08359133126934984,0.18885448916408668,0.3405572755417957,0.12693498452012386,0.3281733746130031,0.15789473684210525,0.08359133126934984,0.21362229102167185,0.23839009287925694,0.18575851393188852,0.16718266253869968,0.3126934984520124,0.17337461300309598,0.2662538699690403,0.20743034055727555,0.18575851393188852,0.21671826625387,0.25077399380804954,0.20123839009287925,0.2755417956656347,0.16718266253869968,0.2260061919504644,0.17956656346749225,0.030959752321981424,0.22291021671826625,0.260061919504644,0.2321981424148607,0.19195046439628485,0.260061919504644,0.21671826625387,0.18575851393188852
Cuphea_viscosisssima_(CvB2MT1,0.24120603015075376,0.20351758793969849,0.19095477386934676,0.26884422110552764,0.2462311557788945,0.1708542713567839,0.1934673366834171,0.2864321608040201,0.09547738693467336,0.23366834170854275,0.2914572864321608,0.12311557788944726,0.3517587939698493,0.13819095477386933,0.05778894472361809,0.2311557788944724,0.22864321608040197,0.15577889447236182,0.18090452261306533,0.2964824120603015,0.1934673366834171,0.23869346733668345,0.1884422110552764,0.17587939698492466,0.18341708542713567,0.2311557788944724,0.2185929648241206,0.2562814070351759,0.1507537688442211,0.2135678391959799,0.18592964824120606,0.02512562814070352,0.18592964824120606,0.2236180904522613,0.2814070351758794,0.15326633165829145,0.26884422110552764,0.2135678391959799,0.17587939698492466
Cuphea_viscosisssima_(CvB2MT10,0.23869346733668345,0.20603015075376885,0.1934673366834171,0.2663316582914573,0.2487437185929648,0.16834170854271358,0.1884422110552764,0.2914572864321608,0.09547738693467336,0.2311557788944724,0.29396984924623115,0.12562814070351758,0.3517587939698493,0.14321608040201006,0.05276381909547738,0.22864321608040197,0.2311557788944724,0.15829145728643215,0.17839195979899494,0.2989949748743719,0.19597989949748745,0.23869346733668345,0.1884422110552764,0.1708542713567839,0.18592964824120606,0.23366834170854275,0.21608040201005024,0.2562814070351759,0.1507537688442211,0.2085427135678392,0.18592964824120606,0.02512562814070352,0.18592964824120606,0.2261306532663317,0.27889447236180903,0.15577889447236182,0.26884422110552764,0.2135678391959799,0.17587939698492466
Cuphea_viscosisssima_(CvB2MT11,0.24120603015075376,0.20351758793969849,0.19095477386934676,0.26884422110552764,0.2462311557788945,0.1658291457286432,0.19597989949748745,0.28391959798994976,0.09296482412060303,0.23366834170854275,0.2914572864321608,0.12311557788944726,0.3467336683417085,0.14321608040201006,0.05276381909547738,0.2311557788944724,0.22864321608040197,0.15577889447236182,0.18592964824120606,0.2964824120603015,0.1934673366834171,0.2437185929648241,0.1884422110552764,0.1708542713567839,0.18341708542713567,0.2311557788944724,0.2185929648241206,0.2613065326633166,0.1507537688442211,0.2085427135678392,0.18592964824120606,0.02512562814070352,0.19095477386934676,0.2261306532663317,0.27889447236180903,0.15577889447236182,0.26884422110552764,0.2135678391959799,0.17587939698492466
Cuphea_viscosisssima_(CvB2MT12,0.24120603015075376,0.20351758793969849,0.19095477386934676,0.26884422110552764,0.2462311557788945,0.1658291457286432,0.19095477386934676,0.2889447236180904,0.09296482412060303,0.23366834170854275,0.2914572864321608,0.12311557788944726,0.3467336683417085,0.14321608040201006,0.05276381909547738,0.2311557788944724,0.22864321608040197,0.15577889447236182,0.18090452261306533,0.2964824120603015,0.1934673366834171,0.23618090452261306,0.19095477386934676,0.16834170854271358,0.18341708542713567,0.2311557788944724,0.2185929648241206,0.2537688442211055,0.15326633165829145,0.20603015075376885,0.18592964824120606,0.02512562814070352,0.18592964824120606,0.2261306532663317,0.27889447236180903,0.15577889447236182,0.26884422110552764,0.2135678391959799,0.17587939698492466
Cuphea_viscosisssima_(CvB2MT13,0.23869346733668345,0.20603015075376885,0.1934673366834171,0.2663316582914573,0.2487437185929648,0.16834170854271358,0.1934673366834171,0.2864321608040201,0.09547738693467336,0.2311557788944724,0.29396984924623115,0.12562814070351758,0.35678391959798994,0.13819095477386933,0.05276381909547738,0.22864321608040197,0.2311557788944724,0.15829145728643215,0.17839195979899494,0.2989949748743719,0.19597989949748745,0.24120603015075376,0.18592964824120606,0.17336683417085427,0.18592964824120606,0.23366834170854275,0.21608040201005024,0.25879396984924624,0.14824120603015076,0.21105527638190955,0.18592964824120606,0.02512562814070352,0.18592964824120606,0.2236180904522613,0.2814070351758794,0.15326633165829145,0.26884422110552764,0.2135678391959799,0.17587939698492466
Cuphea_viscosisssima_(CvB2MT14,0.24120603015075376,0.20351758793969849,0.19095477386934676,0.2663316582914573,0.2487437185929648,0.16331658291457288,0.19597989949748745,0.28391959798994976,0.09296482412060303,0.22864321608040197,0.2914572864321608,0.12311557788944726,0.3417085427135678,0.14321608040201006,0.05276381909547738,0.2311557788944724,0.22864321608040197,0.15577889447236182,0.1884422110552764,0.29396984924623115,0.19095477386934676,0.2437185929648241,0.1884422110552764,0.1708542713567839,0.18341708542713567,0.2311557788944724,0.2185929648241206,0.2613065326633166,0.1507537688442211,0.2085427135678392,0.18592964824120606,0.02512562814070352,0.19095477386934676,0.2261306532663317,0.2738693467336684,0.15577889447236182,0.26884422110552764,0.2085427135678392,0.17587939698492466
Cuphea_viscosisssima_(CvB2MT15,0.23869346733668345,0.20603015075376885,0.1934673366834171,0.2663316582914573,0.2487437185929648,0.16834170854271358,0.1884422110552764,0.2914572864321608,0.09547738693467336,0.2311557788944724,0.29396984924623115,0.12562814070351758,0.3467336683417085,0.14824120603015076,0.05276381909547738,0.22864321608040197,0.2311557788944724,0.15829145728643215,0.17839195979899494,0.2989949748743719,0.19597989949748745,0.23618090452261306,0.19095477386934676,0.16834170854271358,0.18592964824120606,0.23366834170854275,0.21608040201005024,0.2537688442211055,0.15326633165829145,0.20603015075376885,0.18592964824120606,0.02512562814070352,0.18592964824120606,0.22864321608040197,0.2763819095477387,0.15829145728643215,0.26884422110552764,0.2135678391959799,0.17587939698492466
Cuphea_viscosisssima_(CvB2MT16,0.23869346733668345,0.20603015075376885,0.1934673366834171,0.2663316582914573,0.2487437185929648,0.16834170854271358,0.1884422110552764,0.2914572864321608,0.09547738693467336,0.2311557788944724,0.29396984924623115,0.12562814070351758,0.35678391959798994,0.13819095477386933,0.05276381909547738,0.22864321608040197,0.2311557788944724,0.15829145728643215,0.17839195979899494,0.2989949748743719,0.19597989949748745,0.23869346733668345,0.1884422110552764,0.1708542713567839,0.18592964824120606,0.23366834170854275,0.21608040201005024,0.2562814070351759,0.1507537688442211,0.2085427135678392,0.18592964824120606,0.02512562814070352,0.18592964824120606,0.2236180904522613,0.2814070351758794,0.15326633165829145,0.26884422110552764,0.2135678391959799,0.17587939698492466
Cuphea_viscosisssima_(CvB2MT17),0.24120603015075376,0.20351758793969849,0.19095477386934676,0.2663316582914573,0.2487437185929648,0.16331658291457288,0.19597989949748745,0.28391959798994976,0.09296482412060303,0.22864321608040197,0.2914572864321608,0.12311557788944726,0.3417085427135678,0.14321608040201006,0.05276381909547738,0.2311557788944724,0.22864321608040197,0.15577889447236182,0.1884422110552764,0.29396984924623115,0.19095477386934676,0.2437185929648241,0.1884422110552764,0.17587939698492466,0.18341708542713567,0.2311557788944724,0.2185929648241206,0.2613065326633166,0.1507537688442211,0.2135678391959799,0.18592964824120606,0.02512562814070352,0.19095477386934676,0.2261306532663317,0.2738693467336684,0.15577889447236182,0.26884422110552764,0.2085427135678392,0.17587939698492466
Cuphea_viscosisssima_(CvB2MT18,0.23869346733668345,0.20603015075376885,0.1934673366834171,0.2663316582914573,0.2487437185929648,0.16834170854271358,0.1884422110552764,0.2914572864321608,0.09547738693467336,0.2311557788944724,0.29396984924623115,0.12562814070351758,0.3517587939698493,0.14321608040201006,0.05276381909547738,0.22864321608040197,0.2311557788944724,0.15829145728643215,0.17839195979899494,0.2989949748743719,0.19597989949748745,0.23618090452261306,0.19095477386934676,0.16834170854271358,0.18592964824120606,0.23366834170854275,0.21608040201005024,0.2537688442211055,0.15326633165829145,0.20603015075376885,0.18592964824120606,0.02512562814070352,0.18592964824120606,0.2261306532663317,0.27889447236180903,0.15577889447236182,0.26884422110552764,0.2135678391959799,0.17587939698492466
Cuphea_viscosisssima_(CvB2MT19,0.23869346733668345,0.20603015075376885,0.1934673366834171,0.2638190954773869,0.25125628140703515,0.1658291457286432,0.18341708542713567,0.2914572864321608,0.09547738693467336,0.22864321608040197,0.2964824120603015,0.12311557788944726,0.3492462311557789,0.1457286432160804,0.05025125628140704,0.22864321608040197,0.2311557788944724,0.15829145728643215,0.17839195979899494,0.2989949748743719,0.19597989949748745,0.2437185929648241,0.18341708542713567,0.1708542713567839,0.18592964824120606,0.23366834170854275,0.21608040201005024,0.2613065326633166,0.1457286432160804,0.2085427135678392,0.18090452261306533,0.02512562814070352,0.18592964824120606,0.2236180904522613,0.2814070351758794,0.15829145728643215,0.2663316582914573,0.21608040201005024,0.17839195979899494
Cuphea_viscosisssima_(CvB2MT2,0.24120603015075376,0.20351758793969849,0.19095477386934676,0.26884422110552764,0.2462311557788945,0.1658291457286432,0.19095477386934676,0.2889447236180904,0.09296482412060303,0.23366834170854275,0.2914572864321608,0.12311557788944726,0.3517587939698493,0.13819095477386933,0.05276381909547738,0.2311557788944724,0.22864321608040197,0.15577889447236182,0.18090452261306533,0.2964824120603015,0.1934673366834171,0.23869346733668345,0.1884422110552764,0.1708542713567839,0.18341708542713567,0.2311557788944724,0.2185929648241206,0.2562814070351759,0.1507537688442211,0.2085427135678392,0.18592964824120606,0.02512562814070352,0.18592964824120606,0.2236180904522613,0.2814070351758794,0.15326633165829145,0.26884422110552764,0.2135678391959799,0.17587939698492466
Cuphea_viscosisssima_(CvB2MT20,0.24120603015075376,0.20351758793969849,0.19597989949748745,0.2663316582914573,0.2487437185929648,0.16834170854271358,0.1884422110552764,0.2914572864321608,0.09547738693467336,0.2311557788944724,0.29396984924623115,0.12562814070351758,0.3517587939698493,0.14321608040201006,0.05276381909547738,0.2311557788944724,0.22864321608040197,0.16080402010050251,0.17839195979899494,0.2989949748743719,0.19597989949748745,0.23869346733668345,0.1884422110552764,0.1708542713567839,0.1884422110552764,0.2311557788944724,0.2185929648241206,0.2562814070351759,0.1507537688442211,0.2085427135678392,0.18341708542713567,0.02261306532663317,0.1884422110552764,0.2261306532663317,0.27889447236180903,0.15577889447236182,0.26884422110552764,0.2185929648241206,0.17587939698492466
Cuphea_viscosisssima_(CvB2MT21,0.23869346733668345,0.20603015075376885,0.1934673366834171,0.2638190954773869,0.25125628140703515,0.1658291457286432,0.1934673366834171,0.2864321608040201,0.09547738693467336,0.2261306532663317,0.29396984924623115,0.12562814070351758,0.3417085427135678,0.14824120603015076,0.05276381909547738,0.22864321608040197,0.2311557788944724,0.15829145728643215,0.18592964824120606,0.2964824120603015,0.1934673366834171,0.2437185929648241,0.1884422110552764,0.1708542713567839,0.18592964824120606,0.23366834170854275,0.21608040201005024,0.2613065326633166,0.1507537688442211,0.2085427135678392,0.18592964824120606,0.02512562814070352,0.19095477386934676,0.22864321608040197,0.271356783919598,0.15829145728643215,0.26884422110552764,0.2085427135678392,0.17587939698492466
Cuphea_viscosisssima_(CvB2MT22,0.24120603015075376,0.20351758793969849,0.19095477386934676,0.2663316582914573,0.2487437185929648,0.16331658291457288,0.19095477386934676,0.2889447236180904,0.09296482412060303,0.22864321608040197,0.2914572864321608,0.12311557788944726,0.3417085427135678,0.14321608040201006,0.05276381909547738,0.2311557788944724,0.22864321608040197,0.15577889447236182,0.1884422110552764,0.29396984924623115,0.19095477386934676,0.24120603015075376,0.19095477386934676,0.16834170854271358,0.18341708542713567,0.2311557788944724,0.2185929648241206,0.25879396984924624,0.15326633165829145,0.20603015075376885,0.18592964824120606,0.02512562814070352,0.19095477386934676,0.2261306532663317,0.2738693467336684,0.15577889447236182,0.26884422110552764,0.2085427135678392,0.17587939698492466
Cuphea_viscosisssima_(CvB2MT23,0.24120603015075376,0.20351758793969849,0.19095477386934676,0.2663316582914573,0.2487437185929648,0.16331658291457288,0.19597989949748745,0.28391959798994976,0.09296482412060303,0.22864321608040197,0.2914572864321608,0.12311557788944726,0.33668341708542715,0.14824120603015076,0.05276381909547738,0.2311557788944724,0.22864321608040197,0.15577889447236182,0.1884422110552764,0.29396984924623115,0.19095477386934676,0.24120603015075376,0.19095477386934676,0.16834170854271358,0.18341708542713567,0.2311557788944724,0.2185929648241206,0.25879396984924624,0.15326633165829145,0.20603015075376885,0.18592964824120606,0.02512562814070352,0.19095477386934676,0.22864321608040197,0.271356783919598,0.15829145728643215,0.26884422110552764,0.2085427135678392,0.17587939698492466
Cuphea_viscosisssima_(CvB2MT24,0.24120603015075376,0.20351758793969849,0.19095477386934676,0.2663316582914573,0.2487437185929648,0.16331658291457288,0.19597989949748745,0.28391959798994976,0.09296482412060303,0.22864321608040197,0.2914572864321608,0.12311557788944726,0.3467336683417085,0.13819095477386933,0.05276381909547738,0.2311557788944724,0.22864321608040197,0.15577889447236182,0.1884422110552764,0.29396984924623115,0.19095477386934676,0.2437185929648241,0.1884422110552764,0.1708542713567839,0.18341708542713567,0.2311557788944724,0.2185929648241206,0.2613065326633166,0.1507537688442211,0.2085427135678392,0.18592964824120606,0.02512562814070352,0.19095477386934676,0.2236180904522613,0.2763819095477387,0.15326633165829145,0.26884422110552764,0.2085427135678392,0.17587939698492466
Cuphea_viscosisssima_(CvB2MT25),0.23869346733668345,0.20603015075376885,0.1934673366834171,0.2663316582914573,0.2487437185929648,0.16834170854271358,0.1884422110552764,0.2914572864321608,0.09547738693467336,0.2311557788944724,0.29396984924623115,0.12562814070351758,0.3517587939698493,0.14321608040201006,0.05276381909547738,0.22864321608040197,0.2311557788944724,0.15829145728643215,0.17839195979899494,0.2989949748743719,0.19597989949748745,0.23618090452261306,0.19095477386934676,0.17336683417085427,0.18592964824120606,0.23366834170854275,0.21608040201005024,0.2537688442211055,0.15326633165829145,0.21105527638190955,0.18592964824120606,0.02512562814070352,0.18592964824120606,0.2261306532663317,0.27889447236180903,0.15577889447236182,0.26884422110552764,0.2135678391959799,0.17587939698492466
Cuphea_viscosisssima_(CvB2MT26,0.23869346733668345,0.20603015075376885,0.1934673366834171,0.2663316582914573,0.2487437185929648,0.17336683417085427,0.18592964824120606,0.29396984924623115,0.09798994974874373,0.2311557788944724,0.29396984924623115,0.12562814070351758,0.3517587939698493,0.14321608040201006,0.05778894472361809,0.22864321608040197,0.2311557788944724,0.15829145728643215,0.17839195979899494,0.2989949748743719,0.19597989949748745,0.23366834170854275,0.1934673366834171,0.1708542713567839,0.18592964824120606,0.23366834170854275,0.21608040201005024,0.25125628140703515,0.15577889447236182,0.2085427135678392,0.18592964824120606,0.02512562814070352,0.18592964824120606,0.2261306532663317,0.27889447236180903,0.15577889447236182,0.26884422110552764,0.2135678391959799,0.17587939698492466
Cuphea_viscosisssima_(CvB2MT27,0.23869346733668345,0.20603015075376885,0.1934673366834171,0.2638190954773869,0.25125628140703515,0.1658291457286432,0.1884422110552764,0.2914572864321608,0.09547738693467336,0.2261306532663317,0.29396984924623115,0.12562814070351758,0.3417085427135678,0.14824120603015076,0.05276381909547738,0.22864321608040197,0.2311557788944724,0.15829145728643215,0.18592964824120606,0.2964824120603015,0.1934673366834171,0.24120603015075376,0.19095477386934676,0.16834170854271358,0.18592964824120606,0.23366834170854275,0.21608040201005024,0.25879396984924624,0.15326633165829145,0.20603015075376885,0.18592964824120606,0.02512562814070352,0.19095477386934676,0.22864321608040197,0.271356783919598,0.15829145728643215,0.26884422110552764,0.2085427135678392,0.17587939698492466
Cuphea_viscosisssima_(CvB2MT28,0.23869346733668345,0.20603015075376885,0.1934673366834171,0.2638190954773869,0.25125628140703515,0.1658291457286432,0.1934673366834171,0.2864321608040201,0.09547738693467336,0.2261306532663317,0.29396984924623115,0.12562814070351758,0.3467336683417085,0.14321608040201006,0.05276381909547738,0.22864321608040197,0.2311557788944724,0.15829145728643215,0.18592964824120606,0.2964824120603015,0.1934673366834171,0.2437185929648241,0.1884422110552764,0.1708542713567839,0.18592964824120606,0.23366834170854275,0.21608040201005024,0.2613065326633166,0.1507537688442211,0.2085427135678392,0.18592964824120606,0.02512562814070352,0.19095477386934676,0.2261306532663317,0.2738693467336684,0.15577889447236182,0.26884422110552764,0.2085427135678392,0.17587939698492466
Cuphea_viscosisssima_(CvB2MT29,0.24120603015075376,0.20351758793969849,0.19095477386934676,0.2663316582914573,0.2487437185929648,0.16331658291457288,0.19095477386934676,0.2889447236180904,0.09296482412060303,0.22864321608040197,0.2914572864321608,0.12311557788944726,0.33668341708542715,0.14824120603015076,0.05276381909547738,0.2311557788944724,0.22864321608040197,0.15577889447236182,0.1884422110552764,0.29396984924623115,0.19095477386934676,0.23869346733668345,0.1934673366834171,0.1658291457286432,0.18341708542713567,0.2311557788944724,0.2185929648241206,0.2562814070351759,0.15577889447236182,0.20351758793969849,0.18592964824120606,0.02512562814070352,0.19095477386934676,0.22864321608040197,0.271356783919598,0.15829145728643215,0.26884422110552764,0.2085427135678392,0.17587939698492466
Cuphea_viscosisssima_(CvB2MT3,0.2392947103274559,0.2040302267002519,0.19395465994962216,0.26700251889168763,0.24685138539042825,0.16876574307304787,0.19395465994962216,0.28463476070528965,0.09571788413098237,0.23173803526448364,0.29219143576826195,0.12594458438287154,0.3526448362720403,0.14105793450881612,0.052896725440806036,0.22921914357682616,0.22921914357682616,0.15869017632241816,0.17884130982367755,0.29974811083123426,0.19395465994962216,0.2418136020151133,0.18639798488664988,0.17380352644836272,0.18639798488664988,0.23173803526448364,0.21662468513853905,0.2594458438287154,0.1486146095717884,0.21158690176322414,0.18639798488664988,0.02518891687657431,0.18639798488664988,0.2267002518891688,0.2795969773299748,0.15365239294710328,0.26700251889168763,0.2141057934508816,0.17632241813602015
Cuphea_viscosisssima_(CvB2MT30,0.24120603015075376,0.20351758793969849,0.19597989949748745,0.2638190954773869,0.25125628140703515,0.1658291457286432,0.18341708542713567,0.2914572864321608,0.09547738693467336,0.22864321608040197,0.2964824120603015,0.12311557788944726,0.3492462311557789,0.1457286432160804,0.05025125628140704,0.2311557788944724,0.22864321608040197,0.16080402010050251,0.17839195979899494,0.2989949748743719,0.19597989949748745,0.2437185929648241,0.18341708542713567,0.1708542713567839,0.1884422110552764,0.2311557788944724,0.2185929648241206,0.2613065326633166,0.1457286432160804,0.2085427135678392,0.17839195979899494,0.02261306532663317,0.1884422110552764,0.2236180904522613,0.2814070351758794,0.15829145728643215,0.2663316582914573,0.22110552763819094,0.17839195979899494
Cuphea_viscosisssima_(CvB2MT31,0.23869346733668345,0.20603015075376885,0.1934673366834171,0.2638190954773869,0.25125628140703515,0.1658291457286432,0.1884422110552764,0.2914572864321608,0.09547738693467336,0.2261306532663317,0.29396984924623115,0.12562814070351758,0.33668341708542715,0.15326633165829145,0.05276381909547738,0.22864321608040197,0.2311557788944724,0.15829145728643215,0.18592964824120606,0.2964824120603015,0.1934673366834171,0.23869346733668345,0.1934673366834171,0.1658291457286432,0.18592964824120606,0.23366834170854275,0.21608040201005024,0.2562814070351759,0.15577889447236182,0.20351758793969849,0.18592964824120606,0.02512562814070352,0.19095477386934676,0.2311557788944724,0.26884422110552764,0.16080402010050251,0.26884422110552764,0.2085427135678392,0.17587939698492466
Cuphea_viscosisssima_(CvB2MT32,0.24120603015075376,0.20351758793969849,0.19095477386934676,0.2663316582914573,0.2487437185929648,0.16331658291457288,0.19095477386934676,0.2889447236180904,0.09296482412060303,0.22864321608040197,0.2914572864321608,0.12311557788944726,0.3467336683417085,0.13819095477386933,0.05276381909547738,0.2311557788944724,0.22864321608040197,0.15577889447236182,0.1884422110552764,0.29396984924623115,0.19095477386934676,0.24120603015075376,0.19095477386934676,0.16834170854271358,0.18341708542713567,0.2311557788944724,0.2185929648241206,0.25879396984924624,0.15326633165829145,0.20603015075376885,0.18592964824120606,0.02512562814070352,0.19095477386934676,0.2236180904522613,0.2763819095477387,0.15326633165829145,0.26884422110552764,0.2085427135678392,0.17587939698492466
Cuphea_viscosisssima_(CvB2MT33),0.23869346733668345,0.20603015075376885,0.1934673366834171,0.2638190954773869,0.25125628140703515,0.1658291457286432,0.1884422110552764,0.2914572864321608,0.09547738693467336,0.2261306532663317,0.29396984924623115,0.12562814070351758,0.3417085427135678,0.14824120603015076,0.05276381909547738,0.22864321608040197,0.2311557788944724,0.15829145728643215,0.18592964824120606,0.2964824120603015,0.1934673366834171,0.23869346733668345,0.1934673366834171,0.1658291457286432,0.18592964824120606,0.23366834170854275,0.21608040201005024,0.2562814070351759,0.15577889447236182,0.20351758793969849,0.18592964824120606,0.02512562814070352,0.19095477386934676,0.22864321608040197,0.271356783919598,0.15829145728643215,0.26884422110552764,0.2085427135678392,0.17587939698492466
Cuphea_viscosisssima_(CvB2MT34),0.23869346733668345,0.20603015075376885,0.1934673366834171,0.2638190954773869,0.25125628140703515,0.1658291457286432,0.1884422110552764,0.2914572864321608,0.09547738693467336,0.2261306532663317,0.29396984924623115,0.12562814070351758,0.3417085427135678,0.14824120603015076,0.05276381909547738,0.22864321608040197,0.2311557788944724,0.15829145728643215,0.18592964824120606,0.2964824120603015,0.1934673366834171,0.23869346733668345,0.1934673366834171,0.1708542713567839,0.18592964824120606,0.23366834170854275,0.21608040201005024,0.2562814070351759,0.15577889447236182,0.2085427135678392,0.18592964824120606,0.02512562814070352,0.19095477386934676,0.22864321608040197,0.271356783919598,0.15829145728643215,0.26884422110552764,0.2085427135678392,0.17587939698492466
Cuphea_viscosisssima_(CvB2MT35,0.23869346733668345,0.20603015075376885,0.1934673366834171,0.2638190954773869,0.25125628140703515,0.1708542713567839,0.18592964824120606,0.29396984924623115,0.09798994974874373,0.2261306532663317,0.29396984924623115,0.12562814070351758,0.3417085427135678,0.14824120603015076,0.05778894472361809,0.22864321608040197,0.2311557788944724,0.15829145728643215,0.18592964824120606,0.2964824120603015,0.1934673366834171,0.23618090452261306,0.19597989949748745,0.16834170854271358,0.18592964824120606,0.23366834170854275,0.21608040201005024,0.2537688442211055,0.15829145728643215,0.20603015075376885,0.18592964824120606,0.02512562814070352,0.19095477386934676,0.22864321608040197,0.271356783919598,0.15829145728643215,0.26884422110552764,0.2085427135678392,0.17587939698492466
Cuphea_viscosisssima_(CvB2MT36,0.23869346733668345,0.20603015075376885,0.1934673366834171,0.2638190954773869,0.25125628140703515,0.1708542713567839,0.18592964824120606,0.29396984924623115,0.09798994974874373,0.2261306532663317,0.29396984924623115,0.12562814070351758,0.3417085427135678,0.14824120603015076,0.05778894472361809,0.22864321608040197,0.2311557788944724,0.15829145728643215,0.18592964824120606,0.2964824120603015,0.1934673366834171,0.23618090452261306,0.19597989949748745,0.17336683417085427,0.18592964824120606,0.23366834170854275,0.21608040201005024,0.2537688442211055,0.15829145728643215,0.21105527638190955,0.18592964824120606,0.02512562814070352,0.19095477386934676,0.22864321608040197,0.271356783919598,0.15829145728643215,0.26884422110552764,0.2085427135678392,0.17587939698492466
Cuphea_viscosisssima_(CvB2MT37,0.24120603015075376,0.20351758793969849,0.19597989949748745,0.2638190954773869,0.25125628140703515,0.1708542713567839,0.18592964824120606,0.29396984924623115,0.09798994974874373,0.2261306532663317,0.29396984924623115,0.12562814070351758,0.3417085427135678,0.14824120603015076,0.05778894472361809,0.2311557788944724,0.22864321608040197,0.16080402010050251,0.18592964824120606,0.2964824120603015,0.1934673366834171,0.23618090452261306,0.19597989949748745,0.16834170854271358,0.1884422110552764,0.2311557788944724,0.2185929648241206,0.2537688442211055,0.15829145728643215,0.20603015075376885,0.18341708542713567,0.02261306532663317,0.1934673366834171,0.22864321608040197,0.271356783919598,0.15829145728643215,0.26884422110552764,0.2135678391959799,0.17587939698492466
Cuphea_viscosisssima_(CvB2MT38,0.24120603015075376,0.20351758793969849,0.19597989949748745,0.2638190954773869,0.25125628140703515,0.1708542713567839,0.18592964824120606,0.29396984924623115,0.09798994974874373,0.2261306532663317,0.29396984924623115,0.12562814070351758,0.3417085427135678,0.14824120603015076,0.05778894472361809,0.2311557788944724,0.22864321608040197,0.16080402010050251,0.18592964824120606,0.2964824120603015,0.1934673366834171,0.23618090452261306,0.19597989949748745,0.17336683417085427,0.1884422110552764,0.2311557788944724,0.2185929648241206,0.2537688442211055,0.15829145728643215,0.21105527638190955,0.18341708542713567,0.02261306532663317,0.1934673366834171,0.22864321608040197,0.271356783919598,0.15829145728643215,0.26884422110552764,0.2135678391959799,0.17587939698492466
Cuphea_viscosisssima_(CvB2MT4,0.24120603015075376,0.20351758793969849,0.19095477386934676,0.26884422110552764,0.2462311557788945,0.1658291457286432,0.19597989949748745,0.28391959798994976,0.09296482412060303,0.23366834170854275,0.2914572864321608,0.12311557788944726,0.3467336683417085,0.14321608040201006,0.05276381909547738,0.2311557788944724,0.22864321608040197,0.15577889447236182,0.18090452261306533,0.2964824120603015,0.1934673366834171,0.23869346733668345,0.1884422110552764,0.1708542713567839,0.18341708542713567,0.2311557788944724,0.2185929648241206,0.2562814070351759,0.1507537688442211,0.2085427135678392,0.18592964824120606,0.02512562814070352,0.18592964824120606,0.2261306532663317,0.27889447236180903,0.15577889447236182,0.26884422110552764,0.2135678391959799,0.17587939698492466
Cuphea_viscosisssima_(CvB2MT40,0.24120603015075376,0.20351758793969849,0.19597989949748745,0.2638190954773869,0.25125628140703515,0.1708542713567839,0.18592964824120606,0.29396984924623115,0.09798994974874373,0.2261306532663317,0.29396984924623115,0.12562814070351758,0.3417085427135678,0.14824120603015076,0.05276381909547738,0.2311557788944724,0.22864321608040197,0.16080402010050251,0.18592964824120606,0.2964824120603015,0.1934673366834171,0.23869346733668345,0.1934673366834171,0.1708542713567839,0.1884422110552764,0.2311557788944724,0.2185929648241206,0.2562814070351759,0.15577889447236182,0.2085427135678392,0.18341708542713567,0.02261306532663317,0.1934673366834171,0.22864321608040197,0.271356783919598,0.15829145728643215,0.26884422110552764,0.2135678391959799,0.17587939698492466
Cuphea_viscosisssima_(CvB2MT41,0.24120603015075376,0.20351758793969849,0.19597989949748745,0.26884422110552764,0.25125628140703515,0.1708542713567839,0.18592964824120606,0.29396984924623115,0.09798994974874373,0.2261306532663317,0.29396984924623115,0.12562814070351758,0.3417085427135678,0.14824120603015076,0.05778894472361809,0.2311557788944724,0.22864321608040197,0.16080402010050251,0.1884422110552764,0.29396984924623115,0.19597989949748745,0.23618090452261306,0.20100502512562812,0.17336683417085427,0.1884422110552764,0.2311557788944724,0.2185929648241206,0.2537688442211055,0.16331658291457288,0.21105527638190955,0.18592964824120606,0.02512562814070352,0.19095477386934676,0.22864321608040197,0.2763819095477387,0.15829145728643215,0.271356783919598,0.21105527638190955,0.17336683417085427
Cuphea_viscosisssima_(CvB2MT42,0.24120603015075376,0.20351758793969849,0.19597989949748745,0.2613065326633166,0.2537688442211055,0.16834170854271358,0.18341708542713567,0.2964824120603015,0.09547738693467336,0.2311557788944724,0.29396984924623115,0.12562814070351758,0.3467336683417085,0.14824120603015076,0.05276381909547738,0.2311557788944724,0.22864321608040197,0.16080402010050251,0.17839195979899494,0.2989949748743719,0.19597989949748745,0.23869346733668345,0.1884422110552764,0.1708542713567839,0.1884422110552764,0.2311557788944724,0.2185929648241206,0.2562814070351759,0.1507537688442211,0.2085427135678392,0.18341708542713567,0.02261306532663317,0.1884422110552764,0.2261306532663317,0.27889447236180903,0.15577889447236182,0.26884422110552764,0.2185929648241206,0.17587939698492466
Cuphea_viscosisssima_(CvB2MT43,0.24120603015075376,0.20351758793969849,0.19597989949748745,0.26884422110552764,0.2462311557788945,0.1658291457286432,0.19597989949748745,0.28391959798994976,0.09296482412060303,0.23366834170854275,0.2914572864321608,0.12814070351758794,0.3517587939698493,0.13819095477386933,0.05276381909547738,0.2311557788944724,0.22864321608040197,0.15577889447236182,0.18090452261306533,0.2964824120603015,0.1934673366834171,0.24120603015075376,0.19095477386934676,0.16834170854271358,0.1884422110552764,0.2311557788944724,0.2185929648241206,0.25879396984924624,0.15326633165829145,0.20603015075376885,0.18592964824120606,0.02512562814070352,0.18592964824120606,0.2236180904522613,0.2814070351758794,0.15326633165829145,0.26884422110552764,0.2135678391959799,0.17587939698492466
Cuphea_viscosisssima_(CvB2MT44,0.24120603015075376,0.20351758793969849,0.20100502512562812,0.2663316582914573,0.2487437185929648,0.16834170854271358,0.1884422110552764,0.2914572864321608,0.09547738693467336,0.2311557788944724,0.29396984924623115,0.1306532663316583,0.3517587939698493,0.14321608040201006,0.05276381909547738,0.2311557788944724,0.22864321608040197,0.16080402010050251,0.17839195979899494,0.2989949748743719,0.19597989949748745,0.23869346733668345,0.1934673366834171,0.1658291457286432,0.1934673366834171,0.2311557788944724,0.2185929648241206,0.2562814070351759,0.15577889447236182,0.20351758793969849,0.18341708542713567,0.02261306532663317,0.1884422110552764,0.2261306532663317,0.27889447236180903,0.15577889447236182,0.26884422110552764,0.2185929648241206,0.17587939698492466
Cuphea_viscosisssima_(CvB2MT45,0.24120603015075376,0.20351758793969849,0.19597989949748745,0.271356783919598,0.2487437185929648,0.16834170854271358,0.1884422110552764,0.2914572864321608,0.09547738693467336,0.2311557788944724,0.29396984924623115,0.12562814070351758,0.3517587939698493,0.14321608040201006,0.05276381909547738,0.2311557788944724,0.22864321608040197,0.16080402010050251,0.18090452261306533,0.2964824120603015,0.1984924623115578,0.23869346733668345,0.1934673366834171,0.1708542713567839,0.1884422110552764,0.2311557788944724,0.2185929648241206,0.2562814070351759,0.15577889447236182,0.2085427135678392,0.18592964824120606,0.02512562814070352,0.18592964824120606,0.2261306532663317,0.28391959798994976,0.15577889447236182,0.271356783919598,0.21608040201005024,0.17336683417085427
Cuphea_viscosisssima_(CvB2MT47,0.24120603015075376,0.20351758793969849,0.19597989949748745,0.271356783919598,0.2487437185929648,0.17336683417085427,0.18592964824120606,0.29396984924623115,0.09798994974874373,0.2311557788944724,0.29396984924623115,0.12562814070351758,0.3517587939698493,0.14321608040201006,0.05276381909547738,0.2311557788944724,0.22864321608040197,0.16080402010050251,0.18090452261306533,0.2964824120603015,0.1984924623115578,0.23618090452261306,0.19597989949748745,0.17336683417085427,0.1884422110552764,0.2311557788944724,0.2185929648241206,0.2537688442211055,0.15829145728643215,0.21105527638190955,0.18592964824120606,0.02512562814070352,0.18592964824120606,0.2261306532663317,0.28391959798994976,0.15577889447236182,0.271356783919598,0.21608040201005024,0.17336683417085427
Cuphea_viscosisssima_(CvB2MT48,0.24120603015075376,0.20351758793969849,0.19597989949748745,0.2663316582914573,0.2487437185929648,0.17336683417085427,0.18592964824120606,0.29396984924623115,0.09798994974874373,0.2311557788944724,0.29396984924623115,0.12562814070351758,0.3517587939698493,0.14321608040201006,0.05276381909547738,0.2311557788944724,0.22864321608040197,0.16080402010050251,0.17839195979899494,0.2989949748743719,0.19597989949748745,0.23869346733668345,0.1884422110552764,0.1708542713567839,0.1884422110552764,0.2311557788944724,0.2185929648241206,0.2562814070351759,0.1507537688442211,0.2085427135678392,0.18341708542713567,0.02261306532663317,0.1884422110552764,0.2261306532663317,0.27889447236180903,0.15577889447236182,0.26884422110552764,0.2185929648241206,0.17587939698492466
Cuphea_viscosisssima_(CvB2MT5,0.24120603015075376,0.20351758793969849,0.19095477386934676,0.26884422110552764,0.2462311557788945,0.1658291457286432,0.19597989949748745,0.28391959798994976,0.09296482412060303,0.23366834170854275,0.2914572864321608,0.12311557788944726,0.35678391959798994,0.13316582914572864,0.05276381909547738,0.2311557788944724,0.22864321608040197,0.15577889447236182,0.18090452261306533,0.2964824120603015,0.1934673366834171,0.24120603015075376,0.18592964824120606,0.17336683417085427,0.18341708542713567,0.2311557788944724,0.2185929648241206,0.25879396984924624,0.14824120603015076,0.21105527638190955,0.18592964824120606,0.02512562814070352,0.18592964824120606,0.22110552763819094,0.28391959798994976,0.1507537688442211,0.26884422110552764,0.2135678391959799,0.17587939698492466
Cuphea_viscosisssima_(CvB2MT6),0.24120603015075376,0.20351758793969849,0.19095477386934676,0.26884422110552764,0.2462311557788945,0.1658291457286432,0.19597989949748745,0.28391959798994976,0.09296482412060303,0.23366834170854275,0.2914572864321608,0.12311557788944726,0.3517587939698493,0.13819095477386933,0.05276381909547738,0.2311557788944724,0.22864321608040197,0.15577889447236182,0.18090452261306533,0.2964824120603015,0.1934673366834171,0.24120603015075376,0.18592964824120606,0.17839195979899494,0.18341708542713567,0.2311557788944724,0.2185929648241206,0.25879396984924624,0.14824120603015076,0.21608040201005024,0.18592964824120606,0.02512562814070352,0.18592964824120606,0.2236180904522613,0.2814070351758794,0.15326633165829145,0.26884422110552764,0.2135678391959799,0.17587939698492466
Cuphea_viscosisssima_(CvB2MT7,0.24120603015075376,0.20351758793969849,0.19095477386934676,0.2663316582914573,0.2487437185929648,0.16331658291457288,0.19597989949748745,0.28391959798994976,0.09296482412060303,0.22864321608040197,0.2914572864321608,0.12311557788944726,0.3467336683417085,0.13819095477386933,0.05276381909547738,0.2311557788944724,0.22864321608040197,0.15577889447236182,0.18341708542713567,0.29396984924623115,0.19095477386934676,0.24120603015075376,0.18592964824120606,0.17336683417085427,0.18341708542713567,0.2311557788944724,0.2185929648241206,0.25879396984924624,0.14824120603015076,0.21105527638190955,0.18592964824120606,0.02512562814070352,0.18592964824120606,0.2236180904522613,0.2763819095477387,0.15326633165829145,0.26884422110552764,0.2085427135678392,0.17587939698492466
Cuphea_viscosisssima_(CvB2MT8,0.24120603015075376,0.20351758793969849,0.19095477386934676,0.26884422110552764,0.2462311557788945,0.1658291457286432,0.19597989949748745,0.28391959798994976,0.09296482412060303,0.23366834170854275,0.2914572864321608,0.12311557788944726,0.3517587939698493,0.13819095477386933,0.05276381909547738,0.2311557788944724,0.22864321608040197,0.15577889447236182,0.18592964824120606,0.2964824120603015,0.1934673366834171,0.2462311557788945,0.18592964824120606,0.17336683417085427,0.18341708542713567,0.2311557788944724,0.2185929648241206,0.2638190954773869,0.14824120603015076,0.21105527638190955,0.18592964824120606,0.02512562814070352,0.19095477386934676,0.2236180904522613,0.2814070351758794,0.15326633165829145,0.26884422110552764,0.2135678391959799,0.17587939698492466
Cuphea_viscosisssima_(CvB2MT9,0.24120603015075376,0.20351758793969849,0.19095477386934676,0.26884422110552764,0.2462311557788945,0.1658291457286432,0.19597989949748745,0.28391959798994976,0.09296482412060303,0.23366834170854275,0.2914572864321608,0.12311557788944726,0.3467336683417085,0.14321608040201006,0.05276381909547738,0.2311557788944724,0.22864321608040197,0.15577889447236182,0.18090452261306533,0.2964824120603015,0.1934673366834171,0.23869346733668345,0.1884422110552764,0.1708542713567839,0.18341708542713567,0.2311557788944724,0.2185929648241206,0.2562814070351759,0.1507537688442211,0.2085427135678392,0.18592964824120606,0.02512562814070352,0.18592964824120606,0.2261306532663317,0.27889447236180903,0.15577889447236182,0.26884422110552764,0.2135678391959799,0.17587939698492466
Cuphea_viscosisssima_(CvFatB1,0.24120603015075376,0.20351758793969849,0.20100502512562812,0.2562814070351759,0.25879396984924624,0.16834170854271358,0.17587939698492466,0.2989949748743719,0.09798994974874373,0.2236180904522613,0.2964824120603015,0.12814070351758794,0.3391959798994975,0.1507537688442211,0.05025125628140704,0.2311557788944724,0.22864321608040197,0.16080402010050251,0.18592964824120606,0.2964824120603015,0.1934673366834171,0.2437185929648241,0.1934673366834171,0.16080402010050251,0.1934673366834171,0.2311557788944724,0.2185929648241206,0.2613065326633166,0.15577889447236182,0.1984924623115578,0.17839195979899494,0.02261306532663317,0.1934673366834171,0.22110552763819094,0.2738693467336684,0.16080402010050251,0.2663316582914573,0.21608040201005024,0.17839195979899494
Cuphea_viscosisssima_(CvFatB2,0.24120603015075376,0.20351758793969849,0.19095477386934676,0.26884422110552764,0.2462311557788945,0.1658291457286432,0.19597989949748745,0.28391959798994976,0.09296482412060303,0.23366834170854275,0.2914572864321608,0.12311557788944726,0.3517587939698493,0.13819095477386933,0.05276381909547738,0.2311557788944724,0.22864321608040197,0.15577889447236182,0.18090452261306533,0.2964824120603015,0.1934673366834171,0.24120603015075376,0.18592964824120606,0.17336683417085427,0.18341708542713567,0.2311557788944724,0.2185929648241206,0.25879396984924624,0.14824120603015076,0.21105527638190955,0.18592964824120606,0.02512562814070352,0.18592964824120606,0.2236180904522613,0.2814070351758794,0.15326633165829145,0.26884422110552764,0.2135678391959799,0.17587939698492466
Diploknema_butyracea,0.21515151515151515,0.2333333333333333,0.19393939393939394,0.30606060606060603,0.20303030303030306,0.20303030303030306,0.2545454545454545,0.2575757575757576,0.10606060606060606,0.19696969696969696,0.3,0.15757575757575756,0.3787878787878788,0.1484848484848485,0.07575757575757576,0.20909090909090908,0.24545454545454545,0.16363636363636366,0.1303030303030303,0.3303030303030303,0.19696969696969696,0.2272727272727273,0.20606060606060608,0.18484848484848485,0.18787878787878787,0.2696969696969697,0.19090909090909086,0.21818181818181814,0.16666666666666666,0.22424242424242424,0.17575757575757575,0.02424242424242424,0.20606060606060608,0.2575757575757576,0.23939393939393935,0.1484848484848485,0.27575757575757576,0.18787878787878787,0.17272727272727273
Elaeis_guineensis,0.21604938271604934,0.21604938271604934,0.22530864197530864,0.3055555555555556,0.25,0.15123456790123455,0.2191358024691358,0.2716049382716049,0.07407407407407407,0.2191358024691358,0.3240740740740741,0.1419753086419753,0.3888888888888889,0.16049382716049382,0.061728395061728385,0.191358024691358,0.22839506172839505,0.17592592592592593,0.1419753086419753,0.34567901234567894,0.2037037037037037,0.2345679012345679,0.1820987654320988,0.1728395061728395,0.20679012345679013,0.25925925925925924,0.1728395061728395,0.24074074074074076,0.15123456790123455,0.2037037037037037,0.16358024691358025,0.021604938271604937,0.20679012345679013,0.2469135802469136,0.25925925925925924,0.16049382716049382,0.2561728395061729,0.2222222222222222,0.17592592592592593
Gossypium_hirsutum,0.2575757575757576,0.2272727272727273,0.2,0.2818181818181818,0.2272727272727273,0.15454545454545454,0.21515151515151515,0.2545454545454545,0.07878787878787878,0.18181818181818185,0.3212121212121212,0.12424242424242425,0.3575757575757576,0.16363636363636366,0.06666666666666668,0.2272727272727273,0.24545454545454545,0.16363636363636366,0.15757575757575756,0.3151515151515151,0.20606060606060608,0.2818181818181818,0.17575757575757575,0.1787878787878788,0.18787878787878787,0.2575757575757576,0.2272727272727273,0.2696969696969697,0.13333333333333333,0.2212121212121212,0.17272727272727273,0.015151515151515154,0.2212121212121212,0.24242424242424246,0.2606060606060606,0.16363636363636366,0.2787878787878788,0.20909090909090908,0.20606060606060608
Helianthus_Annuus_(HaFatA1),0.23624595469255666,0.2394822006472492,0.2168284789644013,0.2588996763754045,0.2006472491909385,0.16828478964401294,0.2394822006472492,0.27184466019417475,0.06472491909385113,0.18770226537216828,0.3009708737864077,0.17475728155339804,0.3656957928802589,0.13592233009708735,0.05825242718446603,0.22006472491909385,0.2686084142394822,0.1812297734627832,0.1650485436893204,0.3042071197411003,0.19741100323624594,0.29449838187702265,0.1715210355987055,0.1650485436893204,0.19741100323624594,0.2783171521035599,0.20388349514563106,0.2977346278317152,0.1423948220064725,0.1941747572815534,0.18446601941747573,0.025889967637540454,0.22653721682847894,0.2491909385113269,0.2297734627831715,0.15210355987055016,0.3042071197411003,0.17475728155339804,0.1715210355987055
Helianthus_Annuus_(HaFatB1),0.25,0.22058823529411764,0.17941176470588235,0.2794117647058824,0.22058823529411764,0.16176470588235295,0.2235294117647059,0.2529411764705882,0.08235294117647059,0.19411764705882356,0.3,0.1352941176470588,0.3323529411764706,0.14411764705882352,0.07352941176470587,0.2147058823529412,0.2323529411764706,0.14411764705882352,0.16176470588235295,0.3147058823529412,0.16176470588235295,0.21764705882352944,0.17647058823529413,0.19705882352941176,0.16176470588235295,0.2735294117647059,0.19705882352941176,0.2264705882352941,0.15,0.2235294117647059,0.17941176470588235,0.032352941176470584,0.2264705882352941,0.2647058823529412,0.23823529411764705,0.15,0.2823529411764706,0.17941176470588235,0.18823529411764706
Iris_germanica_1,0.21671826625387,0.22291021671826625,0.2260061919504644,0.2662538699690403,0.2414860681114551,0.15170278637770898,0.21052631578947367,0.260061919504644,0.07739938080495358,0.21052631578947367,0.3188854489164087,0.14860681114551086,0.3591331269349845,0.17027863777089786,0.05263157894736842,0.21981424148606807,0.2538699690402477,0.15170278637770898,0.15479876160990713,0.3281733746130031,0.20123839009287925,0.23839009287925694,0.17956656346749225,0.1826625386996904,0.2043343653250774,0.2631578947368421,0.1826625386996904,0.25077399380804954,0.14551083591331268,0.21671826625387,0.16718266253869968,0.018575851393188854,0.21052631578947367,0.24458204334365324,0.2662538699690403,0.15789473684210525,0.2662538699690403,0.2414860681114551,0.17337461300309598
Iris_germanica_2,0.22291021671826625,0.2291021671826625,0.2260061919504644,0.25696594427244585,0.23839009287925694,0.14860681114551086,0.19195046439628485,0.2476780185758514,0.07739938080495358,0.17956656346749225,0.33746130030959753,0.13622291021671826,0.33436532507739936,0.1826625386996904,0.05882352941176471,0.21671826625387,0.25077399380804954,0.15479876160990713,0.16408668730650156,0.33126934984520123,0.18575851393188852,0.24458204334365324,0.17337461300309598,0.18885448916408668,0.2043343653250774,0.2693498452012384,0.18885448916408668,0.2414860681114551,0.13622291021671826,0.2260061919504644,0.17337461300309598,0.018575851393188854,0.21671826625387,0.2476780185758514,0.25077399380804954,0.1609907120743034,0.2662538699690403,0.21671826625387,0.18575851393188852
Jatropha_curcas,0.24545454545454545,0.2212121212121212,0.21212121212121213,0.2787878787878788,0.24242424242424246,0.1696969696969697,0.19393939393939394,0.27575757575757576,0.08787878787878788,0.2,0.3151515151515151,0.14242424242424245,0.3606060606060606,0.15454545454545454,0.0696969696969697,0.20303030303030306,0.2515151515151515,0.16363636363636366,0.16666666666666666,0.30606060606060603,0.20909090909090908,0.2696969696969697,0.18181818181818185,0.18484848484848485,0.2,0.2575757575757576,0.20909090909090908,0.2484848484848485,0.1484848484848485,0.21818181818181814,0.1787878787878788,0.021212121212121213,0.21515151515151515,0.24545454545454545,0.2878787878787879,0.1606060606060606,0.2787878787878788,0.21515151515151515,0.18787878787878787
Lindera_communis,0.2430167597765363,0.20949720670391064,0.2011173184357542,0.30726256983240224,0.2206703910614525,0.14804469273743018,0.223463687150838,0.2653631284916201,0.05865921787709497,0.2206703910614525,0.2905027932960894,0.13687150837988826,0.3575418994413408,0.12569832402234635,0.07541899441340782,0.2346368715083799,0.21787709497206706,0.17039106145251395,0.17318435754189945,0.2988826815642458,0.1843575418994413,0.223463687150838,0.19273743016759776,0.16201117318435754,0.18994413407821228,0.23743016759776536,0.2150837988826816,0.25139664804469275,0.15921787709497207,0.19553072625698326,0.17039106145251395,0.025139664804469275,0.2262569832402235,0.25977653631284914,0.2793296089385475,0.1424581005586592,0.24581005586592175,0.20670391061452514,0.20670391061452514
Micromonas_pusilla,0.2811594202898551,0.2144927536231884,0.2,0.2811594202898551,0.17681159420289855,0.17681159420289855,0.263768115942029,0.24347826086956526,0.06956521739130435,0.2318840579710145,0.2608695652173913,0.16521739130434782,0.3681159420289855,0.1217391304347826,0.06956521739130435,0.3130434782608696,0.2463768115942029,0.15072463768115946,0.17681159420289855,0.3072463768115942,0.1826086956521739,0.23768115942028986,0.25507246376811593,0.1565217391304348,0.1855072463768116,0.24057971014492754,0.2840579710144928,0.25217391304347825,0.2289855072463768,0.1826086956521739,0.21159420289855072,0.017391304347826087,0.22608695652173916,0.25217391304347825,0.25217391304347825,0.14202898550724638,0.3101449275362319,0.18840579710144928,0.1855072463768116
Physcomitrella_patens,0.24834437086092714,0.2350993377483444,0.1986754966887417,0.3079470198675497,0.17218543046357615,0.19205298013245034,0.24834437086092714,0.2384105960264901,0.09271523178807947,0.2086092715231788,0.2913907284768212,0.17549668874172186,0.39403973509933776,0.10596026490066224,0.07947019867549669,0.2218543046357616,0.27483443708609273,0.16556291390728478,0.1456953642384106,0.31456953642384106,0.18543046357615892,0.2119205298013245,0.20198675496688745,0.2052980132450331,0.17880794701986755,0.2880794701986755,0.20198675496688745,0.2086092715231788,0.17880794701986755,0.22847682119205295,0.18874172185430466,0.023178807947019868,0.18874172185430466,0.2814569536423841,0.2582781456953642,0.10927152317880796,0.2781456953642384,0.16556291390728478,0.2052980132450331
Prunus_sibirica_L._(Siberian,0.2259615384615385,0.21634615384615385,0.2091346153846154,0.2932692307692308,0.2451923076923077,0.1346153846153846,0.1995192307692308,0.2740384615384616,0.0673076923076923,0.2259615384615385,0.3125,0.13221153846153846,0.3918269230769231,0.1466346153846154,0.04567307692307692,0.22355769230769232,0.2379807692307692,0.16826923076923078,0.17307692307692307,0.3076923076923077,0.2307692307692308,0.2668269230769231,0.16826923076923078,0.16105769230769232,0.20432692307692307,0.2403846153846154,0.20192307692307693,0.2740384615384616,0.14182692307692307,0.1875,0.17548076923076922,0.016826923076923076,0.17548076923076922,0.22115384615384612,0.27884615384615385,0.15865384615384615,0.28846153846153844,0.22355769230769232,0.15384615384615385
Ricinus_communis,0.2606060606060606,0.22424242424242424,0.21515151515151515,0.26666666666666666,0.2606060606060606,0.15757575757575756,0.19393939393939394,0.2878787878787879,0.07575757575757576,0.2,0.3212121212121212,0.14242424242424245,0.3424242424242424,0.17272727272727273,0.06363636363636363,0.2272727272727273,0.2515151515151515,0.1696969696969697,0.16363636363636366,0.30303030303030304,0.21212121212121213,0.2787878787878788,0.18484848484848485,0.18181818181818185,0.20606060606060608,0.2575757575757576,0.2272727272727273,0.2575757575757576,0.15151515151515152,0.21515151515151515,0.1787878787878788,0.021212121212121213,0.21515151515151515,0.2333333333333333,0.2696969696969697,0.16666666666666666,0.2878787878787879,0.2,0.19696969696969696
rTE12,0.2598187311178248,0.19939577039274925,0.22054380664652568,0.30513595166163143,0.22356495468277945,0.15709969788519634,0.256797583081571,0.23564954682779454,0.1027190332326284,0.1933534743202417,0.3293051359516616,0.1148036253776435,0.3444108761329305,0.14803625377643506,0.06948640483383686,0.23564954682779454,0.2175226586102719,0.18429003021148035,0.16012084592145015,0.3081570996978852,0.18429003021148035,0.27492447129909364,0.19939577039274925,0.1782477341389728,0.2054380664652568,0.23867069486404835,0.22658610271903326,0.2870090634441088,0.16314199395770393,0.21450151057401806,0.1903323262839879,0.027190332326283987,0.2084592145015106,0.2447129909365559,0.2537764350453172,0.18429003021148035,0.2416918429003021,0.22356495468277945,0.2175226586102719
rTE15,0.25,0.201219512195122,0.2042682926829268,0.2774390243902439,0.2682926829268293,0.1524390243902439,0.23170731707317074,0.2774390243902439,0.10060975609756098,0.201219512195122,0.31402439024390244,0.12195121951219512,0.3323170731707317,0.1524390243902439,0.06707317073170732,0.2469512195121951,0.21646341463414634,0.17073170731707318,0.1676829268292683,0.2926829268292683,0.19207317073170727,0.2652439024390244,0.1951219512195122,0.1859756097560976,0.19817073170731708,0.2378048780487805,0.2195121951219512,0.2865853658536585,0.16158536585365854,0.2195121951219512,0.17682926829268292,0.03048780487804878,0.2195121951219512,0.2378048780487805,0.25914634146341464,0.17073170731707318,0.25914634146341464,0.21646341463414634,0.19207317073170727
rTE16,0.256797583081571,0.2084592145015106,0.22356495468277945,0.29003021148036257,0.22054380664652568,0.1540785498489426,0.23867069486404835,0.2477341389728097,0.09063444108761327,0.18731117824773413,0.3293051359516616,0.13293051359516614,0.3474320241691843,0.1510574018126888,0.060422960725075525,0.23564954682779454,0.22356495468277945,0.18429003021148035,0.16314199395770393,0.3172205438066465,0.18126888217522655,0.2688821752265861,0.1933534743202417,0.1782477341389728,0.2084592145015106,0.2537764350453172,0.22356495468277945,0.283987915407855,0.1661631419939577,0.2054380664652568,0.18731117824773413,0.01812688821752266,0.22356495468277945,0.2628398791540785,0.2175226586102719,0.20241691842900306,0.2477341389728097,0.21148036253776434,0.2175226586102719
rTE20,0.2628398791540785,0.20241691842900306,0.22356495468277945,0.2990936555891239,0.2175226586102719,0.15709969788519634,0.2416918429003021,0.23867069486404835,0.09969788519637462,0.1933534743202417,0.3293051359516616,0.12084592145015105,0.3474320241691843,0.1510574018126888,0.060422960725075525,0.2326283987915408,0.22054380664652568,0.18126888217522655,0.15709969788519634,0.3172205438066465,0.18126888217522655,0.27492447129909364,0.18731117824773413,0.17220543806646527,0.2084592145015106,0.2416918429003021,0.229607250755287,0.2809667673716012,0.16314199395770393,0.19637462235649547,0.1782477341389728,0.027190332326283987,0.21450151057401806,0.2507552870090635,0.2477341389728097,0.1903323262839879,0.2416918429003021,0.2175226586102719,0.22356495468277945
rTE24,0.2598187311178248,0.2054380664652568,0.21450151057401806,0.30513595166163143,0.21148036253776434,0.1510574018126888,0.2598187311178248,0.2326283987915408,0.08761329305135952,0.19637462235649547,0.32628398791540786,0.12386706948640484,0.3595166163141994,0.13293051359516614,0.060422960725075525,0.23867069486404835,0.22054380664652568,0.18126888217522655,0.1661631419939577,0.31419939577039274,0.1782477341389728,0.2688821752265861,0.1933534743202417,0.18429003021148035,0.19939577039274925,0.2507552870090635,0.22658610271903326,0.283987915407855,0.1661631419939577,0.21148036253776434,0.19637462235649547,0.02114803625377644,0.22054380664652568,0.2598187311178248,0.22054380664652568,0.1933534743202417,0.2477341389728097,0.2054380664652568,0.2175226586102719
rTE28,0.26586102719033233,0.19939577039274925,0.21450151057401806,0.31419939577039274,0.2084592145015106,0.1540785498489426,0.2628398791540785,0.22356495468277945,0.09667673716012083,0.20241691842900306,0.32628398791540786,0.11178247734138973,0.3595166163141994,0.13293051359516614,0.060422960725075525,0.23564954682779454,0.2175226586102719,0.1782477341389728,0.16012084592145015,0.31419939577039274,0.1782477341389728,0.27492447129909364,0.18731117824773413,0.1782477341389728,0.19939577039274925,0.23867069486404835,0.2326283987915408,0.2809667673716012,0.16314199395770393,0.20241691842900306,0.18731117824773413,0.03021148036253777,0.21148036253776434,0.2477341389728097,0.2507552870090635,0.18126888217522655,0.2416918429003021,0.21148036253776434,0.22356495468277945
rTE3,0.24085365853658536,0.21036585365853655,0.21341463414634146,0.2530487804878049,0.2804878048780488,0.1524390243902439,0.2073170731707317,0.3018292682926829,0.09451219512195122,0.1859756097560976,0.3170731707317073,0.14329268292682926,0.3201219512195122,0.17073170731707318,0.06707317073170732,0.2469512195121951,0.2225609756097561,0.17682926829268292,0.17073170731707318,0.2957317073170732,0.1951219512195122,0.25914634146341464,0.201219512195122,0.1859756097560976,0.2073170731707317,0.2530487804878049,0.21036585365853655,0.2896341463414634,0.16463414634146342,0.2225609756097561,0.17682926829268292,0.018292682926829267,0.23170731707317074,0.2530487804878049,0.22560975609756095,0.19207317073170727,0.2652439024390244,0.21646341463414634,0.1859756097560976
rTE32,0.23867069486404835,0.22054380664652568,0.2175226586102719,0.2537764350453172,0.23867069486404835,0.1661631419939577,0.20241691842900306,0.27794561933534745,0.09063444108761327,0.1691842900302115,0.3172205438066465,0.1510574018126888,0.3172205438066465,0.1691842900302115,0.07250755287009064,0.22054380664652568,0.23867069486404835,0.18126888217522655,0.17220543806646527,0.3021148036253776,0.18429003021148035,0.2628398791540785,0.1933534743202417,0.18429003021148035,0.20241691842900306,0.26586102719033233,0.2054380664652568,0.283987915407855,0.14803625377643506,0.229607250755287,0.18731117824773413,0.012084592145015106,0.22356495468277945,0.2628398791540785,0.22356495468277945,0.19637462235649547,0.2628398791540785,0.2084592145015106,0.19637462235649547
rTE36,0.2447129909365559,0.21450151057401806,0.2175226586102719,0.2628398791540785,0.23564954682779454,0.1691842900302115,0.2054380664652568,0.2688821752265861,0.09969788519637462,0.17522658610271905,0.3172205438066465,0.13897280966767372,0.3172205438066465,0.1691842900302115,0.07250755287009064,0.2175226586102719,0.23564954682779454,0.1782477341389728,0.1661631419939577,0.3021148036253776,0.18429003021148035,0.2688821752265861,0.18731117824773413,0.1782477341389728,0.20241691842900306,0.2537764350453172,0.21148036253776434,0.2809667673716012,0.14501510574018128,0.22054380664652568,0.1782477341389728,0.02114803625377644,0.21450151057401806,0.2507552870090635,0.2537764350453172,0.18429003021148035,0.256797583081571,0.21450151057401806,0.20241691842900306
rTE4,0.256797583081571,0.20241691842900306,0.229607250755287,0.29003021148036257,0.2326283987915408,0.16012084592145015,0.23564954682779454,0.2507552870090635,0.10574018126888217,0.18429003021148035,0.3323262839879154,0.12386706948640484,0.3323262839879154,0.1661631419939577,0.06948640483383686,0.2326283987915408,0.22054380664652568,0.18731117824773413,0.15709969788519634,0.311178247734139,0.18731117824773413,0.27492447129909364,0.19939577039274925,0.17220543806646527,0.21450151057401806,0.2416918429003021,0.22356495468277945,0.2870090634441088,0.16314199395770393,0.2084592145015106,0.18126888217522655,0.024169184290030208,0.21148036253776434,0.2477341389728097,0.2507552870090635,0.1933534743202417,0.2416918429003021,0.229607250755287,0.2175226586102719
rTE40,0.2416918429003021,0.2175226586102719,0.2084592145015106,0.2688821752265861,0.229607250755287,0.16314199395770393,0.22356495468277945,0.2628398791540785,0.08761329305135952,0.1782477341389728,0.31419939577039274,0.1419939577039275,0.3293051359516616,0.1510574018126888,0.07250755287009064,0.22356495468277945,0.23564954682779454,0.1782477341389728,0.17522658610271905,0.2990936555891239,0.18126888217522655,0.2628398791540785,0.1933534743202417,0.1903323262839879,0.1933534743202417,0.2628398791540785,0.2084592145015106,0.283987915407855,0.14803625377643506,0.23564954682779454,0.19637462235649547,0.015105740181268885,0.22054380664652568,0.2598187311178248,0.22658610271903326,0.18731117824773413,0.2628398791540785,0.20241691842900306,0.19637462235649547
rTE44,0.2477341389728097,0.21148036253776434,0.2084592145015106,0.27794561933534745,0.22658610271903326,0.1661631419939577,0.22658610271903326,0.2537764350453172,0.09667673716012083,0.18429003021148035,0.31419939577039274,0.1299093655589124,0.3293051359516616,0.1510574018126888,0.07250755287009064,0.22054380664652568,0.2326283987915408,0.17522658610271905,0.1691842900302115,0.2990936555891239,0.18126888217522655,0.2688821752265861,0.18731117824773413,0.18429003021148035,0.1933534743202417,0.2507552870090635,0.21450151057401806,0.2809667673716012,0.14501510574018128,0.22658610271903326,0.18731117824773413,0.024169184290030208,0.21148036253776434,0.2477341389728097,0.256797583081571,0.17522658610271905,0.256797583081571,0.2084592145015106,0.20241691842900306
rTE48,0.2447129909365559,0.22054380664652568,0.21148036253776434,0.2628398791540785,0.22356495468277945,0.16314199395770393,0.2084592145015106,0.26586102719033233,0.08459214501510574,0.1782477341389728,0.31419939577039274,0.14803625377643506,0.3323262839879154,0.1540785498489426,0.0634441087613293,0.22054380664652568,0.23867069486404835,0.17522658610271905,0.17220543806646527,0.3081570996978852,0.1782477341389728,0.2628398791540785,0.18126888217522655,0.18429003021148035,0.19637462235649547,0.26586102719033233,0.21148036253776434,0.27794561933534745,0.14803625377643506,0.2175226586102719,0.18429003021148035,0.015105740181268885,0.22658610271903326,0.26586102719033233,0.22054380664652568,0.1933534743202417,0.2628398791540785,0.19637462235649547,0.20241691842900306
rTE51,0.2347560975609756,0.2225609756097561,0.1951219512195122,0.2347560975609756,0.2682926829268293,0.15853658536585366,0.18292682926829268,0.3079268292682927,0.08231707317073171,0.1859756097560976,0.29878048780487804,0.15548780487804878,0.3201219512195122,0.15853658536585366,0.06097560975609756,0.23170731707317074,0.2378048780487805,0.16158536585365854,0.1798780487804878,0.2926829268292683,0.1859756097560976,0.2530487804878049,0.17682926829268292,0.19207317073170727,0.18902439024390244,0.2652439024390244,0.2042682926829268,0.2774390243902439,0.14634146341463414,0.2225609756097561,0.17073170731707318,0.018292682926829267,0.2378048780487805,0.25914634146341464,0.22560975609756095,0.1798780487804878,0.2804878048780488,0.18902439024390244,0.17682926829268292
rTE52,0.2507552870090635,0.21450151057401806,0.21148036253776434,0.2719033232628399,0.22054380664652568,0.1661631419939577,0.21148036253776434,0.256797583081571,0.09365558912386708,0.18429003021148035,0.31419939577039274,0.13595166163141995,0.3323262839879154,0.1540785498489426,0.0634441087613293,0.2175226586102719,0.23564954682779454,0.17220543806646527,0.1661631419939577,0.3081570996978852,0.1782477341389728,0.2688821752265861,0.17522658610271905,0.1782477341389728,0.19637462235649547,0.2537764350453172,0.2175226586102719,0.27492447129909364,0.14501510574018128,0.2084592145015106,0.17522658610271905,0.024169184290030208,0.2175226586102719,0.2537764350453172,0.2507552870090635,0.18126888217522655,0.256797583081571,0.20241691842900306,0.2084592145015106
rTE56,0.2477341389728097,0.2175226586102719,0.20241691842900306,0.27794561933534745,0.21450151057401806,0.16012084592145015,0.229607250755287,0.2507552870090635,0.08157099697885196,0.18731117824773413,0.311178247734139,0.13897280966767372,0.3444108761329305,0.13595166163141995,0.0634441087613293,0.22356495468277945,0.23564954682779454,0.17220543806646527,0.17522658610271905,0.30513595166163143,0.17522658610271905,0.2628398791540785,0.18126888217522655,0.1903323262839879,0.18731117824773413,0.2628398791540785,0.21450151057401806,0.27794561933534745,0.14803625377643506,0.22356495468277945,0.1933534743202417,0.01812688821752266,0.22356495468277945,0.2628398791540785,0.22356495468277945,0.18429003021148035,0.2628398791540785,0.1903323262839879,0.20241691842900306
rTE60,0.2537764350453172,0.21148036253776434,0.20241691842900306,0.2870090634441088,0.21148036253776434,0.16314199395770393,0.2326283987915408,0.2416918429003021,0.09063444108761327,0.1933534743202417,0.311178247734139,0.1268882175226586,0.3444108761329305,0.13595166163141995,0.0634441087613293,0.22054380664652568,0.2326283987915408,0.1691842900302115,0.1691842900302115,0.30513595166163143,0.17522658610271905,0.2688821752265861,0.17522658610271905,0.18429003021148035,0.18731117824773413,0.2507552870090635,0.22054380664652568,0.27492447129909364,0.14501510574018128,0.21450151057401806,0.18429003021148035,0.027190332326283987,0.21450151057401806,0.2507552870090635,0.2537764350453172,0.17220543806646527,0.256797583081571,0.19637462235649547,0.2084592145015106
rTE8,0.2537764350453172,0.2054380664652568,0.22054380664652568,0.2960725075528701,0.22658610271903326,0.1540785498489426,0.2537764350453172,0.2447129909365559,0.09365558912386708,0.18731117824773413,0.3293051359516616,0.1268882175226586,0.3444108761329305,0.14803625377643506,0.06948640483383686,0.23867069486404835,0.22054380664652568,0.18731117824773413,0.1661631419939577,0.3081570996978852,0.18429003021148035,0.2688821752265861,0.2054380664652568,0.18429003021148035,0.2054380664652568,0.2507552870090635,0.22054380664652568,0.29003021148036257,0.1661631419939577,0.22356495468277945,0.19939577039274925,0.01812688821752266,0.2175226586102719,0.256797583081571,0.22356495468277945,0.19637462235649547,0.2477341389728097,0.2175226586102719,0.21148036253776434
Sorghum_bicolor_1,0.2447761194029851,0.20895522388059698,0.20597014925373133,0.28059701492537314,0.2388059701492537,0.1373134328358209,0.2328358208955224,0.25970149253731345,0.0626865671641791,0.19402985074626866,0.30149253731343284,0.1373134328358209,0.34626865671641793,0.16119402985074627,0.05373134328358209,0.2417910447761194,0.21791044776119406,0.16716417910447762,0.16119402985074627,0.29850746268656714,0.20895522388059698,0.2208955223880597,0.21194029850746268,0.18507462686567164,0.19104477611940301,0.24776119402985075,0.22388059701492535,0.23582089552238805,0.1791044776119403,0.21791044776119406,0.16716417910447762,0.023880597014925373,0.2149253731343284,0.2208955223880597,0.2567164179104477,0.16119402985074627,0.2746268656716418,0.19402985074626866,0.1791044776119403
Sorghum_bicolor_2,0.2515151515151515,0.19090909090909086,0.2333333333333333,0.2727272727272727,0.21818181818181814,0.19090909090909086,0.21818181818181814,0.2606060606060606,0.09393939393939392,0.22424242424242424,0.3090909090909091,0.13333333333333333,0.3333333333333333,0.15757575757575756,0.07575757575757576,0.2333333333333333,0.2212121212121212,0.1787878787878788,0.18181818181818185,0.30303030303030304,0.18787878787878787,0.24545454545454545,0.20303030303030306,0.19090909090909086,0.20606060606060608,0.2363636363636364,0.22424242424242424,0.2484848484848485,0.1696969696969697,0.22424242424242424,0.17575757575757575,0.02424242424242424,0.20606060606060608,0.2575757575757576,0.2363636363636364,0.1696969696969697,0.24242424242424246,0.2333333333333333,0.2
Sorghum_bicolor_4,0.21476510067114093,0.18791946308724836,0.22483221476510068,0.2651006711409396,0.23154362416107385,0.15436241610738255,0.2114093959731544,0.2986577181208054,0.0738255033557047,0.17785234899328858,0.3221476510067114,0.13087248322147652,0.3859060402684564,0.10738255033557048,0.053691275167785234,0.2181208053691275,0.2483221476510067,0.17114093959731544,0.15100671140939598,0.27181208053691275,0.2214765100671141,0.2550335570469799,0.15100671140939598,0.15436241610738255,0.2114093959731544,0.2416107382550336,0.19463087248322147,0.2550335570469799,0.1342281879194631,0.17114093959731544,0.15100671140939598,0.02348993288590604,0.17785234899328858,0.23825503355704694,0.2348993288590604,0.11073825503355704,0.2348993288590604,0.2214765100671141,0.16778523489932887
UcFatB1(197M-M199H),0.23466666666666666,0.21866666666666668,0.2453333333333333,0.248,0.2426666666666667,0.184,0.20800000000000002,0.28800000000000003,0.096,0.18933333333333333,0.3333333333333333,0.152,0.36,0.152,0.06133333333333332,0.22133333333333333,0.2373333333333333,0.2053333333333333,0.14933333333333335,0.33066666666666666,0.18133333333333332,0.256,0.21866666666666668,0.168,0.23199999999999998,0.2533333333333333,0.21066666666666667,0.2693333333333333,0.184,0.20266666666666666,0.18933333333333333,0.024,0.19466666666666665,0.2533333333333333,0.2293333333333333,0.15466666666666667,0.2773333333333333,0.22133333333333333,0.17600000000000002
UcFatB1(R197M-M199H-T231K),0.2373333333333333,0.22133333333333333,0.2426666666666667,0.25066666666666665,0.24,0.18666666666666668,0.21066666666666667,0.2853333333333333,0.09866666666666668,0.18933333333333333,0.3333333333333333,0.152,0.36,0.152,0.06133333333333332,0.22399999999999998,0.24,0.20266666666666666,0.14666666666666667,0.3333333333333333,0.17866666666666667,0.2533333333333333,0.22133333333333333,0.17066666666666666,0.2293333333333333,0.256,0.21333333333333332,0.26666666666666666,0.18666666666666668,0.2053333333333333,0.19466666666666665,0.024,0.19466666666666665,0.256,0.23199999999999998,0.152,0.28,0.21866666666666668,0.17866666666666667
UcFatB1(T231K),0.2293333333333333,0.22399999999999998,0.2453333333333333,0.25066666666666665,0.24,0.18666666666666668,0.21066666666666667,0.2853333333333333,0.09866666666666668,0.18933333333333333,0.3333333333333333,0.15733333333333333,0.36,0.152,0.06133333333333332,0.22133333333333333,0.2426666666666667,0.2053333333333333,0.14400000000000002,0.33066666666666666,0.18133333333333332,0.2533333333333333,0.22133333333333333,0.17066666666666666,0.23199999999999998,0.25866666666666666,0.21066666666666667,0.26666666666666666,0.18666666666666668,0.2053333333333333,0.192,0.02666666666666667,0.192,0.256,0.23199999999999998,0.152,0.2773333333333333,0.22133333333333333,0.17600000000000002
Ulmus_americana,0.22560975609756095,0.22560975609756095,0.22865853658536586,0.2896341463414634,0.2378048780487805,0.17682926829268292,0.23170731707317074,0.2896341463414634,0.0701219512195122,0.1951219512195122,0.31402439024390244,0.15853658536585366,0.35365853658536583,0.15548780487804878,0.06402439024390244,0.201219512195122,0.24390243902439024,0.19207317073170727,0.16158536585365854,0.3170731707317073,0.19207317073170727,0.25914634146341464,0.17073170731707318,0.2042682926829268,0.21036585365853655,0.2621951219512195,0.18902439024390244,0.2621951219512195,0.14329268292682926,0.23170731707317074,0.1859756097560976,0.021341463414634148,0.2042682926829268,0.27134146341463417,0.25609756097560976,0.15548780487804878,0.27439024390243905,0.2073170731707317,0.17682926829268292
Umbellularia_californica_(UcFatB1),0.2274247491638796,0.2274247491638796,0.2408026755852843,0.2508361204013378,0.24414715719063546,0.1839464882943144,0.22073578595317725,0.28762541806020064,0.10033444816053512,0.18729096989966554,0.3210702341137124,0.16722408026755853,0.3478260869565217,0.15384615384615385,0.06020066889632107,0.2040133779264214,0.2508361204013378,0.2040133779264214,0.1605351170568562,0.31438127090301005,0.18729096989966554,0.2608695652173913,0.20066889632107024,0.1705685618729097,0.21739130434782608,0.2709030100334448,0.2040133779264214,0.274247491638796,0.1605351170568562,0.21070234113712372,0.1806020066889632,0.026755852842809364,0.2140468227424749,0.27759197324414714,0.22073578595317725,0.1605351170568562,0.2709030100334448,0.2140468227424749,0.1839464882943144
Umbellularia_californica_(UcFatB2),0.2471264367816092,0.21551724137931036,0.2471264367816092,0.2672413793103448,0.2298850574712644,0.14367816091954022,0.21551724137931036,0.25287356321839083,0.08620689655172414,0.16091954022988506,0.3074712643678161,0.16666666666666666,0.3132183908045977,0.1781609195402299,0.057471264367816084,0.21264367816091956,0.2557471264367816,0.1781609195402299,0.16666666666666666,0.29310344827586204,0.19827586206896552,0.25,0.19827586206896552,0.1839080459770115,0.21264367816091956,0.2614942528735632,0.2241379310344828,0.25,0.16379310344827586,0.2183908045977012,0.1810344827586207,0.03160919540229885,0.20977011494252876,0.2413793103448276,0.2385057471264368,0.16666666666666666,0.2787356321839081,0.1925287356321839,0.1839080459770115
