enz_0,-1.103550295857988,-0.9467455621301774,-1.1715976331360944,-1.482248520710059,-1.6449704142011832,-1.1390532544378695,-1.059171597633136,-1.9437869822485208,-0.8254437869822484,-1.0177514792899407,-1.3136094674556211,-1.0828402366863903,-0.6804733727810651,-1.4201183431952658,-2.1952662721893494,-0.9497041420118342,-0.8491124260355029,-2.0118343195266277,-1.2988165680473371,-1.133136094674556
enz_1,-0.7257281553398057,-0.774271844660194,-0.8349514563106796,-1.2742718446601935,-1.492718446601942,-0.8907766990291263,-0.8640776699029125,-1.5485436893203886,-0.8252427184466021,-1.0145631067961165,-1.2427184466019416,-0.796116504854369,-0.6140776699029125,-1.2766990291262137,-1.5776699029126209,-0.4951456310679612,-0.4635922330097089,-1.8737864077669903,-1.1213592233009708,-0.9975728155339804
enz_2,-1.359872611464968,-1.3471337579617833,-1.3662420382165603,-1.808917197452229,-2.0445859872611467,-1.468152866242038,-1.3343949044585983,-2.337579617834395,-1.0509554140127388,-1.3949044585987262,-1.6210191082802548,-1.4490445859872612,-1.10828025477707,-1.7006369426751593,-2.7866242038216553,-1.2197452229299364,-1.0445859872611467,-2.6974522292993632,-1.5063694267515924,-1.43312101910828
enz_3,-1.079268292682927,-0.972560975609756,-1.0365853658536583,-1.4725609756097562,-1.5853658536585369,-1.125,-1.0274390243902438,-2.051829268292683,-0.8201219512195121,-1.0274390243902438,-1.3018292682926829,-1.0823170731707317,-0.5182926829268294,-1.329268292682927,-2.051829268292683,-0.9420731707317072,-0.7804878048780488,-1.9664634146341464,-1.2195121951219512,-1.1646341463414631
enz_4,-1.0975609756097562,-0.9359756097560976,-1.018292682926829,-1.4481707317073171,-1.4603658536585369,-1.0335365853658536,-0.9817073170731708,-2.091463414634146,-0.7652439024390244,-1.045731707317073,-1.2560975609756095,-1.0487804878048779,-0.4908536585365853,-1.2103658536585369,-2.091463414634146,-0.9085365853658536,-0.7560975609756097,-1.9024390243902443,-1.1920731707317072,-1.1310975609756095
enz_5,-1.146341463414634,-0.9908536585365852,-1.024390243902439,-1.481707317073171,-1.5091463414634143,-1.0853658536585369,-1.0,-2.106707317073171,-0.8231707317073171,-1.103658536585366,-1.3140243902439024,-1.1006097560975607,-0.5426829268292684,-1.2896341463414631,-2.1554878048780486,-0.9512195121951221,-0.7865853658536586,-1.9085365853658527,-1.1829268292682926,-1.195121951219512
enz_6,-1.0884146341463414,-0.9695121951219514,-1.018292682926829,-1.4329268292682926,-1.5548780487804876,-1.0884146341463414,-1.0060975609756095,-2.0670731707317067,-0.8384146341463414,-1.0518292682926829,-1.2835365853658536,-1.0762195121951221,-0.5335365853658537,-1.3414634146341464,-2.033536585365854,-0.929878048780488,-0.7439024390243903,-1.923780487804878,-1.2225609756097562,-1.1585365853658536
enz_7,-1.4233333333333331,-1.313333333333333,-1.5033333333333336,-1.8366666666666664,-1.97,-1.4733333333333332,-1.3166666666666664,-2.5333333333333328,-0.96,-1.303333333333333,-1.53,-1.5133333333333336,-0.8933333333333332,-1.593333333333333,-2.6133333333333333,-1.196666666666667,-1.08,-2.63,-1.46,-1.37
enz_8,-1.1138461538461542,-0.9692307692307696,-1.04,-1.4430769230769231,-1.4984615384615383,-1.0861538461538462,-1.0461538461538462,-1.9723076923076923,-0.7692307692307693,-0.9846153846153848,-1.313846153846154,-1.1107692307692307,-0.5938461538461537,-1.3076923076923077,-2.163076923076923,-0.9507692307692306,-0.7876923076923077,-2.0584615384615383,-1.1292307692307693,-1.1692307692307693
enz_9,-1.1272727272727272,-0.8969696969696971,-1.0030303030303027,-1.3606060606060606,-1.5121212121212122,-1.0212121212121217,-0.9848484848484848,-1.9333333333333331,-0.703030303030303,-1.0121212121212122,-1.306060606060606,-1.0272727272727271,-0.5575757575757576,-1.2848484848484851,-2.0333333333333328,-0.8424242424242424,-0.7727272727272727,-1.9242424242424243,-1.1636363636363636,-1.087878787878788
enz_10,-1.2347560975609757,-1.1676829268292683,-1.2987804878048783,-1.6310975609756095,-1.75,-1.2408536585365857,-1.1646341463414631,-2.265243902439024,-0.9390243902439024,-1.1768292682926829,-1.393292682926829,-1.3262195121951221,-0.6890243902439025,-1.4908536585365852,-2.3871951219512195,-1.0609756097560976,-0.9420731707317072,-2.3475609756097557,-1.3993902439024388,-1.2073170731707317
enz_11,-1.033149171270718,-1.0,-1.0303867403314917,-1.4834254143646408,-1.7734806629834252,-1.1519337016574585,-1.0193370165745856,-2.0303867403314917,-0.8397790055248617,-1.1712707182320439,-1.397790055248619,-1.085635359116022,-0.8232044198895027,-1.5441988950276244,-2.0193370165745854,-0.8066298342541439,-0.7790055248618784,-2.389502762430939,-1.3563535911602207,-1.1823204419889506
enz_12,-0.9774647887323944,-0.9267605633802816,-0.9098591549295774,-1.3859154929577464,-1.6591549295774648,-1.0647887323943659,-0.9183098591549296,-1.9267605633802816,-0.7661971830985915,-1.028169014084507,-1.4140845070422534,-0.9295774647887322,-0.6394366197183099,-1.4366197183098597,-1.949295774647888,-0.7267605633802817,-0.6394366197183099,-2.1154929577464783,-1.2676056338028172,-1.1352112676056338
enz_13,-0.9833333333333332,-1.0111111111111108,-0.9972222222222221,-1.4416666666666664,-1.6527777777777777,-1.1083333333333332,-1.05,-1.8638888888888887,-0.8638888888888892,-1.0722222222222222,-1.3638888888888887,-1.025,-0.7472222222222222,-1.5111111111111113,-1.9444444444444444,-0.7611111111111108,-0.7388888888888892,-2.2222222222222223,-1.3611111111111112,-1.175
enz_14,-0.9390581717451522,-0.9307479224376732,-0.8448753462603878,-1.2825484764542938,-1.562326869806094,-0.9750692520775622,-0.9529085872576176,-1.8448753462603882,-0.6952908587257618,-1.0110803324099722,-1.3518005540166207,-0.9861495844875346,-0.5595567867036011,-1.376731301939058,-1.933518005540166,-0.6648199445983379,-0.6481994459833795,-2.0831024930747923,-1.2188365650969528,-1.0775623268698058
enz_15,-0.9281767955801103,-0.9005524861878452,-0.8176795580110497,-1.3093922651933705,-1.5607734806629832,-1.0,-0.93646408839779,-1.7900552486187848,-0.7292817679558011,-0.9889502762430938,-1.259668508287293,-0.9226519337016574,-0.4917127071823205,-1.3232044198895028,-1.8535911602209945,-0.6850828729281768,-0.6491712707182321,-2.0745856353591163,-1.2127071823204418,-1.0276243093922652
enz_16,-1.1768292682926829,-1.1920731707317072,-1.268292682926829,-1.6554878048780488,-1.8140243902439024,-1.371951219512195,-1.25,-2.2225609756097557,-0.9817073170731708,-1.2164634146341464,-1.4481707317073171,-1.3658536585365857,-0.7378048780487805,-1.6036585365853657,-2.3079268292682933,-1.0579268292682926,-0.929878048780488,-2.4786585365853657,-1.4695121951219512,-1.2926829268292683
enz_17,-1.0196629213483146,-0.9185393258426964,-0.8820224719101123,-1.3483146067415728,-1.6264044943820224,-1.0646067415730338,-0.8960674157303372,-1.8623595505617976,-0.6853932584269663,-0.9915730337078654,-1.252808988764045,-0.9325842696629214,-0.6601123595505618,-1.306179775280899,-1.9550561797752808,-0.6910112359550561,-0.6264044943820225,-2.095505617977528,-1.1488764044943822,-1.0870786516853934
enz_18,-1.072423398328691,-1.0362116991643453,-1.044568245125348,-1.4707520891364902,-1.807799442896936,-1.1559888579387188,-0.9972144846796656,-2.0612813370473537,-0.9080779944289692,-1.1281337047353759,-1.3983286908077992,-1.0557103064066853,-0.7493036211699164,-1.5292479108635098,-2.047353760445682,-0.8272980501392758,-0.7604456824512535,-2.35933147632312,-1.3760445682451254,-1.1977715877437327
enz_19,-1.041551246537396,-1.0304709141274238,-0.9667590027700832,-1.5124653739612188,-1.7091412742382268,-1.1052631578947367,-1.0526315789473684,-1.977839335180056,-0.8559556786703602,-1.0858725761772852,-1.3795013850415512,-1.080332409972299,-0.6842105263157896,-1.5207756232686978,-2.1301939058171744,-0.8282548476454292,-0.7091412742382271,-2.332409972299169,-1.371191135734072,-1.1883656509695288
enz_20,-0.9694444444444444,-0.8833333333333332,-0.9,-1.325,-1.6222222222222218,-1.0444444444444445,-0.925,-1.8583333333333327,-0.8555555555555556,-0.9972222222222221,-1.2527777777777775,-0.9194444444444446,-0.6027777777777777,-1.35,-1.9444444444444444,-0.6972222222222222,-0.5944444444444444,-2.0666666666666678,-1.2638888888888888,-1.0583333333333331
enz_21,-1.041551246537396,-1.0470914127423825,-1.0498614958448749,-1.5401662049861498,-1.8337950138504155,-1.2077562326869806,-1.0969529085872576,-2.0332409972299166,-0.9141274238227148,-1.1578947368421053,-1.4404432132963991,-1.1218836565096952,-0.7396121883656511,-1.5789473684210524,-2.1024930747922435,-0.8448753462603878,-0.7756232686980609,-2.4127423822714684,-1.373961218836565,-1.2243767313019391
enz_22,-1.226006191950464,-1.071207430340557,-1.1981424148606812,-1.5944272445820433,-1.8482972136222915,-1.294117647058824,-1.1455108359133126,-2.191950464396285,-0.8823529411764705,-1.1702786377708976,-1.4024767801857585,-1.238390092879257,-0.761609907120743,-1.5510835913312693,-2.2817337461300307,-1.040247678018576,-0.9287925696594426,-2.3777089783281724,-1.3900928792569662,-1.2414860681114552
enz_23,-1.138801261829653,-1.0126182965299684,-1.0851735015772863,-1.5078864353312302,-1.6593059936908516,-1.1293375394321767,-1.1261829652996846,-2.1261829652996846,-0.8264984227129338,-1.0315457413249214,-1.3753943217665616,-1.1577287066246056,-0.5772870662460567,-1.4132492113564668,-2.1798107255520507,-0.9621451104100948,-0.8233438485804416,-2.154574132492113,-1.2839116719242905,-1.1514195583596212
enz_24,-0.9634831460674158,-0.8764044943820225,-0.952247191011236,-1.3398876404494382,-1.6713483146067418,-1.002808988764045,-0.8286516853932584,-1.8230337078651688,-0.7780898876404494,-1.053370786516854,-1.3258426966292132,-0.9550561797752808,-0.7275280898876404,-1.3848314606741576,-1.8483146067415728,-0.7219101123595506,-0.6404494382022472,-2.1348314606741567,-1.2191011235955056,-1.1264044943820226
enz_25,-1.1716867469879515,-1.1656626506024097,-1.25,-1.6716867469879515,-1.816265060240964,-1.3042168674698795,-1.2740963855421688,-2.1897590361445785,-0.9969879518072284,-1.1626506024096384,-1.3975903614457832,-1.3072289156626506,-0.7469879518072288,-1.4969879518072289,-2.2319277108433737,-1.0512048192771084,-0.7951807228915662,-2.4518072289156625,-1.4277108433734942,-1.2620481927710845
enz_26,-1.1094224924012157,-0.9848024316109422,-1.0395136778115501,-1.47112462006079,-1.5896656534954403,-1.1246200607902737,-1.0668693009118542,-2.0182370820668694,-0.844984802431611,-1.009118541033435,-1.2462006079027357,-1.127659574468085,-0.5744680851063829,-1.319148936170213,-1.9665653495440727,-0.8662613981762917,-0.7568389057750758,-1.9939209726443767,-1.1884498480243162,-1.133738601823708
enz_27,-1.280864197530864,-1.25,-1.3209876543209875,-1.7530864197530864,-1.9567901234567902,-1.4351851851851851,-1.2592592592592593,-2.3981481481481484,-1.1080246913580247,-1.3302469135802468,-1.5277777777777777,-1.4012345679012344,-0.9228395061728396,-1.6759259259259258,-2.438271604938272,-1.1388888888888888,-1.0,-2.6574074074074074,-1.5370370370370368,-1.3827160493827158
enz_28,-0.887218045112782,-0.8646616541353382,-0.917293233082707,-1.4110275689223055,-1.556390977443609,-1.00250626566416,-1.025062656641604,-1.7794486215538845,-0.8521303258145363,-1.0,-1.2531328320802002,-0.9022556390977444,-0.6165413533834586,-1.3358395989974938,-1.7593984962406015,-0.5764411027568922,-0.5463659147869674,-2.025062656641604,-1.2456140350877194,-1.0375939849624063
enz_29,-0.8822055137844611,-0.8571428571428571,-0.869674185463659,-1.380952380952381,-1.5087719298245612,-1.0476190476190477,-1.0401002506265664,-1.7368421052631582,-0.8847117794486214,-0.9924812030075189,-1.2481203007518795,-0.9223057644110274,-0.6365914786967418,-1.3383458646616542,-1.8045112781954888,-0.5839598997493736,-0.543859649122807,-2.0275689223057642,-1.275689223057644,-1.0350877192982455
enz_30,-0.8295739348370926,-0.807017543859649,-0.8721804511278195,-1.3383458646616542,-1.5012531328320795,-0.9774436090225564,-0.9699248120300752,-1.716791979949875,-0.8320802005012531,-1.012531328320802,-1.2481203007518795,-0.8771929824561403,-0.5814536340852129,-1.2781954887218046,-1.6942355889724308,-0.5363408521303257,-0.5187969924812031,-1.9473684210526316,-1.238095238095238,-1.0275689223057645
enz_31,-0.844611528822055,-0.8120300751879698,-0.8771929824561403,-1.3558897243107768,-1.486215538847118,-0.9849624060150376,-0.9674185463659148,-1.7192982456140349,-0.8345864661654134,-1.012531328320802,-1.2030075187969922,-0.8646616541353382,-0.5714285714285713,-1.2882205513784462,-1.6867167919799502,-0.5739348370927319,-0.5187969924812031,-1.9624060150375937,-1.2205513784461155,-0.9899749373433586
enz_32,-0.8646616541353382,-0.8471177944862156,-0.8671679197994988,-1.3659147869674186,-1.533834586466165,-1.0200501253132832,-1.0050125313283207,-1.7042606516290724,-0.8746867167919798,-0.9899749373433586,-1.2230576441102756,-0.8671679197994988,-0.6240601503759399,-1.318295739348371,-1.7042606516290724,-0.5488721804511278,-0.5463659147869674,-1.9548872180451131,-1.2581453634085211,-1.0401002506265664
enz_33,-0.8320802005012531,-0.7969924812030074,-0.8571428571428571,-1.3558897243107768,-1.4761904761904765,-1.0075187969924813,-0.9548872180451129,-1.7042606516290724,-0.8295739348370926,-0.9899749373433586,-1.2481203007518795,-0.8370927318295738,-0.5614035087719297,-1.2781954887218046,-1.6566416040100251,-0.5137844611528823,-0.5037593984962406,-1.9624060150375937,-1.2406015037593985,-1.0375939849624063
enz_34,-0.8847117794486214,-0.8646616541353382,-0.8847117794486214,-1.3558897243107768,-1.5313283208020048,-1.0200501253132832,-1.0075187969924813,-1.7418546365914789,-0.8496240601503758,-1.0375939849624063,-1.2681704260651627,-0.9072681704260652,-0.6265664160401001,-1.3433583959899749,-1.7518796992481205,-0.5864661654135337,-0.531328320802005,-2.0100250626566414,-1.2556390977443608,-1.0275689223057645
enz_35,-0.8671679197994988,-0.8120300751879698,-0.8421052631578947,-1.3408521303258143,-1.5037593984962403,-1.0275689223057645,-0.9799498746867171,-1.68922305764411,-0.8646616541353382,-1.0050125313283207,-1.2105263157894737,-0.8571428571428571,-0.6040100250626568,-1.3032581453634084,-1.7418546365914789,-0.5463659147869674,-0.5213032581453633,-1.9849624060150373,-1.2355889724310778,-1.0075187969924813
enz_36,-0.8120300751879698,-0.8395989974937343,-0.862155388471178,-1.333333333333333,-1.4586466165413532,-0.9749373433583962,-0.9674185463659148,-1.68922305764411,-0.7869674185463656,-1.00250626566416,-1.200501253132832,-0.8571428571428571,-0.5939849624060151,-1.2055137844611532,-1.6741854636591476,-0.5162907268170426,-0.4987468671679197,-1.9799498746867168,-1.1804511278195486,-1.0701754385964912
enz_37,-0.8671679197994988,-0.862155388471178,-0.862155388471178,-1.3483709273182956,-1.5263157894736843,-1.0375939849624063,-1.00250626566416,-1.7393483709273183,-0.8521303258145363,-1.025062656641604,-1.238095238095238,-0.8947368421052628,-0.6140350877192983,-1.3408521303258143,-1.7468671679197998,-0.5814536340852129,-0.5363408521303257,-2.0075187969924806,-1.2531328320802002,-1.0175438596491229
enz_38,-0.8922305764411027,-0.807017543859649,-0.887218045112782,-1.3433583959899749,-1.4962406015037597,-1.0075187969924813,-1.0175438596491229,-1.7268170426065164,-0.844611528822055,-0.9849624060150376,-1.2205513784461155,-0.8947368421052628,-0.6115288220551378,-1.2957393483709274,-1.774436090225564,-0.5588972431077694,-0.5137844611528823,-2.0,-1.238095238095238,-1.00250626566416
enz_39,-0.8671679197994988,-0.844611528822055,-0.8771929824561403,-1.3609022556390975,-1.5162907268170425,-1.0,-0.9924812030075189,-1.7318295739348373,-0.8521303258145363,-1.0100250626566416,-1.2280701754385963,-0.8771929824561403,-0.5864661654135337,-1.3057644110275688,-1.7293233082706767,-0.5714285714285713,-0.5213032581453633,-1.9824561403508767,-1.2456140350877194,-1.0100250626566416
enz_40,-0.8370927318295738,-0.8195488721804511,-0.8771929824561403,-1.3157894736842106,-1.5213032581453632,-0.9749373433583962,-0.9849624060150376,-1.734335839598997,-0.8220551378446116,-0.9924812030075189,-1.2305764411027569,-0.8972431077694235,-0.5889724310776943,-1.3032581453634084,-1.714285714285714,-0.5588972431077694,-0.5413533834586465,-1.9699248120300752,-1.2305764411027569,-1.00250626566416
enz_41,-0.8521303258145363,-0.802005012531328,-0.8596491228070176,-1.3433583959899749,-1.486215538847118,-1.0,-0.9774436090225564,-1.7067669172932332,-0.8095238095238094,-0.9924812030075189,-1.2230576441102756,-0.844611528822055,-0.5939849624060151,-1.2957393483709274,-1.7192982456140349,-0.5413533834586465,-0.4987468671679197,-2.0100250626566414,-1.2030075187969922,-1.025062656641604
enz_42,-0.8395989974937343,-0.807017543859649,-0.8320802005012531,-1.283208020050125,-1.4736842105263157,-0.987468671679198,-0.9674185463659148,-1.6716791979949877,-0.8245614035087718,-0.987468671679198,-1.2030075187969922,-0.8295739348370926,-0.5864661654135337,-1.2556390977443608,-1.6691729323308269,-0.5238095238095238,-0.5187969924812031,-1.9423558897243107,-1.2055137844611532,-1.0175438596491229
enz_43,-0.8496240601503758,-0.8471177944862156,-0.8546365914786967,-1.3508771929824561,-1.4786967418546366,-0.987468671679198,-0.9849624060150376,-1.716791979949875,-0.8421052631578947,-1.0175438596491229,-1.2330827067669172,-0.862155388471178,-0.5814536340852129,-1.2606516290726817,-1.6791979949874687,-0.5288220551378446,-0.5238095238095238,-1.9197994987468672,-1.2205513784461155,-1.0200501253132832
enz_44,-0.8345864661654134,-0.844611528822055,-0.8771929824561403,-1.3258145363408522,-1.4636591478696739,-0.987468671679198,-0.9624060150375938,-1.7067669172932332,-0.8370927318295738,-1.0100250626566416,-1.25062656641604,-0.8972431077694235,-0.543859649122807,-1.3157894736842106,-1.684210526315789,-0.5388471177944864,-0.5238095238095238,-1.9624060150375937,-1.2230576441102756,-1.0175438596491229
enz_45,-0.8796992481203006,-0.8496240601503758,-0.9097744360902256,-1.3684210526315788,-1.518796992481203,-1.0150375939849623,-1.0175438596491229,-1.7293233082706767,-0.869674185463659,-1.012531328320802,-1.2230576441102756,-0.8897243107769423,-0.6165413533834586,-1.333333333333333,-1.761904761904762,-0.5989974937343359,-0.531328320802005,-2.0325814536340854,-1.2556390977443608,-1.0225563909774436
enz_46,-0.8796992481203006,-0.8646616541353382,-0.9147869674185464,-1.3834586466165413,-1.533834586466165,-1.045112781954887,-1.025062656641604,-1.7568922305764414,-0.8771929824561403,-1.025062656641604,-1.25062656641604,-0.9072681704260652,-0.6165413533834586,-1.3233082706766914,-1.791979949874687,-0.6090225563909775,-0.5413533834586465,-2.0350877192982457,-1.2681704260651627,-1.025062656641604
enz_47,-0.8746867167919798,-0.8195488721804511,-0.887218045112782,-1.3734335839598997,-1.518796992481203,-1.0200501253132832,-1.0050125313283207,-1.7017543859649125,-0.8270676691729321,-0.9824561403508774,-1.2606516290726817,-0.8822055137844611,-0.6140350877192983,-1.2932330827067668,-1.7368421052631582,-0.556390977443609,-0.493734335839599,-1.9874686716791985,-1.2280701754385963,-1.025062656641604
enz_48,-0.8571428571428571,-0.8195488721804511,-0.8822055137844611,-1.3358395989974938,-1.488721804511278,-1.00250626566416,-0.9899749373433586,-1.6942355889724308,-0.8195488721804511,-0.9749373433583962,-1.2205513784461155,-0.8646616541353382,-0.5889724310776943,-1.300751879699248,-1.7293233082706767,-0.5388471177944864,-0.506265664160401,-2.0100250626566414,-1.2030075187969922,-1.0100250626566416
enz_49,-0.8596491228070176,-0.8195488721804511,-0.887218045112782,-1.3233082706766914,-1.4736842105263157,-0.9899749373433586,-0.9774436090225564,-1.714285714285714,-0.8646616541353382,-0.9924812030075189,-1.2305764411027569,-0.8771929824561403,-0.5739348370927319,-1.2731829573934836,-1.7042606516290724,-0.5463659147869674,-0.5288220551378446,-1.974937343358396,-1.2305764411027569,-1.0050125313283207
enz_50,-0.8793969849246231,-0.8793969849246231,-0.8743718592964824,-1.3643216080402008,-1.5276381909547738,-1.0226130653266332,-1.0351758793969847,-1.7336683417085428,-0.8994974874371859,-1.0226130653266332,-1.2537688442211057,-0.9070351758793967,-0.6557788944723617,-1.3115577889447234,-1.7814070351758795,-0.5804020100502513,-0.565326633165829,-1.9874371859296482,-1.2587939698492463,-1.0552763819095476
enz_51,-0.8370927318295738,-0.8170426065162906,-0.8546365914786967,-1.3283208020050123,-1.5162907268170425,-0.9774436090225564,-0.9749373433583962,-1.7192982456140349,-0.802005012531328,-1.00250626566416,-1.2456140350877194,-0.8947368421052628,-0.5964912280701754,-1.3308270676691727,-1.7192982456140349,-0.5689223057644112,-0.5137844611528823,-2.0125313283208017,-1.2330827067669172,-1.0050125313283207
enz_52,-0.8596491228070176,-0.8145363408521303,-0.8822055137844611,-1.3258145363408522,-1.4987468671679196,-1.0150375939849623,-0.9824561403508774,-1.7443609022556392,-0.8596491228070176,-0.9924812030075189,-1.2431077694235586,-0.8796992481203006,-0.5939849624060151,-1.3107769423558897,-1.7092731829573935,-0.5789473684210527,-0.5112781954887218,-1.9949874686716795,-1.2030075187969922,-1.0100250626566416
enz_53,-0.8345864661654134,-0.8045112781954886,-0.8847117794486214,-1.3157894736842106,-1.4962406015037597,-0.9899749373433586,-0.9774436090225564,-1.7017543859649125,-0.8395989974937343,-1.0225563909774436,-1.2305764411027569,-0.8521303258145363,-0.5538847117794486,-1.2807017543859651,-1.68922305764411,-0.5463659147869674,-0.5187969924812031,-1.9824561403508767,-1.2105263157894737,-1.0225563909774436
enz_54,-0.8796992481203006,-0.8395989974937343,-0.9047619047619048,-1.3558897243107768,-1.5012531328320795,-1.0075187969924813,-0.9849624060150376,-1.716791979949875,-0.8796992481203006,-1.0,-1.2280701754385963,-0.869674185463659,-0.5889724310776943,-1.3107769423558897,-1.7268170426065164,-0.5864661654135337,-0.5112781954887218,-1.9799498746867168,-1.213032581453634,-1.012531328320802
enz_55,-0.8746867167919798,-0.869674185463659,-0.8771929824561403,-1.3458646616541352,-1.4962406015037597,-1.0275689223057645,-0.9974937343358398,-1.7268170426065164,-0.8471177944862156,-1.0100250626566416,-1.225563909774436,-0.8897243107769423,-0.6115288220551378,-1.3082706766917294,-1.7518796992481205,-0.5664160401002505,-0.531328320802005,-1.9799498746867168,-1.2406015037593985,-1.0075187969924813
enz_56,-0.8847117794486214,-0.844611528822055,-0.9147869674185464,-1.3834586466165413,-1.5263157894736843,-1.025062656641604,-1.012531328320802,-1.7568922305764414,-0.869674185463659,-0.987468671679198,-1.2180451127819547,-0.8546365914786967,-0.5789473684210527,-1.2857142857142858,-1.74937343358396,-0.5814536340852129,-0.5338345864661654,-2.0275689223057642,-1.2355889724310778,-1.0050125313283207
enz_57,-0.8796992481203006,-0.8395989974937343,-0.912280701754386,-1.3609022556390975,-1.5213032581453632,-1.0200501253132832,-0.9949874686716792,-1.7243107769423551,-0.8496240601503758,-1.0050125313283207,-1.2205513784461155,-0.8746867167919798,-0.5714285714285713,-1.3057644110275688,-1.734335839598997,-0.5989974937343359,-0.5513784461152882,-2.00501253132832,-1.2431077694235586,-0.987468671679198
enz_58,-0.8521303258145363,-0.794486215538847,-0.912280701754386,-1.3433583959899749,-1.4786967418546366,-0.9473684210526316,-0.9749373433583962,-1.7318295739348373,-0.8345864661654134,-0.9774436090225564,-1.2456140350877194,-0.8771929824561403,-0.5839598997493736,-1.3057644110275688,-1.7042606516290724,-0.5739348370927319,-0.5538847117794486,-1.9949874686716795,-1.2406015037593985,-1.0175438596491229
enz_59,-0.8796992481203006,-0.8421052631578947,-0.924812030075188,-1.3433583959899749,-1.5588972431077694,-0.9849624060150376,-0.9774436090225564,-1.7243107769423551,-0.8571428571428571,-0.9924812030075189,-1.2606516290726817,-0.8771929824561403,-0.5689223057644112,-1.2857142857142858,-1.7393483709273183,-0.5914786967418546,-0.5513784461152882,-2.0125313283208017,-1.2330827067669172,-0.9924812030075189
enz_60,-0.8395989974937343,-0.8295739348370926,-0.8521303258145363,-1.3283208020050123,-1.4736842105263157,-0.9724310776942354,-0.9774436090225564,-1.6992481203007517,-0.8170426065162906,-1.0275689223057645,-1.2355889724310778,-0.8721804511278195,-0.5889724310776943,-1.300751879699248,-1.6791979949874687,-0.5639097744360902,-0.5162907268170426,-1.9598997493734327,-1.2055137844611532,-1.012531328320802
enz_61,-0.8847117794486214,-0.8521303258145363,-0.9223057644110274,-1.3458646616541352,-1.538847117794486,-0.9924812030075189,-0.9899749373433586,-1.7243107769423551,-0.8471177944862156,-0.9799498746867171,-1.2355889724310778,-0.8571428571428571,-0.5639097744360902,-1.2706766917293233,-1.7543859649122806,-0.5664160401002505,-0.5363408521303257,-1.9699248120300752,-1.2355889724310778,-0.9799498746867171
enz_62,-0.8796992481203006,-0.862155388471178,-0.9197994987468672,-1.3032581453634084,-1.5213032581453632,-1.0150375939849623,-1.0100250626566416,-1.7393483709273183,-0.8521303258145363,-0.9949874686716792,-1.2305764411027569,-0.8546365914786967,-0.606516290726817,-1.3107769423558897,-1.761904761904762,-0.5889724310776943,-0.543859649122807,-2.025062656641604,-1.2531328320802002,-0.9949874686716792
enz_63,-0.8571428571428571,-0.8571428571428571,-0.8571428571428571,-1.333333333333333,-1.5112781954887216,-1.012531328320802,-0.9674185463659148,-1.734335839598997,-0.8496240601503758,-0.987468671679198,-1.2581453634085211,-0.8897243107769423,-0.5864661654135337,-1.3208020050125313,-1.7669172932330828,-0.5614035087719297,-0.5513784461152882,-1.9949874686716795,-1.2706766917293233,-1.0300751879699248
enz_64,-0.8746867167919798,-0.8270676691729321,-0.8771929824561403,-1.3258145363408522,-1.5012531328320795,-0.9849624060150376,-0.9699248120300752,-1.7318295739348373,-0.8345864661654134,-1.0150375939849623,-1.225563909774436,-0.8546365914786967,-0.6015037593984961,-1.3107769423558897,-1.7067669172932332,-0.5614035087719297,-0.5263157894736842,-1.9448621553884715,-1.2330827067669172,-1.0075187969924813
enz_65,-0.8521303258145363,-0.8145363408521303,-0.8596491228070176,-1.3283208020050123,-1.513784461152882,-1.0,-0.9674185463659148,-1.7268170426065164,-0.8521303258145363,-0.9824561403508774,-1.2230576441102756,-0.8646616541353382,-0.6115288220551378,-1.275689223057644,-1.714285714285714,-0.5413533834586465,-0.543859649122807,-1.9799498746867168,-1.2581453634085211,-0.9974937343358398
enz_66,-0.887218045112782,-0.8496240601503758,-0.8746867167919798,-1.3533834586466165,-1.5263157894736843,-1.012531328320802,-0.9849624060150376,-1.7218045112781954,-0.844611528822055,-1.0,-1.2481203007518795,-0.8721804511278195,-0.6115288220551378,-1.3283208020050123,-1.7518796992481205,-0.5513784461152882,-0.543859649122807,-1.9649122807017545,-1.2481203007518795,-1.0075187969924813
enz_67,-0.8947368421052628,-0.8972431077694235,-0.912280701754386,-1.3558897243107768,-1.5413533834586466,-1.0150375939849623,-1.0175438596491229,-1.7218045112781954,-0.862155388471178,-0.9774436090225564,-1.2330827067669172,-0.8947368421052628,-0.5939849624060151,-1.318295739348371,-1.7518796992481205,-0.5814536340852129,-0.5338345864661654,-2.022556390977444,-1.2606516290726817,-1.0225563909774436
enz_68,-0.8796992481203006,-0.8822055137844611,-0.912280701754386,-1.3734335839598997,-1.5789473684210524,-1.0350877192982455,-1.0275689223057645,-1.7593984962406015,-0.8822055137844611,-1.0100250626566416,-1.2681704260651627,-0.917293233082707,-0.6265664160401001,-1.3458646616541352,-1.7819548872180453,-0.6090225563909775,-0.5588972431077694,-2.022556390977444,-1.2606516290726817,-1.012531328320802
enz_69,-0.8220551378446116,-0.7869674185463656,-0.869674185463659,-1.3208020050125313,-1.4310776942355887,-0.9473684210526316,-0.9548872180451129,-1.684210526315789,-0.8095238095238094,-1.0275689223057645,-1.2355889724310778,-0.8521303258145363,-0.5839598997493736,-1.3233082706766914,-1.666666666666667,-0.5213032581453633,-0.5513784461152882,-1.9223057644110275,-1.2080200501253129,-1.0476190476190477
enz_70,-0.8421052631578947,-0.7969924812030074,-0.862155388471178,-1.370927318295739,-1.4661654135338344,-0.9824561403508774,-0.9799498746867171,-1.6741854636591476,-0.807017543859649,-0.9949874686716792,-1.1954887218045112,-0.8521303258145363,-0.6090225563909775,-1.25062656641604,-1.7243107769423551,-0.5538847117794486,-0.5162907268170426,-1.9649122807017545,-1.2330827067669172,-1.0075187969924813
enz_71,-0.8295739348370926,-0.8796992481203006,-0.869674185463659,-1.3458646616541352,-1.4310776942355887,-0.9899749373433586,-1.00250626566416,-1.6942355889724308,-0.8045112781954886,-1.0175438596491229,-1.1929824561403508,-0.8646616541353382,-0.5664160401002505,-1.225563909774436,-1.7268170426065164,-0.5664160401002505,-0.5012531328320801,-2.0275689223057642,-1.1854636591478696,-1.0726817042606516
enz_72,-0.844611528822055,-0.7994987468671679,-0.8997493734335839,-1.3483709273182956,-1.5062656641604009,-0.9899749373433586,-0.9924812030075189,-1.6716791979949877,-0.8395989974937343,-1.06265664160401,-1.2280701754385963,-0.9097744360902256,-0.6090225563909775,-1.2807017543859651,-1.761904761904762,-0.5739348370927319,-0.5714285714285713,-1.9423558897243107,-1.1954887218045112,-1.0676691729323309
enz_73,-0.8421052631578947,-0.8295739348370926,-0.8771929824561403,-1.3258145363408522,-1.5087719298245612,-1.0075187969924813,-0.987468671679198,-1.6967418546365916,-0.8546365914786967,-1.0325814536340852,-1.2456140350877194,-0.8822055137844611,-0.5764411027568922,-1.300751879699248,-1.7192982456140349,-0.543859649122807,-0.5213032581453633,-1.9223057644110275,-1.225563909774436,-1.0476190476190477
enz_74,-0.8897243107769423,-0.8521303258145363,-0.8972431077694235,-1.3784461152882204,-1.5764411027568923,-1.012531328320802,-1.0,-1.7719298245614037,-0.887218045112782,-0.9674185463659148,-1.2355889724310778,-0.8571428571428571,-0.5864661654135337,-1.2932330827067668,-1.7543859649122806,-0.5689223057644112,-0.5388471177944864,-2.06766917293233,-1.2581453634085211,-1.0
enz_75,-0.8496240601503758,-0.8295739348370926,-0.8847117794486214,-1.3583959899749374,-1.488721804511278,-1.0050125313283207,-1.00250626566416,-1.7067669172932332,-0.8421052631578947,-1.025062656641604,-1.263157894736842,-0.887218045112782,-0.5989974937343359,-1.31328320802005,-1.7042606516290724,-0.543859649122807,-0.5162907268170426,-1.9423558897243107,-1.213032581453634,-1.0175438596491229
enz_76,-1.0664652567975828,-0.8821752265861028,-0.9637462235649548,-1.3625377643504533,-1.5045317220543806,-0.978851963746224,-0.9305135951661632,-1.9365558912386704,-0.7069486404833837,-0.9909365558912386,-1.2809667673716014,-0.987915407854985,-0.5800604229607251,-1.341389728096677,-1.9697885196374625,-0.8308157099697884,-0.7039274924471299,-1.9274924471299093,-1.1419939577039275,-1.0755287009063443
enz_77,-1.1630769230769231,-0.953846153846154,-1.0307692307692309,-1.48,-1.5015384615384617,-1.0461538461538462,-1.0676923076923075,-2.0738461538461537,-0.7815384615384614,-1.0246153846153847,-1.3446153846153843,-1.083076923076923,-0.5723076923076922,-1.3415384615384616,-2.163076923076923,-0.9661538461538459,-0.8215384615384614,-2.086153846153846,-1.1969230769230768,-1.1846153846153846
enz_78,-1.0664652567975828,-0.9305135951661632,-1.0483383685800605,-1.3716012084592144,-1.5951661631419942,-1.0694864048338368,-0.9728096676737159,-2.039274924471299,-0.7039274924471299,-1.081570996978852,-1.3293051359516617,-1.081570996978852,-0.6072507552870092,-1.3534743202416921,-2.1389728096676737,-0.9214501510574018,-0.7854984894259817,-2.039274924471299,-1.18429003021148,-1.0725075528700907
enz_79,-1.3419354838709678,-1.1419354838709677,-1.3064516129032255,-1.6870967741935483,-1.9161290322580644,-1.335483870967742,-1.2483870967741937,-2.2903225806451615,-1.019354838709677,-1.2387096774193551,-1.5161290322580645,-1.3096774193548386,-0.8935483870967743,-1.6290322580645158,-2.6451612903225805,-1.1290322580645158,-0.9870967741935486,-2.4903225806451608,-1.4354838709677422,-1.261290322580645
enz_80,-1.0410557184750733,-0.8944281524926687,-1.0381231671554252,-1.3284457478005864,-1.4545454545454544,-0.9824046920821112,-0.8299120234604108,-1.9501466275659824,-0.7038123167155425,-0.9736070381231674,-1.2727272727272727,-0.9912023460410556,-0.5425219941348973,-1.2785923753665691,-1.9296187683284456,-0.8885630498533724,-0.8123167155425219,-1.8739002932551319,-1.1700879765395895,-1.0967741935483872
enz_81,-1.1172839506172842,-1.0771604938271604,-1.1388888888888888,-1.4660493827160497,-1.5493827160493825,-1.1327160493827158,-1.0864197530864197,-2.049382716049383,-0.839506172839506,-1.0709876543209875,-1.2870370370370368,-1.1759259259259258,-0.5586419753086421,-1.3179012345679009,-2.1296296296296298,-0.9691358024691356,-0.8518518518518517,-2.0308641975308643,-1.1913580246913582,-1.1728395061728396
enz_82,-1.1512345679012344,-1.0246913580246917,-1.1265432098765429,-1.4197530864197532,-1.5123456790123455,-1.0956790123456788,-1.0617283950617282,-2.009259259259259,-0.7993827160493827,-1.0617283950617282,-1.3024691358024691,-1.1358024691358024,-0.5833333333333334,-1.3117283950617282,-2.151234567901235,-0.9351851851851856,-0.8425925925925924,-2.0216049382716053,-1.166666666666667,-1.1049382716049383
enz_83,-1.0332326283987918,-0.8308157099697884,-0.9335347432024168,-1.2900302114803623,-1.4652567975830812,-0.9244712990936558,-0.9577039274924471,-1.9637462235649548,-0.5770392749244713,-1.018126888217523,-1.2839879154078553,-0.987915407854985,-0.5347432024169184,-1.2326283987915407,-1.9093655589123868,-0.7854984894259817,-0.7190332326283988,-1.8187311178247727,-1.1178247734138973,-1.0876132930513598
enz_84,-1.0083565459610029,-0.8662952646239553,-0.9359331476323121,-1.3091922005571033,-1.5125348189415042,-0.9108635097493036,-0.8272980501392758,-1.8690807799442897,-0.7353760445682451,-0.958217270194986,-1.2813370473537602,-0.9303621169916434,-0.5793871866295265,-1.3454038997214484,-1.8941504178272976,-0.7325905292479109,-0.6350974930362117,-1.9805013927576598,-1.15041782729805,-1.0668523676880224
enz_85,-1.2919075144508672,-1.2080924855491328,-1.416184971098266,-1.7572254335260111,-2.109826589595376,-1.4421965317919077,-1.2890173410404626,-2.375722543352601,-1.2572254335260111,-1.317919075144509,-1.5317919075144508,-1.4190751445086704,-1.1156069364161847,-1.7485549132947975,-2.4768786127167632,-1.1445086705202314,-1.0780346820809248,-2.8843930635838158,-1.6040462427745663,-1.283236994219653
enz_86,-1.3894389438943897,-1.2409240924092408,-1.3630363036303628,-1.6798679867986797,-1.9108910891089104,-1.3795379537953794,-1.2607260726072609,-2.3894389438943895,-0.9075907590759076,-1.1782178217821777,-1.5016501650165015,-1.3696369636963697,-0.8217821782178217,-1.518151815181518,-2.5874587458745872,-1.1353135313531355,-0.9537953795379538,-2.4851485148514847,-1.3927392739273927,-1.2541254125412542
enz_87,-0.7386091127098322,-0.7697841726618706,-0.8225419664268585,-1.2781774580335732,-1.3381294964028776,-0.9448441247002398,-0.8657074340527579,-1.6115107913669064,-0.6498800959232613,-1.014388489208633,-1.2949640287769784,-0.8321342925659471,-0.5995203836930456,-1.2374100719424461,-1.6115107913669064,-0.4508393285371702,-0.5275779376498801,-1.9040767386091133,-1.1582733812949642,-1.002398081534772
enz_88,-1.0604229607250757,-0.8882175226586102,-1.0060422960725075,-1.3897280966767371,-1.4169184290030212,-1.0302114803625375,-0.9546827794561932,-1.9939577039274927,-0.7613293051359517,-1.0664652567975828,-1.3021148036253776,-1.0785498489425982,-0.5740181268882175,-1.2567975830815707,-1.972809667673716,-0.8580060422960722,-0.7280966767371602,-1.9395770392749243,-1.1540785498489423,-1.051359516616314
enz_89,-1.1686746987951808,-1.1506024096385543,-1.2228915662650603,-1.7228915662650603,-1.725903614457831,-1.367469879518072,-1.2921686746987953,-2.271084337349397,-0.966867469879518,-1.2048192771084336,-1.4036144578313252,-1.3102409638554215,-0.7319277108433736,-1.521084337349398,-2.3283132530120483,-1.0180722891566265,-0.8192771084337349,-2.3945783132530116,-1.4126506024096384,-1.2710843373493976
enz_90,-1.1306990881458967,-1.0030395136778114,-1.094224924012158,-1.5258358662613982,-1.714285714285714,-1.218844984802432,-1.1367781155015195,-2.112462006079028,-0.8814589665653496,-1.0334346504559269,-1.3161094224924013,-1.1671732522796354,-0.6200607902735562,-1.4255319148936167,-2.0972644376899696,-0.9422492401215806,-0.7811550151975682,-2.0972644376899696,-1.3069908814589666,-1.1428571428571432
enz_91,-1.2228915662650603,-1.210843373493976,-1.2680722891566265,-1.7078313253012047,-1.8463855421686748,-1.3524096385542168,-1.2891566265060241,-2.283132530120481,-1.0030120481927711,-1.2048192771084336,-1.394578313253012,-1.3102409638554215,-0.7801204819277107,-1.5421686746987953,-2.2740963855421685,-1.0512048192771084,-0.8734939759036146,-2.442771084337349,-1.478915662650602,-1.2740963855421688
enz_92,-1.2228915662650603,-1.1506024096385543,-1.1746987951807228,-1.6957831325301205,-1.7801204819277108,-1.3072289156626506,-1.2680722891566265,-2.2078313253012047,-0.9578313253012049,-1.1656626506024097,-1.379518072289157,-1.2771084337349397,-0.7198795180722892,-1.5060240963855422,-2.283132530120481,-0.9698795180722892,-0.822289156626506,-2.418674698795181,-1.4006024096385543,-1.2801204819277108
enz_93,-1.1656626506024097,-1.072289156626506,-1.1596385542168677,-1.605421686746988,-1.6927710843373491,-1.2409638554216869,-1.216867469879518,-2.141566265060241,-0.8554216867469878,-1.1415662650602407,-1.3765060240963856,-1.2198795180722892,-0.6686746987951807,-1.4849397590361446,-2.2259036144578315,-0.9367469879518072,-0.7801204819277107,-2.2680722891566263,-1.3524096385542168,-1.2138554216867468
enz_94,-1.186746987951807,-1.1385542168674698,-1.1686746987951808,-1.6716867469879515,-1.7771084337349397,-1.3042168674698795,-1.253012048192771,-2.198795180722892,-0.9006024096385542,-1.1837349397590362,-1.4006024096385543,-1.283132530120482,-0.6867469879518072,-1.5180722891566265,-2.2560240963855422,-0.9487951807228916,-0.7981927710843374,-2.3493975903614457,-1.4216867469879515,-1.2861445783132528
enz_95,-1.1732522796352585,-1.0486322188449848,-1.121580547112462,-1.5045592705167168,-1.702127659574468,-1.1914893617021276,-1.121580547112462,-2.072948328267477,-0.8966565349544074,-1.0151975683890575,-1.3161094224924013,-1.1306990881458967,-0.5987841945288754,-1.364741641337386,-2.1215805471124614,-0.9848024316109422,-0.8328267477203648,-2.1580547112462005,-1.3221884498480243,-1.161094224924012
enz_96,-1.1716867469879515,-1.156626506024096,-1.1656626506024097,-1.6596385542168677,-1.704819277108434,-1.2620481927710845,-1.216867469879518,-2.2319277108433737,-0.9457831325301204,-1.1807228915662649,-1.4186746987951808,-1.2650602409638554,-0.7048192771084337,-1.475903614457831,-2.2228915662650603,-0.9909638554216867,-0.8072289156626506,-2.3433734939759034,-1.3734939759036144,-1.2138554216867468
enz_97,-1.2138554216867468,-1.1325301204819278,-1.1987951807228918,-1.6897590361445785,-1.8192771084337347,-1.295180722891566,-1.25,-2.2319277108433737,-0.9939759036144576,-1.1897590361445785,-1.4337349397590362,-1.3222891566265058,-0.7439759036144576,-1.5120481927710845,-2.246987951807229,-1.0060240963855422,-0.86144578313253,-2.4578313253012047,-1.4518072289156627,-1.25
enz_98,-1.2078313253012047,-1.156626506024096,-1.216867469879518,-1.7198795180722892,-1.795180722891566,-1.355421686746988,-1.313253012048193,-2.213855421686747,-0.9879518072289154,-1.1897590361445785,-1.4096385542168677,-1.295180722891566,-0.7801204819277107,-1.5512048192771084,-2.2680722891566263,-1.0180722891566265,-0.8162650602409638,-2.4879518072289155,-1.4126506024096384,-1.295180722891566
enz_99,-1.0572289156626506,-0.9578313253012049,-1.0120481927710845,-1.478915662650602,-1.4608433734939756,-1.0662650602409638,-1.0512048192771084,-1.9849397590361448,-0.7469879518072288,-1.0512048192771084,-1.283132530120482,-1.0542168674698795,-0.5692771084337348,-1.355421686746988,-1.9548192771084336,-0.8102409638554215,-0.6927710843373494,-2.0421686746987957,-1.210843373493976,-1.105421686746988
enz_100,-1.129518072289157,-1.0060240963855422,-1.1084337349397593,-1.563253012048193,-1.6144578313253013,-1.186746987951807,-1.1656626506024097,-2.108433734939759,-0.8644578313253011,-1.105421686746988,-1.3162650602409636,-1.1837349397590362,-0.6656626506024096,-1.3765060240963856,-2.1265060240963853,-0.9066265060240962,-0.7650602409638554,-2.1626506024096384,-1.295180722891566,-1.1837349397590362
enz_101,-1.1325301204819278,-1.0692771084337347,-1.1144578313253013,-1.5512048192771084,-1.563253012048193,-1.1385542168674698,-1.144578313253012,-2.105421686746988,-0.8433734939759037,-1.1084337349397593,-1.3493975903614461,-1.1777108433734942,-0.6385542168674698,-1.379518072289157,-2.099397590361446,-0.9006024096385542,-0.7710843373493976,-2.114457831325301,-1.2921686746987953,-1.1777108433734942
enz_102,-1.1185410334346506,-1.006079027355623,-1.0820668693009121,-1.4802431610942246,-1.5957446808510638,-1.0851063829787233,-1.0486322188449848,-2.0577507598784197,-0.8358662613981763,-1.0,-1.2826747720364735,-1.0972644376899696,-0.5258358662613983,-1.3282674772036471,-2.012158054711246,-0.8784194528875379,-0.7750759878419453,-2.0334346504559266,-1.2735562310030395,-1.1185410334346506
enz_103,-1.2018072289156627,-1.1927710843373491,-1.2198795180722892,-1.6807228915662649,-1.8072289156626504,-1.3283132530120485,-1.2710843373493976,-2.2620481927710845,-1.0030120481927711,-1.1897590361445785,-1.4156626506024097,-1.3192771084337347,-0.7319277108433736,-1.5060240963855422,-2.27710843373494,-1.0120481927710845,-0.822289156626506,-2.427710843373493,-1.4397590361445785,-1.253012048192771
enz_104,-1.0873493975903614,-0.9427710843373491,-1.0,-1.454819277108434,-1.4638554216867468,-1.093373493975904,-1.0542168674698795,-1.9759036144578308,-0.7891566265060243,-1.0301204819277108,-1.2740963855421688,-1.0813253012048192,-0.5843373493975904,-1.3222891566265058,-1.9698795180722888,-0.7891566265060243,-0.6867469879518072,-2.02710843373494,-1.2409638554216869,-1.1686746987951808
enz_105,-1.1355421686746987,-1.0030120481927711,-1.093373493975904,-1.563253012048193,-1.5993975903614461,-1.2198795180722892,-1.1656626506024097,-2.11144578313253,-0.8403614457831324,-1.105421686746988,-1.3042168674698795,-1.1897590361445785,-0.6445783132530121,-1.3915662650602407,-2.1265060240963853,-0.8885542168674698,-0.7740963855421686,-2.159638554216868,-1.3192771084337347,-1.186746987951807
enz_106,-1.1957831325301205,-1.2228915662650603,-1.25,-1.7319277108433735,-1.7801204819277108,-1.3584337349397593,-1.313253012048193,-2.2620481927710845,-1.0271084337349397,-1.216867469879518,-1.424698795180723,-1.3313253012048192,-0.7951807228915662,-1.5,-2.2560240963855422,-1.0271084337349397,-0.8253012048192769,-2.436746987951808,-1.4698795180722892,-1.2409638554216869
enz_107,-1.0654761904761905,-0.9047619047619048,-0.9464285714285714,-1.324404761904762,-1.505952380952381,-1.0029761904761905,-0.9047619047619048,-1.875,-0.7232142857142858,-0.994047619047619,-1.2321428571428572,-0.9642857142857144,-0.5922619047619048,-1.2678571428571428,-1.9821428571428568,-0.8095238095238094,-0.7559523809523809,-1.9047619047619049,-1.0952380952380951,-1.074404761904762
enz_108,-1.0241691842900302,-0.7432024169184289,-0.9123867069486402,-1.3202416918429003,-1.3957703927492446,-0.9516616314199396,-0.9305135951661632,-1.8519637462235647,-0.6555891238670696,-0.8942598187311178,-1.1963746223564955,-0.9395770392749244,-0.5317220543806647,-1.1570996978851966,-1.9486404833836857,-0.7885196374622355,-0.7069486404833837,-1.7703927492447131,-0.9607250755287006,-1.0574018126888218
enz_109,-0.68561872909699,-0.3311036789297659,-0.6454849498327759,-0.7257525083612038,-1.1872909698996656,-0.5217391304347826,-0.5016722408026756,-1.2775919732441474,-0.33444816053511706,-0.9197324414715721,-1.0735785953177257,-0.5016722408026756,-0.4448160535117057,-1.140468227424749,-1.1137123745819395,-0.3979933110367893,-0.4013377926421405,-1.4414715719063549,-0.9665551839464882,-0.8361204013377926
enz_110,-0.8351063829787233,-0.7819148936170212,-1.0186170212765957,-1.3617021276595742,-1.5452127659574466,-0.9734042553191488,-0.9202127659574466,-1.7553191489361701,-0.7473404255319149,-1.0797872340425534,-1.2792553191489362,-0.9042553191489362,-0.6303191489361702,-1.4015957446808511,-1.8111702127659568,-0.6489361702127661,-0.6781914893617021,-2.0930851063829787,-1.24468085106383,-1.0186170212765957
enz_111,-0.8590425531914893,-0.8031914893617021,-1.0079787234042554,-1.3882978723404258,-1.5452127659574466,-0.9601063829787234,-0.9122340425531916,-1.7952127659574466,-0.7632978723404255,-1.1010638297872342,-1.2792553191489362,-0.928191489361702,-0.5930851063829787,-1.3803191489361701,-1.8218085106382973,-0.6702127659574468,-0.7021276595744681,-2.0452127659574466,-1.2340425531914891,-1.0345744680851063
enz_112,-0.9547872340425534,-1.0186170212765957,-1.1728723404255321,-1.6090425531914891,-1.8085106382978724,-1.2074468085106385,-1.1329787234042554,-2.0212765957446805,-0.9148936170212764,-1.252659574468085,-1.3989361702127665,-1.1382978723404256,-0.7952127659574467,-1.5877659574468084,-2.066489361702128,-0.8164893617021276,-0.8297872340425531,-2.436170212765957,-1.4042553191489362,-1.1835106382978724
enz_113,-1.4433333333333331,-1.36,-1.5166666666666664,-1.86,-2.17,-1.5233333333333337,-1.3666666666666667,-2.5566666666666658,-1.0833333333333333,-1.31,-1.476666666666666,-1.5133333333333336,-0.94,-1.636666666666667,-2.69,-1.313333333333333,-1.16,-2.69,-1.4333333333333331,-1.393333333333333
enz_114,-1.1260744985673352,-1.143266475644699,-1.200573065902579,-1.5988538681948417,-2.002865329512894,-1.2435530085959887,-1.1232091690544412,-2.1203438395415475,-0.9340974212034384,-1.2148997134670487,-1.4297994269340977,-1.1948424068767909,-0.8022922636103149,-1.5931232091690544,-2.2435530085959887,-0.9255014326647564,-0.813753581661891,-2.524355300859599,-1.35243553008596,-1.2693409742120343
