enz_0,2.8756696428571433,4.103869047619047,3.765625,4.200669642857143,3.2308035714285714,3.001488095238096,3.7665922619047616,3.5105654761904765,3.81875,3.8563988095238084,3.4336309523809523,3.535342261904762,3.2890625,3.7316964285714285,4.074255952380953,2.9813988095238093,3.0002976190476187,4.858928571428573,3.6662202380952382,3.6265625
enz_1,2.427103658536585,3.1369207317073164,2.9547865853658535,3.2283841463414635,2.7366158536585368,2.31234756097561,2.9551524390243897,2.7869817073170733,2.9764329268292684,3.131310975609756,2.735335365853658,2.954115853658537,2.8177743902439025,3.162896341463415,3.728993902439024,2.5061280487804884,2.459969512195121,4.244969512195122,2.79515243902439,2.8346646341463413
enz_2,3.8445112179487175,5.295793269230769,5.126963141025642,5.282491987179488,4.21854967948718,3.9848958333333333,4.8640625,4.558934294871795,4.949879807692307,5.245152243589744,4.304927884615385,4.813982371794872,4.397235576923077,4.644511217948718,5.405969551282051,4.032972756410256,3.9556490384615386,5.916626602564103,4.6772035256410245,4.827524038461537
enz_3,2.936886503067484,3.8920245398772995,3.6784509202453988,4.1950920245398775,3.324846625766871,3.032745398773005,3.7881134969325148,3.3418711656441724,3.6968558282208575,3.8753067484662576,3.2985429447852765,3.585506134969324,3.5907208588957054,3.713726993865031,4.473159509202454,2.9049846625766866,2.964953987730061,5.12361963190184,3.5059815950920243,3.4379601226993866
enz_4,2.800268404907976,3.7541794478527613,3.6625383435582815,4.050421779141105,3.0233512269938654,2.907783742331288,3.6975076687116566,3.2971242331288337,3.5175996932515328,3.7479677914110425,3.2625383435582824,3.4853911042944787,3.4679064417177914,3.548657975460123,4.334240797546013,2.81545245398773,2.885927914110429,4.987384969325153,3.4248082822085886,3.339608895705522
enz_5,2.939455521472392,3.862691717791411,3.744976993865031,4.16667944785276,3.1846242331288344,3.0526457055214724,3.7730444785276074,3.380866564417178,3.5672162576687114,3.879256134969325,3.3422929447852767,3.569976993865031,3.6481978527607364,3.6672162576687115,4.3985046012269935,2.9416027607361968,2.9639953987730063,5.106403374233129,3.4860046012269934,3.490989263803681
enz_6,2.8531441717791406,3.80728527607362,3.6378834355828222,4.0995398773006135,3.146855828220859,2.9336656441717786,3.7005368098159512,3.317561349693252,3.570628834355828,3.8032208588957057,3.3055981595092025,3.534279141104294,3.497776073619632,3.6585889570552164,4.332055214723926,2.834202453987729,2.944478527607361,5.093328220858896,3.4291411042944784,3.437193251533742
enz_7,3.693078859060402,5.178984899328858,5.1348573825503365,5.567491610738256,3.9740352348993286,4.055494966442954,5.009689597315437,4.4484479865771815,4.737625838926174,5.1270553691275165,4.2736996644295315,4.784521812080537,4.439219798657717,4.5717701342281885,5.463800335570471,3.8611996644295297,3.8503775167785226,6.007676174496645,4.558431208053691,4.706333892617449
enz_8,2.9361068111455113,3.8626547987616098,3.7286764705882365,4.073722910216718,3.1694659442724458,3.107469040247678,3.8320046439628483,3.365750773993808,3.705147058823529,3.8378869969040252,3.3935371517027866,3.6123452012383903,3.4669117647058822,3.718537151702785,4.4015866873065015,2.8906733746130033,2.882546439628483,5.099651702786377,3.4114164086687313,3.3885061919504644
enz_9,2.7494283536585367,3.724504573170732,3.546074695121951,3.943940548780488,3.0202362804878047,2.9834222560975614,3.654382621951219,3.2255716463414634,3.547141768292684,3.8016387195121952,3.3254192073170734,3.47953506097561,3.3552210365853656,3.5847942073170738,4.221150914634147,2.707126524390244,2.7608612804878048,4.958803353658538,3.4408155487804875,3.3004954268292686
enz_10,3.2917561349693245,4.642906441717792,4.445437116564417,4.8208205521472385,3.598044478527608,3.644670245398773,4.411081288343558,3.8307898773006137,4.292062883435583,4.488995398773006,3.8235812883435583,4.212998466257669,3.9316334355828215,4.144210122699387,4.91875,3.412308282208589,3.4321702453987726,5.5918328220858875,3.9103144171779136,3.9466641104294484
enz_11,2.9564930555555566,4.2162847222222215,4.0844097222222215,4.4696875,3.336076388888889,3.2539236111111114,3.921770833333333,3.5171875,3.9057291666666663,4.126006944444445,3.4958680555555564,3.8449652777777774,3.656145833333333,3.858159722222223,4.381145833333333,3.101701388888889,3.1153125,5.11579861111111,3.7482291666666656,3.6650347222222224
enz_12,2.7955028328611897,3.7824008498583566,3.6884915014164315,3.9310552407932007,3.2223441926345604,2.9951487252124647,3.689412181303116,3.340899433427762,3.601451841359774,3.7717067988668553,3.276805949008499,3.5746104815864017,3.307896600566572,3.652726628895184,4.209242209631728,2.8160410764872523,2.9393413597733713,4.837145892351276,3.491820113314448,3.3813385269121814
enz_13,2.834182960893855,3.9344622905027937,3.7965432960893857,4.124127094972067,3.0522695530726267,3.0577863128491622,3.7752444134078207,3.3309706703910607,3.605342178770949,3.7913058659217884,3.2988477653631283,3.5410265363128484,3.3286662011173185,3.6486382681564256,4.23697625698324,2.9190991620111726,2.941724860335196,4.73620810055866,3.428317039106145,3.4888617318435764
enz_14,2.7147632311977725,3.570543175487465,3.6483286908077996,3.85633704735376,3.1121866295264624,2.8676880222841232,3.539066852367688,3.2025069637883012,3.5764623955431767,3.6068245125348186,3.1100974930362115,3.4478412256267412,3.2201253481894154,3.5608635097493035,4.161002785515319,2.8353064066852367,2.7655292479108637,4.677019498607241,3.3898328690807804,3.2041782729805006
enz_15,2.6291666666666678,3.4663194444444434,3.4830555555555565,3.7740972222222213,2.9243055555555566,2.781388888888889,3.3522916666666664,3.05625,3.2575,3.448402777777777,2.9807638888888888,3.2438194444444437,3.147152777777777,3.3411805555555563,4.019861111111111,2.646666666666666,2.6497222222222225,4.541388888888889,3.0997222222222223,3.0921527777777778
enz_16,3.3646088957055214,4.593443251533742,4.577569018404908,4.96805981595092,3.7148389570552163,3.6524156441717786,4.5172162576687125,3.9199003067484655,4.260927914110429,4.661311349693252,3.9083972392638047,4.236157975460122,4.143366564417176,4.2843174846625764,4.903565950920244,3.5600076687116564,3.479102760736197,5.871817484662577,4.187768404907976,4.181326687116565
enz_17,2.663594632768361,3.5905014124293784,3.5594279661016945,3.951800847457627,3.029343220338983,2.8535663841807906,3.4794844632768362,3.152083333333332,3.5292725988700564,3.550035310734464,3.0356991525423727,3.309498587570621,3.1256709039548016,3.5017302259887004,4.08146186440678,2.706885593220339,2.7094985875706215,4.595727401129943,3.3703036723163846,3.1169138418079085
enz_18,3.0033263305322127,4.146323529411764,4.121323529411764,4.4617997198879555,3.216771708683473,3.195273109243697,3.92405462184874,3.6091386554621847,3.946603641456583,4.10374649859944,3.447023809523808,3.867682072829132,3.682317927170868,3.7620798319327737,4.3781162464986005,3.1190126050420166,3.0957633053221283,5.153816526610643,3.7147408963585433,3.7277661064425764
enz_19,3.03283426183844,4.049408077994428,4.061733983286908,4.38408774373259,3.3345055710306406,3.2125,3.874895543175488,3.4959958217270195,3.8809540389972144,3.944045961002785,3.325383008356546,3.7536559888579375,3.5202298050139285,3.847597493036212,4.4341573816155995,3.1057451253481894,3.1553272980501395,5.2676532033426176,3.679630919220056,3.579909470752089
enz_20,2.7195181564245807,3.5445879888268155,3.5327164804469278,3.9061103351955295,2.97266061452514,2.8151885474860334,3.5064594972067034,3.1565991620111733,3.3917946927374296,3.5583449720670397,3.0495460893854744,3.335789106145252,3.1873952513966475,3.4332053072625697,4.073289106145252,2.69766061452514,2.7968924581005585,4.571263966480447,3.272870111731844,3.1675628491620107
enz_21,3.1203690807799442,4.190215877437327,4.314867688022284,4.577472144846797,3.45741643454039,3.3124303621169915,4.011803621169917,3.581093314763231,4.0364554317548755,4.0705779944289695,3.5237813370473527,3.861803621169917,3.6018454038997216,3.8333217270194986,4.5352715877437335,3.2833913649025077,3.2290738161559887,5.3392409470752105,3.8098537604456815,3.7408426183844
enz_22,3.2524922118380064,4.522196261682243,4.353504672897197,4.748052959501559,3.5171339563862927,3.5289719626168226,4.251090342679126,3.8084112149532716,4.130996884735201,4.5063862928348914,3.7530373831775696,4.118925233644862,3.9947819314641744,4.109501557632399,4.747507788161994,3.2801401869158884,3.3710280373831774,5.419937694704051,4.058722741433022,4.038317757009347
enz_23,3.052539682539683,4.246428571428569,4.024444444444445,4.244047619047619,3.4108730158730163,3.2480158730158726,4.02563492063492,3.6231746031746037,3.9736507936507937,4.149761904761904,3.5175396825396827,3.9013492063492063,3.6234920634920633,3.9495238095238094,4.512063492063492,3.0353174603174597,3.2284126984126984,5.164047619047619,3.8472222222222223,3.7057142857142855
enz_24,2.7289194915254242,3.6056850282485877,3.45787429378531,3.8255296610169487,3.0243290960451974,2.815007062146893,3.517549435028249,3.1860522598870062,3.3897951977401126,3.5969985875706216,3.109216101694915,3.316701977401129,3.1529307909604514,3.466843220338983,4.107450564971751,2.6804025423728803,2.796716101694915,4.686899717514124,3.3756709039548016,3.26055790960452
enz_25,3.308219696969697,4.538674242424243,4.470568181818182,4.872765151515153,3.636477272727273,3.5129166666666665,4.3026136363636365,3.8543560606060607,4.263598484848486,4.384659090909091,3.6426136363636363,4.097613636363636,3.9126893939393934,4.045189393939394,4.855643939393938,3.493446969696969,3.4094318181818184,5.6007954545454535,4.03935606060606,3.982310606060607
enz_26,2.8857415902140677,3.8431574923547407,3.74224006116208,4.146368501529052,3.193769113149848,3.0362003058103975,3.7939220183486233,3.3529434250764525,3.593310397553517,3.7988149847094785,3.2522553516819572,3.5618119266055044,3.388799694189603,3.6641055045871562,4.438799694189601,2.8654816513761467,2.9748853211009174,4.929778287461773,3.5849006116207947,3.3773318042813454
enz_27,3.6048524844720498,4.8901009316770185,4.814790372670808,5.312072981366461,3.9433618012422365,3.900271739130434,4.807492236024843,4.324961180124224,4.564557453416149,4.882725155279503,4.131327639751553,4.467274844720497,4.293284161490682,4.5715450310559005,5.330240683229814,3.7633152173913036,3.7354425465838497,6.0494953416149055,4.477135093167703,4.405551242236025
enz_28,2.632808564231738,3.464672544080604,3.451574307304786,3.7574937027707813,2.9522040302267003,2.770465994962217,3.2746851385390428,3.098362720403023,3.2393576826196475,3.3971662468513846,2.915491183879092,3.221410579345088,2.9909949622166248,3.3736775818639795,3.9221032745591935,2.7033375314861456,2.69382871536524,4.433060453400504,3.157367758186397,3.0433879093198994
enz_29,2.6455919395466,3.4607682619647355,3.4299118387909315,3.7349496221662473,2.8581234256926957,2.7436397984886653,3.3274559193954665,3.0794080604534004,3.2780856423173814,3.407997481108312,2.906171284634761,3.2607052896725444,3.0300377833753145,3.3945843828715367,3.9032115869017634,2.6449622166246853,2.661712846347607,4.358186397984887,3.1596977329974814,3.032997481108312
enz_30,2.5365554156171286,3.3295654911838786,3.282462216624685,3.61602644836272,2.9339105793450884,2.680258186397985,3.1279282115869007,2.996442065491183,3.1004093198992435,3.25500629722922,2.8471977329974814,3.1495906801007565,2.952928211586902,3.3730793450881613,3.836051637279597,2.609288413098237,2.5392002518891683,4.3453715365239285,3.106958438287154,2.9084697732997484
enz_31,2.5245591939546603,3.336649874055416,3.2054785894206543,3.5784005037783366,2.777770780856424,2.63727959697733,3.1629093198992435,2.97103274559194,3.114609571788413,3.2759445843828714,2.8022040302267004,3.1033375314861456,2.9181360201511333,3.305289672544081,3.860642317380353,2.5802267002518886,2.5751259445843835,4.3336272040302255,3.003778337531485,2.9277078085642314
enz_32,2.567002518891688,3.3661209068010085,3.259256926952141,3.642884130982368,2.8274559193954656,2.6986775818639797,3.2511964735516363,3.040680100755668,3.1515743073047857,3.3193324937027717,2.8537153652392946,3.1647984886649883,2.9641057934508814,3.3285264483627213,3.8860831234256934,2.5939546599496226,2.6214105793450884,4.266498740554156,3.104471032745592,2.9551637279596985
enz_33,2.528557934508816,3.3097921914357684,3.2658375314861465,3.59146725440806,2.895686397984887,2.6599811083123424,3.1503463476070537,2.9683564231738035,3.0970088161209066,3.2300692695214104,2.8181675062972293,3.140333753148614,2.9479534005037777,3.3395151133501257,3.8778022670025187,2.5725125944584377,2.548331234256927,4.241089420654912,3.0858627204030222,2.9354219143576827
enz_34,2.6187027707808563,3.4159319899244327,3.3751889168765747,3.70264483627204,2.852581863979849,2.7377204030226694,3.314609571788413,3.0415617128463466,3.2033375314861465,3.3827455919395466,2.897921914357682,3.224244332493704,3.0063602015113347,3.3738035264483632,3.8676322418136015,2.663727959697733,2.659005037783375,4.4077455919395465,3.1401133501259446,3.0278967254408062
enz_35,2.531297229219144,3.3386649874055414,3.2452770780856426,3.5854534005037784,2.8060453400503778,2.652329974811083,3.1796599496221662,2.9950251889168764,3.112657430730478,3.2911209068010074,2.8154911838790926,3.0809823677581862,2.9158690176322417,3.2886020151133497,3.7943954659949615,2.5658690176322416,2.591435768261965,4.27455919395466,3.053022670025189,2.931360201511335
enz_36,2.552267002518892,3.2509445843828715,3.2813602015113346,3.6160579345088166,2.8682619647355168,2.6259445843828715,3.156297229219144,2.9787783375314865,3.1264483627204025,3.207997481108312,2.7914987405541556,3.0685138539042818,2.879974811083124,3.296410579345088,3.8056675062972287,2.586209068010076,2.5353904282115867,4.2252518891687645,3.0280856423173814,2.916939546599496
enz_37,2.5728904282115868,3.4393891687657425,3.364137279596977,3.711303526448362,2.8982052896725445,2.7386335012594465,3.2264798488664983,3.0025503778337526,3.215711586901764,3.4101700251889158,2.859162468513853,3.216593198992443,3.0219458438287155,3.3788727959697717,3.885799748110832,2.6024244332493702,2.6267317380352644,4.313255667506296,3.1374370277078087,2.9778652392947103
enz_38,2.597260705289672,3.3533060453400503,3.3329030226700245,3.6232682619647365,2.8644521410579338,2.6752833753148613,3.2630037783375316,3.0392002518891683,3.180321158690176,3.348520151133501,2.8683564231738035,3.1592884130982366,2.9615554156171284,3.3465050377833747,3.8977015113350135,2.614074307304786,2.6012909319899244,4.347764483627203,3.0631297229219143,3.0053211586901765
enz_39,2.5443954659949624,3.359130982367758,3.327329974811084,3.6319899244332494,2.8204030226700247,2.672292191435768,3.1901133501259444,2.9770780856423174,3.139231738035265,3.297732997481108,2.8450881612090684,3.1400503778337527,2.9425692695214103,3.3035264483627214,3.8418136020151135,2.60132241813602,2.5977959697732995,4.329030226700252,3.0591939546599503,2.957178841309824
enz_40,2.5438916876574305,3.356297229219144,3.342695214105793,3.698299748110832,2.910390428211587,2.678022670025189,3.1896725440806035,2.9795969773299738,3.1291561712846345,3.2794710327455925,2.8753148614609567,3.159949622166246,2.948425692695213,3.337027707808564,3.8427581863979845,2.5873425692695218,2.5438287153652404,4.331863979848865,3.1033375314861456,2.964294710327456
enz_41,2.5151448362720403,3.33485516372796,3.23661838790932,3.5856108312342565,2.8582808564231734,2.652676322418136,3.1831549118387907,2.953117128463476,3.1289987405541564,3.2892002518891683,2.7914672544080603,3.0728904282115863,2.9035579345088167,3.2996536523929465,3.820560453400504,2.556076826196473,2.5770465994962217,4.264829974811084,3.0300062972292183,2.973520151133501
enz_42,2.474464735516373,3.3211901763224176,3.2190491183879093,3.578369017632242,2.860673803526448,2.635484886649873,3.109351385390428,2.9035579345088167,3.044678841309824,3.2123740554156166,2.768860201511335,3.0832178841309825,2.8766687657430734,3.2833438287153656,3.8430415617128455,2.5162153652392942,2.497071788413098,4.216404282115869,3.0284319899244334,2.9285579345088166
enz_43,2.5478589420654907,3.350566750629723,3.2822418136020155,3.641309823677581,2.9024559193954667,2.663287153652393,3.218073047858942,2.9923173803526453,3.137531486146096,3.3001259445843822,2.8361460957178837,3.136964735516373,2.9489924433249373,3.3561083123425686,3.8599496221662473,2.6035264483627203,2.5551637279596977,4.223614609571788,3.0762594458438284,2.9440806045340047
enz_44,2.57323677581864,3.3731108312342566,3.285516372795969,3.64471032745592,2.9361460957178838,2.6724811083123425,3.168639798488665,3.0001259445843824,3.159193954659949,3.3216624685138534,2.8482997481108314,3.165239294710328,2.9889168765743084,3.3792191435768264,3.9067380352644836,2.5836272040302273,2.5559823677581863,4.356926952141056,3.057997481108312,2.9465365239294714
enz_45,2.6563916876574303,3.3963161209068007,3.35412468513854,3.71073677581864,2.9148299748110835,2.7685453400503777,3.3243387909319897,3.0575251889168764,3.1870591939546604,3.3819584382871537,2.9177267002518885,3.2227015113350133,3.056958438287153,3.373835012594458,3.9480163727959696,2.679943324937028,2.6749055415617127,4.4105478589420635,3.111933249370277,3.0295654911838787
enz_46,2.647921914357682,3.497670025188917,3.4039042821158687,3.782682619647355,2.9405541561712845,2.7751259445843823,3.3320528967254406,3.0869017632241813,3.256423173803526,3.4571158690176333,2.927896725440806,3.275503778337532,3.049937027707809,3.3887909319899245,3.9622795969773295,2.6967884130982367,2.6789042821158686,4.374874055415616,3.184823677581864,3.0378463476070534
enz_47,2.5892002518891686,3.3555100755667513,3.3128778337531486,3.692978589420656,2.9124370277078087,2.708595717884131,3.2578400503778338,3.0249055415617128,3.1903337531486153,3.3612405541561716,2.8471347607052886,3.1673488664987404,2.9986460957178838,3.36955289672544,3.8966309823677583,2.6038727959697723,2.616656171284635,4.3056989924433235,3.0947418136020155,3.041089420654912
enz_48,2.5156801007556675,3.319584382871537,3.2387909319899246,3.6099496221662473,2.8474181360201514,2.6278337531486153,3.1542191435768263,2.9636649874055414,3.1370277078085644,3.3149244332493697,2.801637279596977,3.0703400503778338,2.937468513853904,3.318639798488665,3.874496221662469,2.5661209068010082,2.5666876574307302,4.283816120906801,3.01971032745592,2.9705289672544075
enz_49,2.515774559193954,3.3570214105793443,3.3028022670025186,3.6130037783375313,2.8791246851385397,2.6709382871536533,3.180698992443325,2.9643891687657424,3.1162153652392948,3.3375,2.7923488664987404,3.13705919395466,2.9305100755667506,3.3204345088161213,3.8650188916876576,2.575031486146096,2.5871851385390428,4.2618073047858935,3.0628778337531486,2.9513539042821164
enz_50,2.652493686868687,3.4544507575757573,3.3852588383838387,3.7398674242424237,2.8842487373737367,2.7552714646464644,3.3084911616161614,3.0871527777777774,3.2524305555555566,3.462215909090909,2.9290088383838393,3.2310921717171714,2.9877840909090914,3.38488005050505,3.9379734848484858,2.6468118686868687,2.6428345959595956,4.343781565656567,3.148074494949495,3.04977904040404
enz_51,2.4849181360201507,3.3375,3.2944269521410576,3.6231423173803528,2.848772040302267,2.653494962216625,3.1562027707808564,2.9590994962216635,3.1050692695214104,3.293041561712846,2.865522670025189,3.1152078085642314,2.9796914357682613,3.3094773299748113,3.8516687657430726,2.5749685138539045,2.56514483627204,4.331580604534005,3.0207493702770782,2.956895465994962
enz_52,2.533375314861461,3.336649874055416,3.2796599496221663,3.631549118387909,2.8536523929471027,2.696410579345088,3.1923803526448364,2.9994332493702767,3.121788413098237,3.323614609571788,2.838350125944584,3.1290302267002517,2.947607052896725,3.335642317380352,3.8364609571788413,2.5920654911838787,2.6088161209068006,4.3056675062972305,3.0323047858942065,2.9794080604534003
enz_53,2.5677267002518893,3.3127518891687657,3.273142317380352,3.6381926952141055,2.907147355163728,2.6505982367758185,3.1922858942065484,2.9817695214105804,3.1359886649874054,3.304943324937028,2.820812342569268,3.1412153652392947,2.9572732997481115,3.3422229219143578,3.9099811083123424,2.569741813602015,2.560484886649874,4.301164987405541,3.062374055415616,2.9168450881612094
enz_54,2.5762279596977327,3.3420340050377835,3.2885075566750626,3.679628463476072,2.8880037783375316,2.7024874055415613,3.2472607052896727,2.983028967254408,3.1866183879093195,3.3702455919395464,2.8423488664987406,3.1332808564231738,2.992852644836272,3.330573047858941,3.8568324937027705,2.5988350125944577,2.6208753148614607,4.2977015113350125,3.037185138539043,2.995497481108312
enz_55,2.6164042821158686,3.372386649874056,3.3386335012594457,3.6851700251889157,2.9092254408060447,2.7297544080604528,3.294049118387909,2.9861775818639797,3.2108627204030222,3.3828400503778338,2.841215365239295,3.1952455919395466,2.9570214105793444,3.339641057934509,3.9318954659949616,2.6124370277078084,2.645308564231738,4.334099496221662,3.073960957178841,2.988066750629723
enz_56,2.5954659949622165,3.424370277078085,3.324685138539043,3.6829345088161207,2.9432619647355165,2.726511335012595,3.281234256926952,3.04823677581864,3.21662468513854,3.384823677581864,2.85176322418136,3.1884760705289668,2.9970403022670022,3.3423803526448363,3.9187657430730485,2.6551637279596982,2.6501259445843823,4.359886649874055,3.106549118387909,3.0324307304785902
enz_57,2.6198047858942064,3.390333753148614,3.314578085642317,3.654817380352645,2.942474811083124,2.727928211586902,3.2885705289672544,3.0442380352644838,3.223016372795969,3.3867443324937034,2.87566120906801,3.1674748110831232,3.004439546599496,3.387185138539043,3.9225125944584383,2.6475125944584392,2.664515113350125,4.440018891687656,3.123016372795969,3.0119962216624687
enz_58,2.57323677581864,3.3903652392947103,3.2547229219143574,3.6323047858942066,2.9486775818639797,2.6831863979848865,3.269899244332493,3.0316750629722917,3.2156801007556677,3.3651133501259447,2.856549118387909,3.1377833753148616,2.9955919395466,3.3181360201511336,3.8970403022670026,2.632871536523929,2.6127833753148613,4.3867758186398,3.1056675062972285,2.962720403022669
enz_59,2.6109886649874046,3.3839735516372786,3.3588476070528968,3.6640743073047854,3.0073362720403014,2.71426322418136,3.2580919395465995,3.0565176322418126,3.1956234256926948,3.4014798488664986,2.85242443324937,3.162185138539043,2.98485516372796,3.3581549118387906,3.9041246851385383,2.6916561712846345,2.6562027707808564,4.468797229219144,3.1290617128463483,3.0203715365239296
enz_60,2.5216309823677583,3.3347921914357683,3.27477959697733,3.6292506297229217,2.871882871536525,2.6736460957178845,3.179943324937028,2.9694269521410566,3.0832178841309825,3.224968513853905,2.810799748110832,3.1262909319899244,2.9285579345088166,3.329691435768261,3.8029911838790915,2.5740239294710325,2.5226385390428208,4.3318324937027715,3.0528022670025186,2.9035579345088167
enz_61,2.5559508816120906,3.3898929471032737,3.284918136020152,3.6506612090680095,2.93397355163728,2.7003463476070526,3.2179156171284626,2.9907115869017638,3.151857682619648,3.3775503778337526,2.8707493702770783,3.1286209068010087,2.9521095717884127,3.301794710327456,3.8720088161209065,2.6187972292191435,2.6058879093198994,4.274464735516373,3.059225440806045,2.9840994962216634
enz_62,2.6120591939546602,3.4036838790931987,3.326039042821159,3.64278967254408,2.9570214105793444,2.7306989924433247,3.2830289672544075,3.0551952141057934,3.2361146095717883,3.4124370277078087,2.859351385390428,3.1936083123425685,2.9933564231738035,3.407462216624685,3.9102959697732995,2.6580289672544084,2.6698047858942062,4.4167191435768265,3.1042506297229218,3.039515113350125
enz_63,2.5613035264483632,3.429754408060453,3.3901448362720403,3.6885705289672543,2.8985831234256927,2.748520151133501,3.226227959697733,3.0361146095717886,3.1968198992443324,3.3386335012594457,2.8994647355163723,3.2111146095717884,3.0053211586901765,3.3613664987405545,3.869489924433249,2.6459382871536534,2.6051322418136023,4.384225440806046,3.159477329974811,2.9998425692695214
enz_64,2.544773299748111,3.3435768261964727,3.2792821158690177,3.589294710327456,2.848992443324937,2.659823677581864,3.1867758186397985,2.9843828715365244,3.1040302267002517,3.3086272040302265,2.8403652392947105,3.127141057934509,2.9589420654911835,3.282115869017632,3.8528337531486154,2.602141057934509,2.5904911838790934,4.328904282115869,3.0714735516372786,2.957178841309824
enz_65,2.4955919395466,3.3357682619647355,3.2712846347607054,3.5825566750629725,2.8784634760705283,2.6605793450881614,3.1490554156171284,2.9523929471032737,3.1425062972292186,3.2998740554156165,2.843198992443325,3.1767002518891685,2.9164987405541565,3.2541561712846345,3.8084382871536517,2.5591309823677584,2.5698992443324933,4.271347607052896,3.0333123425692694,2.953148614609572
enz_66,2.608375314861461,3.3654911838790924,3.312468513853904,3.645214105793451,2.880919395465995,2.6897984886649877,3.2816120906801007,2.9986146095717885,3.1748110831234246,3.3249370277078087,2.8759445843828715,3.2037783375314866,2.980478589420656,3.334823677581864,3.8753148614609567,2.6420654911838786,2.6335012594458442,4.341120906801009,3.1086272040302263,2.9898614609571785
enz_67,2.6136335012594465,3.423835012594458,3.3291246851385385,3.6738350125944574,2.8985201511335017,2.7863664987405543,3.2936083123425686,3.0586586901763217,3.1875,3.3769206549118387,2.9450566750629723,3.248016372795969,2.966089420654912,3.3556989924433247,3.9055100755667516,2.6669080604534003,2.6696788413098242,4.3217569269521405,3.1191120906801006,3.0529282115869023
enz_68,2.6121221662468512,3.5069584382871537,3.4110516372795963,3.7655226700251903,2.964641057934509,2.7953085642317386,3.3048803526448363,3.0880667506297232,3.2434823677581863,3.4309508816120906,2.96426322418136,3.272512594458439,3.0300692695214098,3.3698047858942064,3.9173488664987404,2.713318639798488,2.6784949622166248,4.399023929471033,3.1675377833753138,3.1000944584382872
enz_69,2.5465365239294715,3.305919395465995,3.211838790931989,3.586335012594458,2.8573047858942062,2.645654911838791,3.153526448362721,2.954596977329975,3.1155541561712843,3.2546599496221664,2.840176322418136,3.08639798488665,2.9272040302267004,3.2988035264483626,3.867884130982368,2.5807304785894205,2.517380352644836,4.300503778337531,3.0518891687657432,2.9003148614609566
enz_70,2.592096977329975,3.3041246851385395,3.2716309823677583,3.649338790931989,2.8427896725440807,2.692663727959697,3.170875314861461,3.017222921914357,3.1197418136020154,3.25632871536524,2.8174118387909317,3.1346032745591934,2.9100440806045333,3.2580919395465995,3.7765428211586896,2.582147355163728,2.5671599496221664,4.220434508816121,3.0721347607052887,2.9257241813602013
enz_71,2.5532745591939547,3.3596977329974806,3.2894206549118388,3.668387909319899,2.8427581863979845,2.643702770780856,3.1724181360201515,2.9676322418136016,3.144017632241813,3.2810453400503774,2.8139168765743072,3.0995591939546605,2.9085012594458437,3.3141687657430734,3.8641057934508813,2.601133501259445,2.5403022670025184,4.254471032745592,3.0860201511335017,2.919962216624685
enz_72,2.6264168765743072,3.3504093198992435,3.3926007556675066,3.73221032745592,2.8763539042821162,2.73485516372796,3.249338790931989,3.0650818639798487,3.2469458438287155,3.3532430730478593,2.854439546599496,3.15765113350126,2.975283375314861,3.356832493702772,3.961303526448362,2.624212846347607,2.58221032745592,4.3493387909319905,3.1072103274559186,3.00412468513854
enz_73,2.6057934508816123,3.3584382871536533,3.327078085642317,3.6841309823677584,2.9629093198992438,2.712468513853904,3.2104534005037784,3.043450881612091,3.1786523929471038,3.3220403022670024,2.8637909319899246,3.1740554156171283,2.9748740554156163,3.3504408060453397,3.9269521410579347,2.6394836272040303,2.5726070528967253,4.323803526448362,3.1138539042821165,2.9498740554156178
enz_74,2.5507241813602013,3.4373110831234253,3.3352959697733,3.673205289672544,2.9379408060453396,2.6981423173803525,3.2755352644836275,3.0325881612090684,3.1677896725440813,3.3982682619647355,2.930887909319899,3.1917191435768264,3.007147355163728,3.3353589420654908,3.9541876574307295,2.6827770780856417,2.665711586901763,4.39102644836272,3.0975755667506286,3.0448677581863985
enz_75,2.5966309823677585,3.3487720403022667,3.352487405541561,3.682147355163728,2.914515113350125,2.7308249370277085,3.2371851385390427,3.011114609571788,3.169363979848866,3.2947418136020152,2.8822732997481113,3.1755982367758184,2.948331234256927,3.364326196473552,3.851102015113351,2.6485831234256927,2.5765428211586907,4.320056675062973,3.1142002518891685,2.956013853904281
enz_76,2.749050151975684,3.6846124620060783,3.4547492401215805,3.8400075987841946,3.0713905775075983,2.835904255319148,3.5453267477203654,3.1857522796352584,3.5367401215805465,3.644794832826748,3.1840045592705173,3.388259878419453,3.304369300911853,3.4669072948328266,4.178153495440728,2.7213145896656536,2.788411854103344,4.932256838905776,3.3438829787234043,3.2966945288753795
enz_77,2.973568111455109,3.8570820433436532,3.760023219814241,4.1743421052631575,3.1213235294117645,3.0681501547987606,3.8390479876160986,3.4353328173374607,3.622329721362228,3.9177631578947367,3.3991099071207427,3.5733359133126936,3.6187693498452007,3.6457817337461296,4.399961300309597,2.8820820433436527,2.983939628482972,5.152747678018576,3.4675309597523216,3.4934597523219812
enz_78,2.8835866261398166,3.868161094224924,3.7243920972644378,4.106306990881459,3.256686930091185,2.9382218844984798,3.730851063829786,3.360866261398176,3.549848024316109,3.857294832826748,3.351367781155015,3.5417933130699084,3.4613981762917927,3.535562310030395,4.340349544072948,2.8802431610942247,2.9270516717325235,4.8899696048632215,3.409802431610942,3.3436930091185406
enz_79,3.428043831168832,4.963027597402598,4.643222402597401,4.9730925324675335,3.8100243506493507,3.784293831168831,4.616193181818182,4.0446834415584405,4.444277597402596,4.7071022727272736,4.0744724025974035,4.438433441558441,3.9992288961038964,4.255641233766234,4.764326298701298,3.5226866883116874,3.4820211038961033,5.612459415584416,4.358319805194803,4.239894480519482
enz_80,2.6161873156342184,3.7473082595870206,3.3723082595870206,3.6806415929203538,2.9540929203539825,2.7438421828908552,3.387573746312684,3.1778392330383483,3.440007374631268,3.5338864306784665,3.1758480825958713,3.2773967551622416,3.3173672566371692,3.3633112094395288,4.0056415929203535,2.667367256637168,2.710508849557522,4.77872418879056,3.267293510324484,3.2420722713864305
enz_81,2.9550077639751557,3.9253493788819873,3.763781055900621,4.380007763975155,3.1956133540372664,3.0950698757763973,3.9175854037267084,3.378843167701864,3.785753105590063,3.991343167701863,3.3883928571428568,3.6894021739130434,3.5377717391304344,3.7273680124223594,4.5012810559006216,2.8805512422360247,3.0006599378881997,5.092507763975156,3.50710403726708,3.494836956521739
enz_82,2.898136645962732,3.9,3.7846273291925465,4.177717391304347,3.1833074534161483,3.0832298136645964,3.8482919254658383,3.3699534161490683,3.6861801242236014,3.973524844720497,3.3715062111801237,3.643012422360248,3.5157608695652174,3.6821428571428565,4.430745341614906,2.8173913043478267,2.8902950310558997,4.996195652173912,3.4840838509316767,3.474767080745341
enz_83,2.5994300911854102,3.6732142857142858,3.400037993920973,3.8166793313069918,2.965159574468085,2.7577127659574465,3.5180471124620056,3.1565729483282685,3.4127279635258363,3.571922492401216,3.067439209726444,3.247910334346505,3.187879939209727,3.4422872340425528,4.02025075987842,2.5207066869300907,2.678533434650456,4.735600303951369,3.2692629179331307,3.20733282674772
enz_84,2.608333333333333,3.6231092436974786,3.3224089635854335,3.8021708683473374,3.0179971988795518,2.7563025210084047,3.469187675070029,3.0761904761904764,3.3644257703081233,3.4622549019607853,3.1544117647058822,3.312114845938375,3.2120448179271714,3.3939075630252105,3.9374649859943975,2.5597338935574223,2.7086834733893563,4.682843137254902,3.0964285714285715,3.06001400560224
enz_85,3.6970203488372086,5.342587209302327,4.9077761627906975,5.135755813953488,4.044186046511628,4.027834302325582,4.893168604651162,4.305450581395349,4.7541424418604645,5.016642441860465,4.399200581395349,4.808430232558139,4.277979651162791,4.547238372093024,5.435101744186047,4.037281976744185,3.840843023255815,5.8657703488372075,4.6247819767441865,4.601380813953488
enz_86,3.5187707641196013,5.006229235880398,4.9404485049833875,5.1299833887043205,3.9860465116279067,3.9762458471760804,4.794186046511628,4.20905315614618,4.634800664451828,4.8261627906976745,4.0663621262458465,4.615448504983389,4.185215946843853,4.419352159468438,4.985299003322258,3.6135382059800656,3.6325581395348836,5.721096345514951,4.424501661129568,4.269352159468439
enz_87,2.4874698795180716,3.2105421686746984,2.966265060240964,3.3348795180722886,2.7865060240963846,2.4427108433734945,3.0736144578313263,2.8804819277108438,3.028855421686748,3.2371686746987955,2.7843373493975903,3.0337349397590363,2.8555421686746985,3.199397590361446,3.82,2.5074698795180717,2.4824698795180717,4.352951807228917,2.9524096385542165,2.8650602409638557
enz_88,2.7682370820668694,3.7578267477203657,3.51838905775076,3.956534954407296,3.124316109422492,2.956231003039514,3.6867781155015202,3.3012158054711245,3.5639817629179333,3.8169452887538,3.2219604863221885,3.4205167173252278,3.3069908814589666,3.527355623100304,4.185942249240122,2.6585106382978725,2.8310790273556234,5.080775075987841,3.3727203647416415,3.2778875379939203
enz_89,3.3504166666666677,4.522083333333335,4.525492424242424,4.911022727272727,3.544810606060606,3.593598484848485,4.337840909090909,3.9144318181818174,4.2855681818181806,4.49534090909091,3.802234848484848,4.083371212121212,3.9718560606060613,4.112007575757576,4.991704545454546,3.473068181818181,3.4395833333333323,5.630719696969696,4.1482954545454565,4.0132196969696965
enz_90,2.9775993883792053,4.036009174311927,3.9411314984709485,4.350611620795107,3.1713302752293577,3.18065749235474,3.8283639143730888,3.460091743119265,3.70711009174312,3.9709480122324163,3.3603975535168202,3.6960244648318046,3.5269877675840973,3.8166666666666655,4.512614678899082,2.9747706422018347,3.063990825688073,5.054128440366973,3.679281345565748,3.511391437308869
enz_91,3.370871212121212,4.623068181818182,4.484962121212122,4.983674242424242,3.6207954545454544,3.592916666666666,4.414734848484849,3.9019318181818177,4.330113636363636,4.547234848484847,3.7876893939393934,4.192613636363636,4.048522727272728,4.172462121212122,4.920113636363637,3.4840530303030297,3.515795454545454,5.703219696969696,4.066931818181819,4.097689393939394
enz_92,3.2551515151515162,4.5031060606060604,4.457727272727274,4.833181818181818,3.5347727272727267,3.5096969696969698,4.297575757575758,3.837575757575757,4.215151515151514,4.452878787878788,3.6862878787878786,4.086363636363636,3.946818181818182,4.0631818181818184,4.8362878787878785,3.373560606060606,3.3999242424242433,5.564166666666666,4.053181818181818,3.9362878787878786
enz_93,3.129090909090909,4.227954545454545,4.246439393939394,4.724621212121212,3.391212121212121,3.345681818181818,4.110681818181818,3.661060606060607,4.086818181818182,4.217727272727273,3.486969696969697,3.855833333333333,3.6884090909090914,3.8887878787878787,4.709090909090909,3.2137121212121214,3.2591666666666668,5.2774242424242415,3.7872727272727267,3.7222727272727267
enz_94,3.2533712121212117,4.4338257575757565,4.4592045454545435,4.808371212121212,3.577310606060605,3.49375,4.1948106060606065,3.793295454545455,4.2560984848484855,4.394886363636363,3.6545833333333344,4.057234848484849,3.9048106060606074,4.022992424242425,4.833068181818182,3.393522727272728,3.38185606060606,5.518598484848487,4.076098484848486,3.882159090909091
enz_95,3.0125,4.060206422018348,3.9637996941896025,4.407759938837921,3.3003440366972474,3.1360474006116212,3.9040137614678896,3.4553899082568806,3.7647935779816515,4.005313455657491,3.3480504587155964,3.6942278287461767,3.5400993883792053,3.786506116207952,4.4975152905198765,3.038952599388379,3.116322629969419,5.1635703363914365,3.743081039755352,3.4908639143730893
enz_96,3.249166666666666,4.350681818181817,4.3356818181818175,4.734469696969696,3.52560606060606,3.401590909090909,4.241818181818182,3.841742424242424,4.137196969696968,4.36060606060606,3.628333333333333,4.003333333333333,3.830530303030303,3.9480303030303032,4.95469696969697,3.3753030303030305,3.3481818181818186,5.515833333333332,3.9478030303030303,3.8462121212121207
enz_97,3.337196969696969,4.478863636363637,4.465530303030302,4.85280303030303,3.6558333333333333,3.539772727272727,4.281515151515151,3.8803030303030304,4.248939393939394,4.457878787878788,3.7783333333333333,4.149166666666666,3.998863636363637,4.055530303030303,4.968939393939394,3.4558333333333326,3.43560606060606,5.51378787878788,4.005984848484848,3.9863636363636363
enz_98,3.3147348484848487,4.551931818181818,4.5574621212121205,4.903674242424242,3.5817045454545458,3.5864772727272727,4.306325757575758,3.8360227272727268,4.274280303030303,4.531780303030303,3.787083333333333,4.126477272727273,3.9800378787878787,4.162916666666666,4.897916666666665,3.470719696969697,3.4265530303030305,5.6467045454545435,4.114280303030303,4.027007575757576
enz_99,2.858484848484848,3.7155303030303033,3.6699242424242415,4.104469696969697,3.0759848484848487,2.9515151515151516,3.632954545454545,3.294318181818181,3.4857575757575754,3.7778030303030303,3.2124242424242433,3.4428030303030304,3.3272727272727267,3.55439393939394,4.427424242424243,2.857348484848485,2.8652272727272727,4.915909090909091,3.4452272727272732,3.2734090909090914
enz_100,3.0267045454545456,4.031704545454545,4.030037878787879,4.448068181818182,3.2782196969696966,3.2011742424242433,3.9003409090909087,3.554886363636363,3.856780303030303,4.01655303030303,3.417310606060606,3.7094318181818178,3.5461742424242426,3.7618560606060614,4.659583333333332,3.038901515151515,3.1283712121212117,5.065189393939394,3.6864015151515135,3.51375
enz_101,3.005265151515152,4.023522727272727,4.06185606060606,4.4314015151515145,3.276780303030303,3.1436742424242428,3.9471590909090915,3.510265151515151,3.7835227272727288,4.0114015151515146,3.439128787878788,3.7143560606060606,3.5988257575757574,3.7168560606060614,4.585265151515151,3.0423863636363646,3.1098863636363645,5.053522727272728,3.6779924242424236,3.561401515151515
enz_102,2.8825688073394486,3.880504587155963,3.835397553516819,4.27217125382263,3.187996941896024,2.9962538226299698,3.817584097859328,3.3956422018348618,3.6574159021406727,3.8279816513761467,3.2995412844036687,3.5681192660550463,3.462308868501529,3.6470948012232416,4.350993883792048,2.8639908256880733,3.0019113149847096,4.899159021406729,3.6565749235474017,3.4003058103975534
enz_103,3.286287878787878,4.562348484848486,4.511287878787879,4.875757575757576,3.631136363636364,3.5704545454545458,4.373939393939394,3.89439393939394,4.289545454545454,4.581515151515151,3.7800757575757578,4.18280303030303,4.0625757575757575,4.128181818181818,5.029772727272726,3.4426515151515162,3.4863636363636368,5.519015151515151,4.153863636363637,4.035227272727273
enz_104,2.8436363636363637,3.724545454545455,3.6993939393939392,4.156060606060606,3.09,2.9659090909090913,3.6927272727272733,3.3018181818181818,3.5713636363636354,3.7809848484848483,3.187424242424243,3.5061363636363643,3.3703030303030297,3.5884090909090913,4.422045454545454,2.8620454545454543,2.910909090909091,4.901363636363637,3.5021969696969686,3.308712121212121
enz_105,3.024659090909091,4.065265151515152,4.074280303030303,4.460189393939394,3.2308712121212118,3.2410227272727274,3.8943560606060608,3.527310606060606,3.861022727272727,4.05814393939394,3.4761742424242428,3.7286742424242414,3.548371212121212,3.746704545454545,4.694128787878788,3.058371212121212,3.1144318181818185,5.0293560606060606,3.7564772727272726,3.5464015151515147
enz_106,3.334507575757576,4.625492424242425,4.529810606060607,4.9668560606060606,3.576325757575757,3.5820833333333324,4.320643939393939,3.889280303030304,4.27844696969697,4.502840909090909,3.765340909090909,4.119583333333333,4.0491287878787885,4.125265151515151,4.939886363636363,3.488371212121212,3.5010227272727272,5.707765151515153,4.077537878787878,4.026931818181819
enz_107,2.6407559880239515,3.6332709580838323,3.4037799401197613,3.807297904191617,3.0194236526946105,2.7924026946107783,3.545097305389222,3.152806886227545,3.404453592814371,3.7254865269461086,3.117028443113772,3.306100299401197,3.201609281437125,3.4656062874251496,3.9639595808383232,2.5980164670658685,2.7063997005988023,4.692402694610778,3.2141092814371257,3.223241017964072
enz_108,2.54927811550152,3.520706686930092,3.2837765957446807,3.6714665653495437,2.844794832826748,2.6647796352583586,3.385296352583586,3.028761398176292,3.2700227963525834,3.4004939209726444,2.955205167173253,3.3145516717325227,3.146466565349544,3.2708586626139815,3.8995060790273546,2.4957066869300912,2.627393617021277,4.545250759878419,3.1970744680851073,3.001025835866261
enz_109,1.6808501683501684,2.5009680134680137,2.156271043771044,2.367550505050505,2.6422979797979798,1.8752946127946128,2.2223484848484847,2.2491161616161617,2.432281144781145,2.1684764309764306,2.1922138047138047,2.1306818181818183,2.0069444444444446,2.3447390572390563,2.5836279461279457,1.8556818181818184,1.835648148148148,3.7136784511784513,2.272853535353536,2.072853535353536
enz_110,2.6528743315508017,3.478542780748662,3.35548128342246,3.7231283422459898,3.0847593582887702,2.7670454545454546,3.4236631016042782,3.161229946524064,3.192847593582888,3.5279411764705886,3.0018048128342247,3.2504679144385022,3.1628342245989303,3.4155748663101604,4.055347593582888,2.6887700534759365,2.644786096256685,4.596524064171123,3.2220588235294114,3.1100935828877003
enz_111,2.6722259358288767,3.5199532085561502,3.3704879679144386,3.8073195187165765,3.1220254010695188,2.7767713903743325,3.3939505347593584,3.1908088235294114,3.2232286096256693,3.567613636363636,3.0636029411764705,3.2846590909090914,3.1534425133689843,3.412867647058824,4.1067847593582885,2.6899398395721925,2.6469585561497326,4.545554812834225,3.2448863636363643,3.1553141711229946
enz_112,3.1630681818181814,4.325969251336899,4.231049465240641,4.503776737967915,3.6244986631016034,3.3612633689839564,4.038135026737969,3.7089906417112295,3.9991644385026737,4.211664438502674,3.575568181818181,3.8999665775401056,3.6977606951871653,3.991477272727273,4.6503008021390375,3.23947192513369,3.169752673796792,5.218482620320857,3.9080548128342247,3.8029077540106946
enz_113,3.7779362416107376,5.2819630872483225,5.247986577181209,5.66736577181208,4.139261744966442,4.121140939597315,5.033808724832214,4.43968120805369,4.867869127516777,5.241862416107383,4.363171140939597,4.770553691275168,4.556627516778524,4.743120805369127,5.676174496644294,3.9442114093959733,3.8963087248322146,6.142365771812082,4.7175335570469805,4.745218120805369
enz_114,3.1947046109510087,4.408969740634006,4.4359870317002885,4.685698847262247,3.577629682997119,3.5125720461095096,4.262716138328529,3.77935878962536,4.048883285302594,4.257744956772334,3.633465417867435,4.05551152737752,3.8335374639769446,4.022802593659942,4.7174711815561965,3.3287824207492798,3.3331051873198847,5.486779538904898,3.8469380403458207,3.8326008645533136
