k_separated_bigrams_pssm0,k_separated_bigrams_pssm1,k_separated_bigrams_pssm2,k_separated_bigrams_pssm3,k_separated_bigrams_pssm4,k_separated_bigrams_pssm5,k_separated_bigrams_pssm6,k_separated_bigrams_pssm7,k_separated_bigrams_pssm8,k_separated_bigrams_pssm9,k_separated_bigrams_pssm10,k_separated_bigrams_pssm11,k_separated_bigrams_pssm12,k_separated_bigrams_pssm13,k_separated_bigrams_pssm14,k_separated_bigrams_pssm15,k_separated_bigrams_pssm16,k_separated_bigrams_pssm17,k_separated_bigrams_pssm18,k_separated_bigrams_pssm19,k_separated_bigrams_pssm20,k_separated_bigrams_pssm21,k_separated_bigrams_pssm22,k_separated_bigrams_pssm23,k_separated_bigrams_pssm24,k_separated_bigrams_pssm25,k_separated_bigrams_pssm26,k_separated_bigrams_pssm27,k_separated_bigrams_pssm28,k_separated_bigrams_pssm29,k_separated_bigrams_pssm30,k_separated_bigrams_pssm31,k_separated_bigrams_pssm32,k_separated_bigrams_pssm33,k_separated_bigrams_pssm34,k_separated_bigrams_pssm35,k_separated_bigrams_pssm36,k_separated_bigrams_pssm37,k_separated_bigrams_pssm38,k_separated_bigrams_pssm39,k_separated_bigrams_pssm40,k_separated_bigrams_pssm41,k_separated_bigrams_pssm42,k_separated_bigrams_pssm43,k_separated_bigrams_pssm44,k_separated_bigrams_pssm45,k_separated_bigrams_pssm46,k_separated_bigrams_pssm47,k_separated_bigrams_pssm48,k_separated_bigrams_pssm49,k_separated_bigrams_pssm50,k_separated_bigrams_pssm51,k_separated_bigrams_pssm52,k_separated_bigrams_pssm53,k_separated_bigrams_pssm54,k_separated_bigrams_pssm55,k_separated_bigrams_pssm56,k_separated_bigrams_pssm57,k_separated_bigrams_pssm58,k_separated_bigrams_pssm59,k_separated_bigrams_pssm60,k_separated_bigrams_pssm61,k_separated_bigrams_pssm62,k_separated_bigrams_pssm63,k_separated_bigrams_pssm64,k_separated_bigrams_pssm65,k_separated_bigrams_pssm66,k_separated_bigrams_pssm67,k_separated_bigrams_pssm68,k_separated_bigrams_pssm69,k_separated_bigrams_pssm70,k_separated_bigrams_pssm71,k_separated_bigrams_pssm72,k_separated_bigrams_pssm73,k_separated_bigrams_pssm74,k_separated_bigrams_pssm75,k_separated_bigrams_pssm76,k_separated_bigrams_pssm77,k_separated_bigrams_pssm78,k_separated_bigrams_pssm79,k_separated_bigrams_pssm80,k_separated_bigrams_pssm81,k_separated_bigrams_pssm82,k_separated_bigrams_pssm83,k_separated_bigrams_pssm84,k_separated_bigrams_pssm85,k_separated_bigrams_pssm86,k_separated_bigrams_pssm87,k_separated_bigrams_pssm88,k_separated_bigrams_pssm89,k_separated_bigrams_pssm90,k_separated_bigrams_pssm91,k_separated_bigrams_pssm92,k_separated_bigrams_pssm93,k_separated_bigrams_pssm94,k_separated_bigrams_pssm95,k_separated_bigrams_pssm96,k_separated_bigrams_pssm97,k_separated_bigrams_pssm98,k_separated_bigrams_pssm99,k_separated_bigrams_pssm100,k_separated_bigrams_pssm101,k_separated_bigrams_pssm102,k_separated_bigrams_pssm103,k_separated_bigrams_pssm104,k_separated_bigrams_pssm105,k_separated_bigrams_pssm106,k_separated_bigrams_pssm107,k_separated_bigrams_pssm108,k_separated_bigrams_pssm109,k_separated_bigrams_pssm110,k_separated_bigrams_pssm111,k_separated_bigrams_pssm112,k_separated_bigrams_pssm113,k_separated_bigrams_pssm114,k_separated_bigrams_pssm115,k_separated_bigrams_pssm116,k_separated_bigrams_pssm117,k_separated_bigrams_pssm118,k_separated_bigrams_pssm119,k_separated_bigrams_pssm120,k_separated_bigrams_pssm121,k_separated_bigrams_pssm122,k_separated_bigrams_pssm123,k_separated_bigrams_pssm124,k_separated_bigrams_pssm125,k_separated_bigrams_pssm126,k_separated_bigrams_pssm127,k_separated_bigrams_pssm128,k_separated_bigrams_pssm129,k_separated_bigrams_pssm130,k_separated_bigrams_pssm131,k_separated_bigrams_pssm132,k_separated_bigrams_pssm133,k_separated_bigrams_pssm134,k_separated_bigrams_pssm135,k_separated_bigrams_pssm136,k_separated_bigrams_pssm137,k_separated_bigrams_pssm138,k_separated_bigrams_pssm139,k_separated_bigrams_pssm140,k_separated_bigrams_pssm141,k_separated_bigrams_pssm142,k_separated_bigrams_pssm143,k_separated_bigrams_pssm144,k_separated_bigrams_pssm145,k_separated_bigrams_pssm146,k_separated_bigrams_pssm147,k_separated_bigrams_pssm148,k_separated_bigrams_pssm149,k_separated_bigrams_pssm150,k_separated_bigrams_pssm151,k_separated_bigrams_pssm152,k_separated_bigrams_pssm153,k_separated_bigrams_pssm154,k_separated_bigrams_pssm155,k_separated_bigrams_pssm156,k_separated_bigrams_pssm157,k_separated_bigrams_pssm158,k_separated_bigrams_pssm159,k_separated_bigrams_pssm160,k_separated_bigrams_pssm161,k_separated_bigrams_pssm162,k_separated_bigrams_pssm163,k_separated_bigrams_pssm164,k_separated_bigrams_pssm165,k_separated_bigrams_pssm166,k_separated_bigrams_pssm167,k_separated_bigrams_pssm168,k_separated_bigrams_pssm169,k_separated_bigrams_pssm170,k_separated_bigrams_pssm171,k_separated_bigrams_pssm172,k_separated_bigrams_pssm173,k_separated_bigrams_pssm174,k_separated_bigrams_pssm175,k_separated_bigrams_pssm176,k_separated_bigrams_pssm177,k_separated_bigrams_pssm178,k_separated_bigrams_pssm179,k_separated_bigrams_pssm180,k_separated_bigrams_pssm181,k_separated_bigrams_pssm182,k_separated_bigrams_pssm183,k_separated_bigrams_pssm184,k_separated_bigrams_pssm185,k_separated_bigrams_pssm186,k_separated_bigrams_pssm187,k_separated_bigrams_pssm188,k_separated_bigrams_pssm189,k_separated_bigrams_pssm190,k_separated_bigrams_pssm191,k_separated_bigrams_pssm192,k_separated_bigrams_pssm193,k_separated_bigrams_pssm194,k_separated_bigrams_pssm195,k_separated_bigrams_pssm196,k_separated_bigrams_pssm197,k_separated_bigrams_pssm198,k_separated_bigrams_pssm199,k_separated_bigrams_pssm200,k_separated_bigrams_pssm201,k_separated_bigrams_pssm202,k_separated_bigrams_pssm203,k_separated_bigrams_pssm204,k_separated_bigrams_pssm205,k_separated_bigrams_pssm206,k_separated_bigrams_pssm207,k_separated_bigrams_pssm208,k_separated_bigrams_pssm209,k_separated_bigrams_pssm210,k_separated_bigrams_pssm211,k_separated_bigrams_pssm212,k_separated_bigrams_pssm213,k_separated_bigrams_pssm214,k_separated_bigrams_pssm215,k_separated_bigrams_pssm216,k_separated_bigrams_pssm217,k_separated_bigrams_pssm218,k_separated_bigrams_pssm219,k_separated_bigrams_pssm220,k_separated_bigrams_pssm221,k_separated_bigrams_pssm222,k_separated_bigrams_pssm223,k_separated_bigrams_pssm224,k_separated_bigrams_pssm225,k_separated_bigrams_pssm226,k_separated_bigrams_pssm227,k_separated_bigrams_pssm228,k_separated_bigrams_pssm229,k_separated_bigrams_pssm230,k_separated_bigrams_pssm231,k_separated_bigrams_pssm232,k_separated_bigrams_pssm233,k_separated_bigrams_pssm234,k_separated_bigrams_pssm235,k_separated_bigrams_pssm236,k_separated_bigrams_pssm237,k_separated_bigrams_pssm238,k_separated_bigrams_pssm239,k_separated_bigrams_pssm240,k_separated_bigrams_pssm241,k_separated_bigrams_pssm242,k_separated_bigrams_pssm243,k_separated_bigrams_pssm244,k_separated_bigrams_pssm245,k_separated_bigrams_pssm246,k_separated_bigrams_pssm247,k_separated_bigrams_pssm248,k_separated_bigrams_pssm249,k_separated_bigrams_pssm250,k_separated_bigrams_pssm251,k_separated_bigrams_pssm252,k_separated_bigrams_pssm253,k_separated_bigrams_pssm254,k_separated_bigrams_pssm255,k_separated_bigrams_pssm256,k_separated_bigrams_pssm257,k_separated_bigrams_pssm258,k_separated_bigrams_pssm259,k_separated_bigrams_pssm260,k_separated_bigrams_pssm261,k_separated_bigrams_pssm262,k_separated_bigrams_pssm263,k_separated_bigrams_pssm264,k_separated_bigrams_pssm265,k_separated_bigrams_pssm266,k_separated_bigrams_pssm267,k_separated_bigrams_pssm268,k_separated_bigrams_pssm269,k_separated_bigrams_pssm270,k_separated_bigrams_pssm271,k_separated_bigrams_pssm272,k_separated_bigrams_pssm273,k_separated_bigrams_pssm274,k_separated_bigrams_pssm275,k_separated_bigrams_pssm276,k_separated_bigrams_pssm277,k_separated_bigrams_pssm278,k_separated_bigrams_pssm279,k_separated_bigrams_pssm280,k_separated_bigrams_pssm281,k_separated_bigrams_pssm282,k_separated_bigrams_pssm283,k_separated_bigrams_pssm284,k_separated_bigrams_pssm285,k_separated_bigrams_pssm286,k_separated_bigrams_pssm287,k_separated_bigrams_pssm288,k_separated_bigrams_pssm289,k_separated_bigrams_pssm290,k_separated_bigrams_pssm291,k_separated_bigrams_pssm292,k_separated_bigrams_pssm293,k_separated_bigrams_pssm294,k_separated_bigrams_pssm295,k_separated_bigrams_pssm296,k_separated_bigrams_pssm297,k_separated_bigrams_pssm298,k_separated_bigrams_pssm299,k_separated_bigrams_pssm300,k_separated_bigrams_pssm301,k_separated_bigrams_pssm302,k_separated_bigrams_pssm303,k_separated_bigrams_pssm304,k_separated_bigrams_pssm305,k_separated_bigrams_pssm306,k_separated_bigrams_pssm307,k_separated_bigrams_pssm308,k_separated_bigrams_pssm309,k_separated_bigrams_pssm310,k_separated_bigrams_pssm311,k_separated_bigrams_pssm312,k_separated_bigrams_pssm313,k_separated_bigrams_pssm314,k_separated_bigrams_pssm315,k_separated_bigrams_pssm316,k_separated_bigrams_pssm317,k_separated_bigrams_pssm318,k_separated_bigrams_pssm319,k_separated_bigrams_pssm320,k_separated_bigrams_pssm321,k_separated_bigrams_pssm322,k_separated_bigrams_pssm323,k_separated_bigrams_pssm324,k_separated_bigrams_pssm325,k_separated_bigrams_pssm326,k_separated_bigrams_pssm327,k_separated_bigrams_pssm328,k_separated_bigrams_pssm329,k_separated_bigrams_pssm330,k_separated_bigrams_pssm331,k_separated_bigrams_pssm332,k_separated_bigrams_pssm333,k_separated_bigrams_pssm334,k_separated_bigrams_pssm335,k_separated_bigrams_pssm336,k_separated_bigrams_pssm337,k_separated_bigrams_pssm338,k_separated_bigrams_pssm339,k_separated_bigrams_pssm340,k_separated_bigrams_pssm341,k_separated_bigrams_pssm342,k_separated_bigrams_pssm343,k_separated_bigrams_pssm344,k_separated_bigrams_pssm345,k_separated_bigrams_pssm346,k_separated_bigrams_pssm347,k_separated_bigrams_pssm348,k_separated_bigrams_pssm349,k_separated_bigrams_pssm350,k_separated_bigrams_pssm351,k_separated_bigrams_pssm352,k_separated_bigrams_pssm353,k_separated_bigrams_pssm354,k_separated_bigrams_pssm355,k_separated_bigrams_pssm356,k_separated_bigrams_pssm357,k_separated_bigrams_pssm358,k_separated_bigrams_pssm359,k_separated_bigrams_pssm360,k_separated_bigrams_pssm361,k_separated_bigrams_pssm362,k_separated_bigrams_pssm363,k_separated_bigrams_pssm364,k_separated_bigrams_pssm365,k_separated_bigrams_pssm366,k_separated_bigrams_pssm367,k_separated_bigrams_pssm368,k_separated_bigrams_pssm369,k_separated_bigrams_pssm370,k_separated_bigrams_pssm371,k_separated_bigrams_pssm372,k_separated_bigrams_pssm373,k_separated_bigrams_pssm374,k_separated_bigrams_pssm375,k_separated_bigrams_pssm376,k_separated_bigrams_pssm377,k_separated_bigrams_pssm378,k_separated_bigrams_pssm379,k_separated_bigrams_pssm380,k_separated_bigrams_pssm381,k_separated_bigrams_pssm382,k_separated_bigrams_pssm383,k_separated_bigrams_pssm384,k_separated_bigrams_pssm385,k_separated_bigrams_pssm386,k_separated_bigrams_pssm387,k_separated_bigrams_pssm388,k_separated_bigrams_pssm389,k_separated_bigrams_pssm390,k_separated_bigrams_pssm391,k_separated_bigrams_pssm392,k_separated_bigrams_pssm393,k_separated_bigrams_pssm394,k_separated_bigrams_pssm395,k_separated_bigrams_pssm396,k_separated_bigrams_pssm397,k_separated_bigrams_pssm398,k_separated_bigrams_pssm399
2.1304,1.4101,0.9597000000000002,1.1794,0.2898,0.7838,2.0465,1.1602,0.5254,1.462,1.7344,1.1959,0.479,0.7320999999999999,0.9204000000000002,1.5176,1.5073,0.5306,0.6649,1.2343,1.2203,1.317,0.8558,1.1108,0.2712,0.6378,1.142,0.8203,0.5628,1.3053,1.7426,1.2157,0.7872,0.7471999999999999,0.9994,1.1997,1.0846,0.4934,0.9558,1.1246,1.0173,0.8326,1.2354,0.6755,0.1823,0.555,0.8671999999999999,1.284,0.6487,0.7693,1.12,0.7882,0.4293,0.666,0.5437,0.9648000000000002,0.8748,0.3139,0.9139,0.8858,1.176,0.9039,0.7149,0.9606,0.3282,0.5367,1.1693,1.1637,0.4482,1.2818,1.5279,0.903,0.7955999999999999,0.9311,0.8266,1.1362,1.1768,1.2172,1.049,1.1284,0.3246,0.3875,0.2255,0.3544,0.0797,0.1891,0.3185,0.2483,0.1403,0.2601,0.3749,0.2443,0.1175,0.1768,0.1367,0.3768,0.3178,0.0989,0.1802,0.3116,0.7083,0.6618,0.4813,0.6808,0.1721,0.3781,1.0189,0.5496,0.3924,0.7778,0.9224000000000002,0.6277,0.3441,0.3984,0.5,0.7159,0.6367,0.353,0.4322,0.7290999999999999,1.7044,0.94,0.8418,1.1346,0.5557,0.6794,1.6454,1.0232,0.5125,1.691,1.6889,1.3142,0.6554,0.9354,0.951,1.4824,1.658,0.5371,1.0941,1.6119,0.963,1.0485,0.9217,1.2986,0.228,0.6308,1.6389,0.8836,0.7235,0.8288999999999999,1.2987,1.0332,0.4664,0.7608,0.5817,1.0171,0.9069,0.3412,0.601,0.9256,0.7259999999999999,0.436,0.3129,0.3636,0.1496,0.3265,0.5525,0.413,0.3465,0.578,0.7669,0.3828,0.2822,0.3406,0.268,0.5687,0.4605,0.1404,0.36,1.0868,1.2201,1.3731,1.0974,1.4424,0.2982,0.7005,1.4705,0.8728,0.5192,1.1193,1.5057,1.1266,0.5565,0.8158999999999998,1.0297,1.1532,1.3065000000000002,0.4074,0.5919,1.1351000000000002,2.2003,1.4663,1.2745,1.9382,0.3988,1.0238,1.7299,1.5734,0.6729,1.4367,2.9247,1.503,0.7878,1.0887,1.9462,1.5326,1.462,0.3571,0.6528,1.6339,1.0336,1.1274,0.7972,0.9539,0.2141,0.8278,1.3059,0.7959,0.4666,1.2847,1.5999,1.311,0.5102,0.6969,1.2001,1.1137,0.9976,0.3652,0.7566,1.0515,0.507,0.526,0.7047,0.6842,0.1207,0.4248,0.6596,0.4827,0.2538,0.581,1.3942,0.5282,0.4054,0.3314,0.3853,0.557,0.5454,0.1285,0.2776,0.5843,0.87,0.9475,0.5884,0.7327,0.1891,0.562,0.9017,0.7303,0.3832,0.6891,1.1049000000000002,0.7314,0.3445,0.5082,0.4756,0.8409999999999999,0.7415,0.2061,0.4162,0.7149,1.3944,0.9754,0.5646,1.5479,0.215,0.5897,0.9762,1.16,0.2737,0.6773,0.8878,1.0346,0.3143,0.561,0.6752,1.2433,0.9153,0.1431,0.4212,0.7641,1.3594,1.1339,1.0033,1.3543,0.2689,0.7218,1.5027,1.0802,0.5168,1.1988,1.7396,1.0583,0.8336,0.8097999999999999,1.1467,1.4531,1.3404,0.4708,0.7536,1.2177,1.1877,1.2093,0.8927,0.8366,0.2614,0.5921,1.1413,0.9341,0.4769,1.4546,1.6034,0.9734,0.5324,0.6879,0.9427,1.3670000000000002,1.4224,0.957,0.6421,1.3528,0.5604,0.7304,0.2906,0.1804,0.1052,0.2706,0.3455,0.2975,0.1365,0.4721,0.5184,0.6892,0.2711,0.2386,0.2957,0.9049,0.3528,0.0657,0.1549,0.9165,0.6411,0.8046999999999999,0.4138,0.6426,0.2089,0.3867,0.8059,0.6208,0.3202,0.7141,0.953,0.5818,0.3313,0.4987,0.4421,0.7154,0.5952,0.1913,0.3987,0.7008,1.4907,1.4021,1.3773,1.2628,0.3337,0.6631,1.4144,0.9632,0.5542,1.191,1.5494,1.1429,0.4999,0.7864999999999999,1.0338,1.11,1.1677,0.4556,0.7082,1.2420000000000002
2.178,1.4126,0.9361,1.2274,0.3611,0.7565,1.7465,1.3648,0.4805,1.4351,1.7623,1.2231,0.5429,0.7183,0.9323,1.4653,1.483,0.4984,0.6716,1.3882,1.2077000000000002,1.3132,0.8296,1.0557,0.2962,0.6132,1.0923,0.8026999999999999,0.5502,1.3094,1.7081,1.2333,0.7982,0.7516,1.0471,1.159,1.0491,0.531,1.0025,1.1442,1.062,0.814,1.2622,0.6779,0.2176,0.5583,0.8685,1.346,0.6754,0.7841,1.079,0.7867,0.4231,0.6596,0.6464,1.0889,0.8389999999999999,0.3051,0.6847,0.9305000000000002,1.1703,0.8711999999999999,0.688,0.9277,0.356,0.5267,1.1675,1.2452,0.4329,1.3272,1.6113,0.8908,0.8244,0.9573,0.8984999999999999,1.9465,1.259,1.1141,0.6358,1.1661,0.325,0.3791,0.2843,0.3549,0.0777,0.1869,0.3141,0.3512,0.139,0.2387,0.3677,0.2607,0.1166,0.1776,0.1681,0.5505,0.3188,0.0953,0.1714,0.2914,0.7293,0.6161,0.4868,0.7041,0.2243,0.3651,0.9206,0.5502,0.3913,0.7853,0.9199,0.6047,0.3324,0.3857,0.5489,0.6812,0.6367,0.3954,0.4333,0.7783,1.564,0.9458,0.8380999999999998,1.1566,0.6732,0.653,1.4465,1.3245,0.5006,1.6946,1.6714,1.3471,0.6473,0.9067,0.9782,1.2853,1.554,0.5372,0.7281999999999998,1.6639,1.1933,1.1135,1.0154,1.8671,0.2671,0.7015,1.5973,0.9629,0.6744,0.7416,1.271,1.0834,0.4409,0.695,0.545,1.0808,0.9004999999999999,0.2852,0.6001,0.8923999999999999,0.7021,0.414,0.2981,0.3853,0.1419,0.317,0.5354,0.5359,0.3531,0.5227,0.7135,0.3773,0.281,0.3417,0.2698,0.5449,0.4389,0.2059,0.3533,1.0744,1.2008,1.3168,1.0843,1.4463,0.2878,0.7078,1.4834,0.8831,0.4956,1.0771,1.4754,1.1167,0.5626,0.79,0.7539,1.1734000000000002,1.4029,0.3629,0.5824,1.1116,2.32,1.4374,1.2761,2.0109,0.4028,1.0454,1.7457,1.5767,0.6689,1.4357,3.1007,1.495,0.7895999999999999,0.9876,1.9268,1.5196,1.446,0.3377,0.6729,1.6492,1.1039,1.1453,0.772,0.8823999999999999,0.2455,0.8364,1.2831,0.8043,0.4597,1.2307,1.5501,1.3643,0.5114,0.6868,1.2592,1.0449,1.0263000000000002,0.3721,0.7784,1.1183,0.5228,0.4912,0.7321999999999999,0.7277,0.1241,0.4374,0.6516,0.4257,0.2474,0.5684,1.4454,0.5114,0.4187,0.3293,0.3726,0.5455,0.5516,0.1319,0.2749,0.6169,0.807,0.9137,0.5703,0.7063,0.1841,0.5509,0.8662999999999998,0.6667,0.3749,0.6678,1.1150000000000002,0.7187,0.3301,0.4917,0.4455,0.8327,0.6979,0.2001,0.4104,0.7511,1.1048,0.9609,0.6026,1.5616,0.1816,0.5852,1.0153,1.1806,0.3535,0.6573,0.9227,1.0621,0.3264,0.5467,0.7123,0.9319,0.884,0.13600000000000004,0.433,0.7948,1.3561,1.1646,0.9224000000000002,1.3212,0.2607,0.7346,1.6513,1.08,0.567,1.097,1.7601,1.0398,0.8444,0.7359,0.9751,1.3559,1.0311,0.4592,0.738,1.1958,1.2079,1.1851,0.9224000000000002,0.8484,0.2485,0.5597,1.1625,0.9028,0.4747,1.44,1.4497,0.9491,0.4945,0.6937,0.7634999999999998,1.2655,1.3134,1.0557,0.6397,1.3758,0.6001,0.7065,0.3072,0.1846,0.1052,0.2656,0.3494,0.269,0.135,0.4467,0.5426,0.6768,0.2769,0.2273,0.3547,0.8577,0.33,0.0736,0.1487,0.8671,0.6651,0.7984,0.4143,0.6242,0.2007,0.3972,0.809,0.6063,0.3228,0.7214,0.9479,0.5888,0.3311,0.507,0.4674,0.7228,0.5942,0.1963,0.3877,0.707,1.5467,1.4484,1.4602,1.2899,0.3156,0.6774,1.4179,1.0249,0.5357,1.1668,1.7934,1.1227,0.5286,0.7218,0.9148,1.2468,1.2155,0.3925,0.6981,1.38
2.1984,1.4829,0.9746,1.1912,0.3577,0.7606,1.7423,1.4357,0.5065,1.4368,1.7877,1.2355,0.5313,0.7109,0.9867,1.3994,1.4585,0.4638,0.7064,1.3477,1.2634,1.3064,0.8023,1.0656,0.2778,0.6121,1.1298,0.8434,0.5434,1.3374,1.7469,1.2025,0.7986999999999999,0.7408,1.029,1.2083,1.1257,0.4606,0.986,1.1728,1.0618,0.8114,1.3578,0.7468,0.201,0.5712,0.8711,1.3556,0.6658,0.7499,1.1150000000000002,0.7962,0.426,0.6739,0.4971,1.1433,0.9235,0.2984,0.7075,0.9281,1.1676,0.8775,0.7015,0.9512,0.3473,0.5366,1.1854,1.1885,0.4278,1.2577,1.5642,0.8932,0.7749,0.9236,0.8194,1.4101,1.224,1.1137,0.6299,1.1702,0.3586,0.4144,0.2473,0.3413,0.08809999999999998,0.1999,0.3156,0.29,0.1439,0.2416,0.3678,0.2609,0.1446,0.1847,0.1358,0.4293,0.3176,0.12,0.1901,0.3144,0.7418,0.665,0.4789,0.715,0.1926,0.378,0.9425,0.579,0.4396,0.764,0.9267,0.6146,0.335,0.3869,0.5305,0.7041,0.6418,0.335,0.4491,0.7602999999999999,1.5786,0.9601,0.8274,1.1512,0.5845,0.6877,1.5121,1.1352,0.4926,1.6601,1.69,1.3102,0.6491,0.9113000000000002,0.8661,1.3739,1.4584,0.4465,0.7568,1.6726,1.1814,1.1234,0.9698000000000002,1.3828,0.2887,0.7398,1.5707,1.2623,0.646,0.7475,1.2878,1.079,0.4777,0.7011,0.5865,1.6034,0.9153,0.2615,0.6148,0.9075,0.7351999999999999,0.4163,0.3713,0.3661,0.1391,0.2749,0.5345,0.6584,0.3505,0.5373,0.7402999999999998,0.3664,0.2825,0.3258,0.264,0.5701,0.4661,0.161,0.3346,1.1236,1.1778,1.3202,1.0965,1.3891,0.3059,0.705,1.4156,0.887,0.5095,1.0373,1.4756,1.1323,0.5472,0.7814999999999999,0.7467,1.1728,1.3031,0.377,0.6015,1.1115,2.2952,1.4845,1.2891,1.9075,0.4342,1.0451,1.6486,1.594,0.687,1.4155,3.0114,1.5288,0.7753,1.0574,1.882,1.5981,1.4979,0.3533,0.6994,1.6816,1.0893,1.1361,0.7565,0.8953,0.2502,0.7938,1.3447,0.8599,0.454,1.2432,1.5906,1.3361,0.5037,0.6721,1.2515,1.0989,0.9953,0.3626,0.7854999999999999,1.0731,0.5395,0.5172,0.7458,0.6441,0.1223,0.4261,0.64,0.4538,0.2923,0.5827,1.3829,0.5252,0.4004,0.3342,0.4088,0.547,0.5394,0.1542,0.2922,0.5817,0.8677,0.9308,0.5469,0.6806,0.1908,0.5606,0.8725,0.6896,0.3904,0.6545,1.118,0.7167,0.332,0.5086,0.429,0.7945999999999999,0.7068,0.2187,0.4213,0.7378,1.0783,0.9558,0.6723,1.5705,0.1892,0.562,1.0515,0.9629,0.2823,0.635,0.8969,1.0285,0.3256,0.5246,0.6652,0.8999,0.8248999999999999,0.1643,0.4474,0.7361999999999999,1.4214000000000002,1.13,0.9864,1.2484,0.2814,0.7192,1.3449,1.2396,0.6876,1.1279,1.6932,1.0349,0.8492,0.7396,0.9842,1.6442,1.2281,0.436,0.7656,1.2227,1.2522,1.2056,0.898,0.8429999999999999,0.252,0.6195,1.1079,0.9498,0.5084,1.3907,1.5977,0.9806,0.5434,0.6911,0.7657,1.2297,1.2954,0.9338,0.6525,1.3793,0.5333,0.7127,0.2825,0.1713,0.08269999999999998,0.2781,0.3344,0.2898,0.133,0.3884,0.4882,0.7068,0.2346,0.231,0.2995,0.8929,0.3385,0.0924,0.1649,0.7388,0.672,0.8354,0.4266,0.6373,0.1845,0.3971,0.8077999999999999,0.6338,0.3283,0.7428,1.003,0.6026,0.3403,0.5185,0.449,0.7176,0.6134,0.2088,0.4,0.7713999999999999,1.4965,1.4033000000000002,1.4849,1.2363,0.3373,0.6934,1.3596,1.0087,0.5372,1.1448,1.7235,1.1478,0.5306,0.7591,0.8568,1.3115,1.2351,0.4415,0.7381999999999999,1.3479
2.2058,1.5069,1.0344,1.2588,0.4099,0.7853,1.7742,1.4107,0.5334,1.397,1.7763,1.2349,0.4941,0.7234,0.9433,1.5404,1.437,0.5071,0.6986,1.2972,1.2793,1.3091,0.7999,1.0617,0.2907,0.6042,1.1542,0.8821,0.5588,1.3244,1.7563,1.202,0.8072,0.7716,1.0518,1.2343,1.1212,0.4543,1.0135,1.1403,1.1001,0.8207,1.2183,0.7101,0.2072,0.5687,0.8981,1.2445,0.632,0.7218,1.0917,0.8041,0.4141,0.6859,0.526,1.1102,0.9234000000000002,0.3012,0.7148,0.8757,1.1566,0.869,0.7227,0.9900000000000002,0.3296,0.5782,1.2022,1.2319000000000002,0.4435,1.277,1.5294,0.882,0.7474,0.9349,0.8202,1.3209,1.1811,1.1244,0.6482,1.1832,0.3864,0.4244,0.2556,0.3437,0.08519999999999998,0.2088,0.315,0.361,0.1526,0.2416,0.368,0.2579,0.1386,0.1932,0.1573,0.4158,0.3253,0.1057,0.1894,0.2891,0.744,0.6728,0.482,0.7392999999999998,0.1942,0.4019,0.9745,0.6078,0.4065,0.7439,0.9037,0.6118,0.3517,0.3881,0.498,0.7359,0.642,0.3281,0.4494,0.7047,1.5904,0.9394,0.8744,1.1902,0.5783,0.7068,1.4942,1.1339,0.5127,1.6446,1.6912,1.3023,0.6475,0.9343,0.8831,1.5361,1.3495,0.4431,0.7563999999999999,1.6267,1.1423,1.1571,0.8551999999999998,1.2631,0.2781,0.7283,1.6107,1.2226,0.6547,0.7824999999999999,1.3068,1.0666000000000002,0.4585,0.7293,0.5762,1.45,0.9692,0.2821,0.6152,0.9081,0.8243,0.4188,0.3727,0.3855,0.1444,0.2697,0.5892,0.5329,0.3522,0.5226,0.7303,0.3735,0.284,0.3346,0.28,0.6281,0.4786,0.1534,0.3288,1.0614,1.1851,1.3048,1.081,1.2968,0.301,0.6744,1.3508,0.8630999999999999,0.5174,1.026,1.4817,1.08,0.5516,0.8115,0.7719,1.1497,1.2521000000000002,0.4233,0.6045,1.0772,2.2868,1.4924,1.2798,1.8417,0.4438,1.0463,1.6412,1.5981,0.6903,1.3953,2.9948,1.4939,0.7499,1.0851,1.8859,1.6186,1.5262,0.3801,0.729,1.6709,1.0903,1.1228,0.7579,0.9303,0.2317,0.8132,1.354,0.8353,0.4988,1.2111,1.5983,1.3171,0.5086,0.6946,1.1878,1.1099,0.9351,0.3524,0.7893,1.0171,0.5284,0.5332,0.6696,0.5916,0.1311,0.4403,0.65,0.4732,0.288,0.5602,1.3828,0.5169,0.395,0.3338,0.4171,0.5325,0.5501,0.1483,0.2909,0.578,0.8744,0.9411,0.556,0.7041,0.2081,0.5581,0.9099,0.7074,0.396,0.6287,1.1175,0.7436,0.336,0.5035,0.4556,0.8374,0.7414,0.2303,0.4294,0.7138,1.1954,0.9336,0.6137,1.5704,0.1666,0.5378,0.9595,0.9187,0.3017,0.6406,0.8871,1.0153,0.3287,0.527,0.6922,1.0156,0.8136999999999999,0.1471,0.4496,0.7188,1.4248,1.1957,0.9889,1.3342,0.2995,0.7370999999999999,1.4283,1.1957,0.6573,1.1417,1.7288,1.0426,0.8393,0.7861,0.9712,1.8405,1.2454,0.4413,0.7861,1.1772,1.2562,1.172,0.8658,0.8541999999999998,0.2882,0.5911,1.1002,0.9537000000000002,0.4926,1.3459,1.5843,0.9621,0.5475,0.6933,0.7429,1.2319000000000002,1.2891,0.9775,0.6738,1.2763000000000002,0.4881,0.7259999999999999,0.2808,0.1849,0.0834,0.2686,0.346,0.2724,0.1437,0.3874,0.4798,0.7018,0.2355,0.241,0.2947,0.8934999999999998,0.3537,0.0807,0.1596,0.8973,0.6764,0.8323,0.4282,0.6573,0.1965,0.3892,0.8247,0.6517,0.3333,0.7203,0.9996,0.6117,0.3309,0.5236,0.4539,0.7659,0.6273,0.2167,0.4303,0.7414,1.5144,1.3857,1.433,1.2151,0.3335,0.6584,1.2471,0.9795,0.5485,1.0959,1.7932,1.0757,0.5128,0.7681,0.8442,1.2768,1.153,0.4482,0.7265,1.2671
2.1926,1.5003,0.9686,1.2215,0.3677,0.785,1.7424,1.4515,0.5079,1.4005,1.7772,1.2296,0.5372,0.7261999999999998,0.9716,1.4224,1.4733,0.5276,0.6889,1.337,1.291,1.2796,0.7901,1.084,0.2792,0.6198,1.134,0.8816,0.5637,1.2985,1.7383,1.1807,0.7928,0.753,1.0523,1.2217,1.1138,0.458,0.9900000000000002,1.1379,1.0608,0.8128999999999998,1.3213,0.742,0.1994,0.5669,0.9197,1.2734,0.6789,0.7142,1.0762,0.7912,0.403,0.6732,0.4975,1.1135,0.9077,0.3,0.7023,0.906,1.1635,0.8877,0.718,0.982,0.3483,0.5511,1.2078,1.2446,0.442,1.2657,1.5504,0.8891,0.7683999999999999,0.9246,0.8500999999999999,1.3365,1.1961,1.1222,0.6486,1.1656,0.355,0.4269,0.258,0.3461,0.08949999999999998,0.2034,0.3123,0.2865,0.1481,0.2409,0.3709,0.2688,0.1375,0.1902,0.146,0.4036,0.3421,0.1121,0.1901,0.2983,0.7482999999999999,0.6575,0.5004,0.7351999999999999,0.1885,0.4082,0.9521,0.5803,0.435,0.7346,0.9023000000000002,0.6106,0.3394,0.3883,0.5303,0.7327,0.6431,0.3266,0.4487,0.6975,1.5794,0.9662,0.8444,1.1854,0.575,0.7083,1.4997,1.137,0.5131,1.6416,1.684,1.3073,0.638,0.9304,0.8879,1.5679,1.3563,0.4581,0.7523999999999998,1.6101,1.1953,1.1465,0.9126,1.314,0.2821,0.7208,1.6825,1.2094,0.655,0.7621,1.2878,1.0686000000000002,0.4589,0.7153,0.5777,1.4168,0.976,0.29,0.6074,0.8827,0.7431,0.4171,0.3477,0.3806,0.1426,0.2982,0.553,0.5734,0.359,0.5179,0.7376,0.3721,0.2783,0.3337,0.2794,0.6409,0.488,0.1548,0.3387,1.0943,1.1661,1.2857,1.0613,1.2966,0.3009,0.6811,1.3598,0.8656,0.5231,1.0137,1.4876,1.0788,0.5343,0.7924,0.7882,1.1368,1.26,0.4167,0.6063,1.0842,2.2984,1.4882,1.257,1.8862,0.4427,1.0409,1.641,1.5984,0.6845,1.4023,3.0273,1.4847,0.7381999999999999,1.0919,1.8746,1.6089,1.5413,0.3831,0.7273,1.6854,1.0914,1.1306,0.7566,0.9359,0.2526,0.792,1.3357,0.8655,0.482,1.1814,1.5721,1.3084,0.5054,0.6827,1.2009,1.1089000000000002,0.9326,0.3643,0.7941,1.0049,0.5322,0.5181,0.6934,0.5824,0.128,0.4319,0.6464,0.448,0.2759,0.5623,1.3773,0.5149,0.3835,0.3316,0.4009,0.5412,0.5479,0.1554,0.2869,0.5799,0.8799,0.9426000000000002,0.5331,0.6889,0.1963,0.5671,0.8978,0.6889,0.3936,0.648,1.1297,0.7351999999999999,0.3302,0.5201,0.4368,0.8134,0.7305,0.2391,0.4287,0.7656,1.0851,0.9386,0.6534,1.5635,0.1798,0.5433,1.012,0.9424,0.2742,0.6423,0.8988,1.0218,0.3218,0.5133,0.686,1.0532,0.864,0.1593,0.4421,0.7268,1.4098,1.1602,1.011,1.3556,0.2839,0.7203,1.3954,1.2284,0.6564,1.124,1.6804,1.0527,0.8399999999999999,0.7611,0.9882,1.6191,1.2277,0.4645,0.7582999999999999,1.1787,1.2681,1.1821,0.893,0.8923999999999999,0.2788,0.6067,1.1245,0.9783,0.496,1.3243,1.5753,0.9829000000000002,0.5236,0.6976,0.7644999999999998,1.2387,1.3318,0.9882,0.6515,1.2717,0.5513,0.7093,0.2736,0.185,0.0848,0.266,0.3489,0.2839,0.1354,0.4154,0.5128,0.6875,0.2352,0.2386,0.3017,0.892,0.3524,0.0879,0.1572,0.9907,0.6843,0.8337,0.428,0.6562,0.1862,0.3891,0.8104,0.6447,0.3294,0.7219999999999999,0.9915,0.6029,0.3239,0.5273,0.4395,0.7409,0.6224,0.212,0.405,0.7577,1.5052,1.3729,1.4401,1.2166,0.3209,0.6642,1.2771,0.9749,0.5226,1.1224,1.8474,1.0951,0.529,0.7769,0.8308,1.3105000000000002,1.2113,0.4538,0.7338,1.3064
1.8996,1.58,1.0833,1.2009,0.4234,0.7633999999999999,1.7448,1.2125,0.5485,1.3392,1.7857,1.1765,0.5132,0.7106,0.8388999999999999,1.378,1.3367000000000002,0.5663,0.6989,1.3268,1.3718,1.4108,0.8093,1.1798,0.2609,0.5745,1.2029,0.7959,0.5641,1.3626,1.7145,1.3045000000000002,0.6762,0.7918,1.1154,1.5376,1.0811,0.5785,1.1056,1.2429,1.1219,0.8796,1.3793,0.671,0.1614,0.6181,0.8629,1.4456,0.6254,0.7533999999999998,1.0815,0.8076,0.4226,0.6391,0.4672,1.3053,0.8453,0.2838,0.6517,0.9272,1.1765,0.9203,0.6773,0.932,0.3309,0.5388,1.2239,1.3168,0.4019,1.4156,1.6325,0.8696,0.7197,0.98,0.8049,1.4319,1.2799,0.9838,0.6298,1.1748,0.3593,0.382,0.2495,0.3397,0.06560000000000002,0.1998,0.2876,0.2809,0.1282,0.2733,0.3624,0.2629,0.12160000000000003,0.1538,0.1565,0.3137,0.2772,0.0999,0.15659999999999996,0.2774,0.74,0.6573,0.4284,0.71,0.1537,0.3702,0.9986,0.548,0.4104,0.7481,0.8436,0.6297,0.3185,0.3599,0.5022,0.6435,0.6825,0.3232,0.3968,0.7833,1.5691,0.9704,0.9507,1.1761,0.536,0.6487,1.5227,1.1657,0.5094,1.6987,1.6555,1.2787,0.6117,0.9057,0.8933999999999999,1.4812,1.6143,0.5408,0.7340999999999999,1.7435,1.0622,1.407,0.9876,1.3066,0.2061,0.7585,1.4952,0.9992,0.7115,0.7226,1.1838,1.1053,0.4015,0.6712,0.5773,0.9169,0.9065,0.3155,0.5824,0.8036999999999999,0.7002,0.4056,0.3266,0.3722,0.1172,0.2663,0.5413,0.3919,0.3492,0.5228,0.7255,0.3864,0.272,0.3066,0.2467,0.5899,0.4684,0.1213,0.313,1.2047,1.162,1.3694,1.0149,1.5369,0.279,0.667,1.5129,0.867,0.4754,0.9633,1.3766,1.0509,0.5179,0.7707,0.7229,1.2641,1.2699,0.3721,0.6038,1.0576,2.0381,1.4834,1.2417,2.0622,0.4116,1.0131,1.7906,1.4648,0.6098,1.3592,2.9024,1.3944,0.7452999999999999,0.9781,2.1148,1.4456,1.4113000000000002,0.3424,0.6221,1.4809,1.1281,1.1598,0.7327,0.8644,0.2322,0.7229999999999999,1.2894,0.7821,0.4374,1.2233,1.5324,1.3204,0.4198,0.6755,1.077,1.0148,0.986,0.3104,0.8400999999999998,1.1198,0.5031,0.4923,0.718,0.694,0.1122,0.4163,0.6189,0.3938,0.2216,0.529,1.3355,0.4633,0.3355,0.3066,0.3144,0.5641,0.5003,0.107,0.2273,0.5173,0.8221,0.915,0.5591,0.7029,0.1881,0.5768,0.9112,0.563,0.3762,0.6563,1.084,0.6506,0.3415,0.4854,0.4515,0.7659,0.7249999999999999,0.1906,0.4169,0.817,1.003,1.0089,0.5995,1.5013,0.1926,0.5286,1.0401,0.6958,0.2805,0.5794,0.8400999999999998,0.9552,0.3256,0.4536,0.6743,1.1087,0.7536,0.1288,0.4193,0.7226,1.4753,1.1239,1.0525000000000002,1.3248,0.2531,0.6388,1.3895,1.3662,0.5006,1.1313,1.6074,1.0199,0.7451,0.7754999999999999,0.7132,1.5514,1.1845,0.5032,0.7634999999999998,2.1317,1.1866,1.2794,0.8625,0.8989,0.239,0.6269,1.1764,0.9546,0.4715,1.328,1.517,0.9487,0.4347,0.7197,0.6467,1.1549,1.1985,1.1459,0.6628,1.3472,0.6524,0.6861,0.3163,0.1533,0.0926,0.2572,0.3056,0.2417,0.1241,0.4597,0.5156,0.5016,0.2775,0.216,0.3553,0.7601,0.3485,0.0545,0.1346,1.094,0.6778,0.8848,0.4048,0.633,0.1554,0.3907,0.8986,0.5973,0.3224,0.7188,0.9487,0.5883,0.3214,0.4979,0.4376,0.7642999999999999,0.6197,0.1431,0.4109,0.7226,1.4577,1.6801,1.5444,1.2376,0.3248,0.6699,1.4475,0.9875,0.5537,1.1059,1.5993,1.1423,0.5248,0.7582999999999999,0.7267,2.2535,1.2796,0.4313,0.7562999999999999,1.2769
1.916,1.5551,1.0954,1.1942,0.3501,0.7431,1.772,1.1352,0.5378,1.3229,1.7357,1.1924,0.5141,0.7023,0.8027999999999998,1.3804,1.4135,0.5149,0.6872,1.2649,1.3359,1.3924,0.8289999999999998,1.2125,0.2589,0.5846,1.223,0.8161,0.5857,1.3258,1.7189,1.3108,0.6841,0.8029,1.1150000000000002,1.5426,1.1414,0.5537,1.1209,1.2498,1.179,0.8803999999999998,1.3754,0.6652,0.1677,0.5898,0.8657,1.5033,0.6371,0.7683,1.0541,0.8061,0.3876,0.6565,0.4814,1.3004,0.8302,0.2687,0.6518,0.9303,1.1607,0.9489,0.6711,0.9128,0.3232,0.5373,1.2098,1.3183,0.4125,1.4174000000000002,1.712,0.8611999999999999,0.7246,1.011,0.8009,1.4209,1.2695,0.9172,0.6381,1.1807,0.3364,0.3813,0.2452,0.3211,0.0637,0.1889,0.289,0.2777,0.1328,0.2272,0.3553,0.2974,0.11820000000000003,0.1529,0.1395,0.3215,0.2639,0.08849999999999998,0.1617,0.268,0.7411,0.6437,0.4426,0.6991,0.146,0.3786,0.9635,0.5028,0.4144,0.7157,0.8516,0.6553,0.3054,0.3681,0.5245,0.6356,0.698,0.3115,0.3973,0.737,1.5748,0.9905,0.9498,1.1972,0.5309,0.6624,1.5271,1.1918,0.506,1.7143,1.6613,1.3074,0.6266,0.9275000000000002,0.8828,1.5283,1.6027,0.6097,0.7313,1.7052,1.0227,1.4736,0.9897,1.2458,0.2168,0.7083,1.4915,1.0218,0.7063,0.7268,1.165,1.1469,0.4339,0.6734,0.6074,1.0056,0.9375,0.321,0.5715,0.816,0.7069,0.4047,0.3217,0.3809,0.1169,0.2581,0.5295,0.3869,0.3459,0.5319,0.7250999999999999,0.4111,0.2656,0.318,0.2495,0.6006,0.4579,0.1575,0.3065,1.197,1.153,1.4022,1.0258,1.552,0.2795,0.6805,1.545,0.9675,0.4798,1.0057,1.342,1.0863,0.4998,0.7713,0.6942,1.2073,1.2704,0.3785,0.6069,1.0545000000000002,2.1144,1.4754,1.2836,2.0461,0.3948,1.0129,1.7924,1.4578,0.6126,1.4109,3.006,1.3875,0.7571,0.978,2.1063,1.3849,1.4002,0.3337,0.6072,1.4389,1.1178,1.1798,0.7366,0.9047,0.2347,0.7411999999999999,1.3349,0.8404,0.4503,1.2524,1.5484,1.3235,0.4306,0.6918,1.0918,1.0349,1.0407,0.3049,0.8313,1.1159,0.4544,0.4987,0.7424,0.7043,0.1099,0.423,0.6322,0.3844,0.2228,0.5428,1.324,0.4798,0.3394,0.3051,0.3068,0.5761,0.4556,0.09640000000000003,0.221,0.5199,0.8185,0.9236,0.5681,0.6987,0.1896,0.5708,0.9212,0.5706,0.3865,0.6873,1.1174,0.6584,0.3534,0.4628,0.4518,0.7801,0.7064,0.189,0.4134,0.8106999999999999,0.9839000000000002,0.9851,0.5512,1.4143,0.1829,0.5003,1.1208,0.7291999999999998,0.3384,0.6254,0.8482,0.9924,0.3133,0.4805,0.6554,1.0174,0.7436,0.1406,0.4144,0.7172,1.3309,1.1808,1.1125,1.3944,0.2607,0.6552,1.4073000000000002,1.3271,0.4985,1.1089000000000002,1.6251,1.0551,0.7126,0.7815999999999999,0.7318,1.5501,1.0984,0.4856,0.764,2.1345,1.139,1.2496,0.8997,0.9022,0.2432,0.5963,1.2079,0.9437,0.4682,1.3258,1.4868,0.9555,0.4549,0.7147,0.6396,1.2192,1.2272,1.1159,0.6499,1.2933,0.6571,0.7166,0.2546,0.1565,0.0859,0.25,0.3025,0.3054,0.1181,0.4747,0.5138,0.5006,0.2609,0.2154,0.345,0.7425,0.3093,0.056,0.1318,1.0541,0.6765,0.8782,0.4035,0.6279,0.156,0.3781,0.89,0.5862,0.3182,0.7339,0.9492,0.5818,0.3096,0.4846,0.4318,0.7537,0.6,0.1523,0.4053,0.7124,1.3793,1.6524,1.5227,1.2424,0.3124,0.6613,1.4313,1.0362,0.5304,1.0823,1.5851,1.1826,0.5198,0.7536,0.6896,2.2386,1.2349,0.4161,0.7407,1.2193
2.2719,1.4906,1.0907,1.2002,0.3289,0.8321,1.8169,1.1117,0.5462,1.4718,1.9102,1.257,0.5229,0.731,0.776,2.0693,1.4728,0.5484,0.7426,1.3587,1.2861,1.3874,0.8021,1.141,0.2673,0.6792,1.1449,0.8914999999999998,0.6002,1.3092,1.7066,1.2596,0.7885999999999999,0.7901,1.1323,1.317,1.1126,0.5013,1.0402,1.1691,1.2042,0.8767,1.3878,0.8205,0.1944,0.5934,1.0629,1.2174,0.6726,0.769,1.0768,0.7681,0.4407,0.6513,0.5824,1.1391,0.8916,0.283,0.672,0.9401,1.3374,0.9375,0.8459999999999999,1.009,0.3464,0.6204,1.2246,1.1939,0.4529,1.3385,1.5731,0.8309999999999998,0.7295,0.9844,0.8342,1.2133,1.2166,1.0617,0.6486,1.1751,0.432,0.3922,0.2651,0.3672,0.1144,0.2027,0.3613,0.2672,0.1746,0.2717,0.3571,0.3051,0.1115,0.1882,0.1582,0.3434,0.3182,0.1008,0.1879,0.3102,0.7851,0.6912,0.4738,0.7799,0.1806,0.3995,0.9742,0.6284,0.425,0.7575,0.9278,0.6579,0.3775,0.4036,0.6257,0.7233,0.6509,0.3598,0.424,0.7401999999999999,1.7423,1.0137,0.8766,1.1821,0.523,0.6611,1.4864,1.0625,0.5117,1.6355,1.6557,1.3591,0.6454,0.935,0.9118,1.4063,1.518,0.5359,0.8191,1.6774,1.1256,1.0765,0.8952,1.0559,0.252,0.6479,1.3746,0.9252,0.7310999999999999,0.7919,1.3026,1.0574,0.4906,0.7441999999999999,0.5552,1.1671,0.9873,0.3182,0.6063,0.8855,0.7191,0.4572,0.3153,0.3908,0.1682,0.3213,0.5716,0.4258,0.3785,0.5682,0.7636,0.4092,0.2906,0.3562,0.3218,0.6119,0.5355,0.1796,0.3388,1.2124,1.2653,1.3951,1.0717,1.4444,0.3363,0.7034,1.4663,0.9076,0.5196,1.034,1.3963,1.0837,0.4765,0.8432,0.8201,1.1825,1.3575,0.3974,0.6488,1.1008,2.1597,1.4739,1.2449,2.0216,0.4406,1.0641,1.7606,1.5826,0.6681,1.399,2.993,1.401,0.6979,1.0399,1.9914,1.461,1.4815,0.3488,0.652,1.593,1.0272,1.1537,0.7511999999999999,0.9291,0.2369,0.8442,1.2851,0.8701,0.4838,1.2367,1.5135,1.3183,0.5167,0.6734,1.2271,1.1568,1.0269,0.3229,0.7738,1.0682,0.5188,0.5211,0.7719,0.5911,0.1258,0.429,0.6352,0.4898,0.238,0.5524,1.3086,0.4652,0.3147,0.319,0.3279,0.5334,0.4935,0.1337,0.2653,0.5918,0.8497,0.9682,0.563,0.7416,0.2113,0.5815,0.8921,0.7260999999999999,0.4236,0.691,1.0965,0.7092,0.328,0.5189,0.4798,0.8236,0.7431999999999999,0.1977,0.4313,0.7748,1.1599,0.9993,0.8638,1.5952,0.1925,0.5652,0.9671,0.7323,0.4014,0.6247,0.8681999999999999,1.0414,0.2906,0.5238,0.7084,0.9769000000000002,0.8957,0.1569,0.4116,0.7644999999999998,1.6019,1.1497,0.8761,1.3601,0.3332,0.795,1.3861,1.0593,0.5455,1.2383,1.7667,1.103,0.8187,0.8037999999999998,0.8237999999999999,1.4424,1.3462,0.4845,0.8052,1.2951,1.3139,1.2267,0.9504,0.9104,0.2875,0.6629,1.2131,0.9486000000000002,0.4968,1.4635,1.5387,1.0355,0.5092,0.7086,0.7842,1.2581000000000002,1.4,0.899,0.6443,1.3606,0.5763,0.6982,0.2686,0.1733,0.1007,0.275,0.3342,0.2553,0.1466,0.464,0.5082,0.6196,0.2742,0.2442,0.2865,0.8064,0.3634,0.0585,0.1428,0.9286,0.6528,0.8276,0.4111,0.6254,0.1909,0.3992,0.8185,0.5975,0.3446,0.7592999999999999,0.9774,0.6129,0.323,0.5106,0.4701,0.9676,0.6273,0.1789,0.3914,0.7431999999999999,1.5183,1.6185,1.5175,1.2281,0.3912,0.6993,1.4319,1.0315,0.5901,1.0845,1.4807,1.1106,0.4459,0.7707,0.8896,1.4448,1.2026,0.4797,0.7721,1.232
2.1307,1.5354,1.1195,1.1707,0.3359,0.767,1.7596,1.1232,0.5633,1.5027,1.8694,1.2713,0.5528,0.7589,0.7876999999999998,1.6698,1.4894,0.5389,0.6926,1.3019,1.2778,1.4293,0.8105,1.0831,0.2643,0.6764,1.1377,0.9728000000000002,0.6525,1.2721,1.6946,1.2955,0.7682,0.7926999999999998,1.1403,1.3699,1.1254,0.5224,1.0502,1.1391,1.0719,0.8599,1.3799,0.6991,0.216,0.6017,0.855,1.5518,0.7114,0.795,1.0786,0.8846,0.4239,0.6503,0.6371,1.2991,0.9079,0.294,0.6831,0.94,1.2047,0.9109,0.7043,0.9713,0.3368,0.5769,1.1742,1.1898,0.4534,1.333,1.5853,0.8153,0.7344,0.9637,0.823,1.1387,1.2031,1.0738,0.6352,1.1206,0.388,0.4061,0.2567,0.3617,0.1025,0.1923,0.3519,0.2707,0.1613,0.2803,0.3593,0.3027,0.115,0.199,0.1667,0.35,0.3076,0.09640000000000003,0.1858,0.3173,0.7513999999999998,0.6658,0.487,0.7426,0.1766,0.3918,0.966,0.5665,0.4369,0.7617,0.9356,0.6543,0.3369,0.4078,0.5021,0.6866,0.6479,0.3731,0.4212,0.7251999999999998,1.5413,1.0132,0.8607,1.142,0.5084,0.6457,1.4304,0.976,0.5291,1.619,1.6472,1.3044,0.6196,0.9216,0.8570999999999999,1.4128,1.4897,0.5503,0.752,1.6242,1.2258,1.0838,1.0238,1.0068,0.2657,0.6661,1.3403,1.1521,0.7591,0.8145,1.2841,1.1636,0.5978,0.7315,0.5638,1.719,0.9998,0.3275,0.6293,0.9574,0.7339,0.4644,0.3926,0.3985,0.1581,0.3166,0.5666,0.4282,0.3918,0.5854,0.7872,0.4214,0.2927,0.3536,0.3464,0.6499,0.5584,0.1893,0.3443,1.2103,1.2779,1.3654,1.0711,1.4284,0.3297,0.706,1.4522,0.9663,0.5259,1.0372,1.4145,1.0657,0.4919,0.8477,0.7647,1.1817,1.3401,0.4099,0.6569,1.1,2.1523,1.4664,1.3238,2.0234,0.4273,1.0736,1.7393,1.6168,0.6736,1.3939,3.0075,1.41,0.7015,1.0293,1.9094,1.4532,1.5097,0.3689,0.6571,1.595,1.0097,1.193,0.9218,0.8933999999999999,0.2378,0.8175,1.2793,0.9114,0.4996,1.2064,1.4881,1.3384,0.5616,0.6732,1.1707,1.2934,1.0247,0.3496,0.7824999999999999,1.0728,0.5236,0.5324,0.6497,0.5697,0.1261,0.4368,0.6428,0.5496,0.2395,0.5623,1.2996,0.4769,0.3219,0.3275,0.3065,0.6922,0.5133,0.139,0.2691,0.6117,0.8510999999999999,0.9687,0.5578,0.7191,0.2108,0.5772,0.8842,0.7380999999999999,0.4204,0.6823,1.1001,0.7019,0.3261,0.5111,0.494,0.8416,0.7373,0.2099,0.4259,0.7711,1.1428,0.9487,0.7075,1.4897,0.2114,0.531,0.9173,0.7068,0.3889,0.6078,0.8687,1.0658,0.3528,0.5185,0.6777,0.9867,0.8988,0.1671,0.4147,0.7386,1.605,1.2019,1.0325,1.2918,0.3104,0.699,1.3128,1.49,0.5911,1.2305,1.7856,1.104,0.7914,0.8119,0.8085,1.4476,1.361,0.526,0.7634999999999998,1.3217,1.2986,1.2509,1.0092,0.873,0.2891,0.5818,1.1496,0.9931,0.5253,1.4746,1.5684,1.0677,0.5077,0.709,0.8152,1.2848,1.4172,0.867,0.6556,1.3717,0.5745,0.7061,0.2768,0.1799,0.0944,0.2866,0.3445,0.332,0.15079999999999996,0.4645,0.5399,0.6299,0.2787,0.259,0.2835,0.8284,0.3574,0.0794,0.1643,0.9352,0.6455,0.86,0.4257,0.633,0.1817,0.4108,0.8292,0.6181,0.3479,0.7678,0.9899,0.6275,0.321,0.5045,0.4396,0.7552,0.6259,0.1907,0.404,0.7515,1.513,1.595,1.5039,1.2393,0.3775,0.6964,1.3889,1.0639,0.5962,1.0559,1.4692,1.1133,0.4517,0.7777,0.8450999999999999,1.4482,1.2077000000000002,0.4857,0.7639,1.217
