enz_0,0.3431952662721893,0.3431952662721893,0.3136094674556213,0.4112426035502959,0.3343195266272189,0.25443786982248523,0.5769230769230769,0.1893491124260355,0.23372781065088766,0.40828402366863903,0.242603550295858,0.34911242603550297,0.5680473372781065,0.3224852071005917,0.10946745562130178,0.4319526627218935,0.2751479289940829,0.2928994082840237,0.3668639053254438,0.20118343195266272,0.4319526627218935,0.36390532544378706,0.3875739644970414,0.24852071005917165,0.34911242603550297,0.2840236686390533,0.3668639053254438,0.3195266272189349,0.4319526627218935,0.24852071005917156,0.1272189349112426,0.7307692307692307,0.1420118343195267,0.4437869822485207,0.2869822485207101,0.2692307692307692,0.4201183431952663,0.3431952662721893,0.2366863905325445
enz_1,0.3131067961165049,0.3762135922330097,0.3106796116504855,0.4320388349514563,0.32038834951456313,0.2475728155339805,0.5849514563106796,0.1966019417475728,0.2184466019417476,0.4635922330097088,0.2111650485436893,0.3252427184466019,0.6067961165048543,0.28398058252427183,0.10922330097087384,0.3932038834951456,0.325242718446602,0.2815533980582524,0.3470873786407767,0.2597087378640777,0.3932038834951457,0.4223300970873786,0.3422330097087379,0.23543689320388345,0.325242718446602,0.3495145631067961,0.32524271844660185,0.3592233009708738,0.4053398058252427,0.23543689320388345,0.12135922330097088,0.7669902912621359,0.11165048543689328,0.383495145631068,0.2936893203883495,0.3228155339805825,0.4077669902912621,0.3131067961165049,0.2791262135922329
enz_2,0.2929936305732484,0.4299363057324841,0.2770700636942676,0.3598726114649681,0.43312101910828027,0.20700636942675155,0.6305732484076433,0.1910828025477707,0.17834394904458606,0.3503184713375796,0.3598726114649681,0.28980891719745233,0.5191082802547771,0.3949044585987261,0.0859872611464968,0.3949044585987261,0.35668789808917195,0.2484076433121019,0.2961783439490446,0.2229299363057325,0.4808917197452229,0.4267515923566879,0.3343949044585987,0.23885350318471335,0.2898089171974522,0.3789808917197453,0.3312101910828025,0.3598726114649681,0.4012738853503185,0.2388535031847133,0.10828025477707008,0.7898089171974523,0.10191082802547767,0.5127388535031847,0.23248407643312105,0.2547770700636943,0.4777070063694268,0.2929936305732484,0.22929936305732485
enz_3,0.3201219512195122,0.3353658536585366,0.34451219512195125,0.4207317073170732,0.32926829268292684,0.2500000000000001,0.573170731707317,0.21341463414634146,0.21341463414634151,0.4329268292682927,0.201219512195122,0.3658536585365854,0.5762195121951219,0.31402439024390244,0.10975609756097564,0.3902439024390244,0.3018292682926829,0.3079268292682927,0.3567073170731707,0.2195121951219512,0.4237804878048781,0.38109756097560976,0.36585365853658536,0.2530487804878049,0.36585365853658536,0.3018292682926829,0.3323170731707317,0.3353658536585366,0.4115853658536585,0.2530487804878048,0.11890243902439025,0.7530487804878049,0.12804878048780488,0.4085365853658536,0.3018292682926829,0.2896341463414635,0.4176829268292683,0.3201219512195122,0.2621951219512195
enz_4,0.32926829268292684,0.32926829268292684,0.34146341463414626,0.4298780487804878,0.326219512195122,0.24390243902439016,0.5853658536585366,0.2073170731707317,0.20731707317073172,0.4359756097560976,0.2042682926829268,0.3597560975609756,0.5823170731707317,0.3079268292682927,0.10975609756097564,0.3932926829268293,0.3018292682926829,0.3048780487804878,0.3628048780487805,0.2195121951219512,0.4176829268292683,0.38109756097560976,0.36890243902439024,0.25,0.3597560975609756,0.29878048780487804,0.3414634146341464,0.3384146341463415,0.4115853658536585,0.2500000000000001,0.11890243902439025,0.7469512195121951,0.13414634146341464,0.4115853658536585,0.2957317073170732,0.2926829268292683,0.4146341463414634,0.32926829268292684,0.2560975609756098
enz_5,0.326219512195122,0.3323170731707317,0.3414634146341464,0.4298780487804878,0.326219512195122,0.24390243902439016,0.5853658536585366,0.2073170731707317,0.20731707317073172,0.4390243902439024,0.201219512195122,0.35975609756097565,0.5823170731707317,0.3079268292682927,0.10975609756097564,0.3902439024390244,0.3048780487804878,0.3048780487804878,0.3597560975609756,0.2225609756097561,0.4176829268292683,0.38109756097560976,0.36890243902439024,0.25,0.3597560975609756,0.3018292682926829,0.3384146341463415,0.3384146341463415,0.4115853658536585,0.2500000000000001,0.11890243902439025,0.7530487804878049,0.12804878048780488,0.4085365853658536,0.29878048780487804,0.2926829268292684,0.4115853658536585,0.326219512195122,0.2621951219512195
enz_6,0.3231707317073171,0.3323170731707317,0.34451219512195114,0.4237804878048781,0.32926829268292684,0.24695121951219506,0.5762195121951219,0.21341463414634146,0.21036585365853666,0.4359756097560976,0.201219512195122,0.3628048780487804,0.5792682926829268,0.3109756097560976,0.10975609756097564,0.3902439024390244,0.3018292682926829,0.3079268292682927,0.3597560975609756,0.2195121951219512,0.4207317073170732,0.38414634146341453,0.3628048780487805,0.2530487804878049,0.3628048780487805,0.3018292682926829,0.3353658536585366,0.3384146341463415,0.4085365853658536,0.2530487804878049,0.11890243902439025,0.75,0.13109756097560976,0.4115853658536585,0.2957317073170732,0.2926829268292683,0.4146341463414634,0.3231707317073171,0.2621951219512196
enz_7,0.31666666666666665,0.3633333333333333,0.32,0.42,0.32,0.2600000000000001,0.56,0.20333333333333334,0.2366666666666666,0.44,0.22333333333333333,0.3366666666666667,0.5833333333333334,0.2866666666666667,0.12999999999999995,0.4133333333333333,0.29,0.2966666666666667,0.3566666666666667,0.22666666666666666,0.4166666666666666,0.39,0.37,0.24,0.3366666666666667,0.3133333333333333,0.35,0.32666666666666666,0.43333333333333335,0.24,0.11666666666666667,0.7466666666666667,0.1366666666666666,0.4,0.3,0.3,0.42,0.31666666666666665,0.2633333333333334
enz_8,0.31384615384615383,0.3630769230769231,0.32307692307692304,0.4,0.3292307692307692,0.2707692307692308,0.5846153846153846,0.18153846153846154,0.2338461538461538,0.4123076923076923,0.2430769230769231,0.34461538461538466,0.5538461538461539,0.3230769230769231,0.12307692307692306,0.4030769230769231,0.31076923076923074,0.2861538461538461,0.3446153846153846,0.2092307692307692,0.44615384615384623,0.3907692307692308,0.36,0.2492307692307693,0.3446153846153846,0.31384615384615383,0.3415384615384616,0.3384615384615385,0.4123076923076923,0.2492307692307692,0.11384615384615385,0.7569230769230769,0.12923076923076926,0.4430769230769231,0.28,0.2769230769230768,0.4338461538461538,0.31384615384615383,0.2523076923076924
enz_9,0.3212121212121212,0.3545454545454545,0.32424242424242417,0.4060606060606061,0.3272727272727273,0.2666666666666667,0.5666666666666667,0.2,0.2333333333333333,0.4272727272727273,0.2303030303030303,0.3424242424242424,0.5727272727272728,0.3181818181818182,0.10909090909090907,0.4090909090909091,0.3,0.29090909090909084,0.34545454545454546,0.2272727272727273,0.4272727272727273,0.3848484848484848,0.36666666666666653,0.24848484848484856,0.3424242424242424,0.3121212121212121,0.34545454545454546,0.3303030303030303,0.4212121212121212,0.2484848484848485,0.12121212121212123,0.7454545454545455,0.1333333333333333,0.4393939393939394,0.2696969696969697,0.29090909090909084,0.4303030303030303,0.3212121212121212,0.2484848484848485
enz_10,0.3201219512195122,0.3445121951219512,0.33536585365853666,0.3871951219512195,0.3780487804878049,0.2347560975609756,0.5579268292682927,0.24390243902439024,0.19817073170731705,0.3993902439024391,0.2469512195121951,0.35365853658536583,0.5487804878048781,0.3323170731707317,0.11890243902439017,0.4146341463414634,0.2865853658536585,0.2987804878048781,0.35365853658536583,0.1951219512195122,0.451219512195122,0.375,0.3353658536585366,0.2896341463414634,0.35365853658536583,0.2865853658536585,0.35975609756097565,0.3201219512195122,0.3902439024390244,0.28963414634146345,0.125,0.75,0.125,0.4359756097560976,0.2774390243902439,0.2865853658536585,0.4207317073170732,0.3201219512195122,0.2591463414634147
enz_11,0.3287292817679558,0.3535911602209945,0.3176795580110497,0.43922651933701656,0.3011049723756906,0.2596685082872928,0.574585635359116,0.1933701657458564,0.23204419889502764,0.4668508287292818,0.19613259668508287,0.3370165745856354,0.6049723756906077,0.2624309392265193,0.13259668508287298,0.4088397790055249,0.3011049723756906,0.2900552486187845,0.3756906077348066,0.2292817679558011,0.3950276243093923,0.39502762430939226,0.3618784530386741,0.2430939226519337,0.3370165745856354,0.3176795580110497,0.3453038674033149,0.3342541436464088,0.42265193370165743,0.2430939226519337,0.12154696132596685,0.7513812154696132,0.1270718232044199,0.3977900552486188,0.2900552486187845,0.3121546961325967,0.39502762430939226,0.3287292817679558,0.27624309392265195
enz_12,0.3267605633802817,0.35211267605633795,0.3211267605633803,0.4366197183098591,0.30422535211267604,0.25915492957746483,0.571830985915493,0.19436619718309855,0.23380281690140844,0.4676056338028169,0.19154929577464788,0.3408450704225352,0.6084507042253521,0.2676056338028169,0.12394366197183106,0.4056338028169014,0.29859154929577464,0.29577464788732394,0.38309859154929576,0.22535211267605634,0.3915492957746479,0.4028169014084507,0.3323943661971831,0.2647887323943662,0.3408450704225352,0.3183098591549296,0.3408450704225352,0.3408450704225352,0.39436619718309857,0.26478873239436623,0.1267605633802817,0.7464788732394366,0.12676056338028166,0.4028169014084507,0.28732394366197184,0.30985915492957744,0.38309859154929576,0.3267605633802817,0.2901408450704226
enz_13,0.3277777777777778,0.37222222222222223,0.30000000000000004,0.4444444444444444,0.2888888888888889,0.2666666666666667,0.5666666666666667,0.18888888888888888,0.2444444444444445,0.4861111111111111,0.19166666666666668,0.3222222222222222,0.6194444444444445,0.2611111111111111,0.1194444444444444,0.4194444444444445,0.30277777777777776,0.2777777777777777,0.37777777777777777,0.2416666666666667,0.3805555555555555,0.4055555555555556,0.3472222222222222,0.24722222222222226,0.32222222222222224,0.3277777777777778,0.35000000000000003,0.3416666666666667,0.4111111111111111,0.24722222222222226,0.12777777777777774,0.7472222222222222,0.125,0.4027777777777778,0.2805555555555556,0.31666666666666665,0.37777777777777777,0.3277777777777778,0.29444444444444445
enz_14,0.3351800554016621,0.3573407202216066,0.3074792243767313,0.4404432132963989,0.3074792243767313,0.2520775623268698,0.5900277008310251,0.185595567867036,0.22437673130193905,0.4626038781163435,0.21329639889196675,0.32409972299168976,0.6066481994459834,0.26869806094182824,0.1246537396121884,0.4182825484764543,0.3019390581717452,0.2797783933518005,0.371191135734072,0.23545706371191136,0.39335180055401664,0.3905817174515235,0.3518005540166205,0.2576177285318559,0.32409972299168976,0.3157894736842105,0.3601108033240997,0.3351800554016621,0.40720221606648205,0.25761772853185594,0.12465373961218836,0.7506925207756233,0.12465373961218827,0.4099722991689751,0.2742382271468144,0.31578947368421045,0.3795013850415512,0.3351800554016621,0.28531855955678675
enz_15,0.3397790055248619,0.34806629834254144,0.3121546961325966,0.4337016574585635,0.30386740331491713,0.2624309392265194,0.574585635359116,0.1933701657458564,0.23204419889502764,0.4696132596685083,0.20441988950276244,0.3259668508287292,0.6104972375690608,0.2790055248618785,0.11049723756906073,0.4281767955801105,0.2900552486187845,0.2817679558011049,0.36464088397790057,0.24585635359116026,0.3895027624309393,0.3895027624309392,0.3701657458563536,0.2403314917127071,0.3259668508287293,0.3149171270718232,0.3591160220994476,0.3259668508287293,0.4337016574585635,0.24033149171270726,0.12154696132596685,0.7458563535911602,0.13259668508287292,0.4088397790055249,0.26519337016574585,0.3259668508287292,0.3977900552486188,0.3397790055248619,0.2624309392265193
enz_16,0.326219512195122,0.3475609756097561,0.326219512195122,0.4298780487804878,0.3170731707317073,0.2530487804878048,0.5579268292682927,0.21036585365853655,0.2317073170731707,0.4542682926829269,0.19817073170731708,0.347560975609756,0.5914634146341463,0.2896341463414634,0.1189024390243903,0.4024390243902439,0.2926829268292683,0.3048780487804878,0.3719512195121951,0.2195121951219512,0.4085365853658537,0.38414634146341453,0.36585365853658536,0.25,0.3475609756097561,0.3048780487804878,0.3475609756097561,0.3353658536585366,0.4146341463414634,0.24999999999999994,0.12804878048780488,0.75,0.12195121951219512,0.4085365853658536,0.2926829268292683,0.2987804878048781,0.4024390243902439,0.326219512195122,0.2713414634146341
enz_17,0.33707865168539325,0.34831460674157305,0.3146067415730337,0.42696629213483145,0.30056179775280895,0.2724719101123596,0.5646067415730337,0.19382022471910115,0.2415730337078652,0.4634831460674158,0.20224719101123595,0.33426966292134824,0.6067415730337079,0.2808988764044944,0.1123595505617977,0.4353932584269663,0.2808988764044944,0.2837078651685393,0.35674157303370785,0.25,0.3932584269662922,0.3876404494382023,0.3679775280898877,0.2443820224719101,0.3342696629213483,0.31179775280898875,0.3539325842696629,0.31741573033707865,0.4382022471910113,0.2443820224719101,0.11797752808988765,0.7443820224719101,0.1376404494382023,0.4044943820224719,0.27247191011235955,0.3230337078651685,0.398876404494382,0.33707865168539325,0.26404494382022475
enz_18,0.34818941504178275,0.35097493036211697,0.30083565459610023,0.4456824512534819,0.30919220055710306,0.2451253481894151,0.5961002785515319,0.18384401114206128,0.2200557103064067,0.46796657381615603,0.2116991643454039,0.32033426183844005,0.6100278551532033,0.2757660167130919,0.11420612813370473,0.4261838440111421,0.29805013927576596,0.2757660167130919,0.3760445682451253,0.23398328690807801,0.3899721448467967,0.3871866295264624,0.362116991643454,0.2506963788300837,0.3203342618384401,0.30919220055710306,0.3704735376044568,0.3370473537604457,0.4122562674094707,0.25069637883008355,0.12813370473537605,0.7409470752089137,0.13091922005571022,0.41504178272980496,0.2757660167130919,0.3091922005571031,0.3816155988857939,0.34818941504178275,0.27019498607242337
enz_19,0.32409972299168976,0.3628808864265928,0.31301939058171746,0.4598337950138504,0.293628808864266,0.2465373961218836,0.5900277008310251,0.19113573407202214,0.21883656509695287,0.4792243767313019,0.19113573407202214,0.3296398891966759,0.6121883656509696,0.2714681440443213,0.11634349030470907,0.3988919667590028,0.3157894736842105,0.28531855955678675,0.3739612188365651,0.23822714681440446,0.3878116343490305,0.40720221606648205,0.3601108033240997,0.2326869806094183,0.3296398891966759,0.3268698060941828,0.3434903047091413,0.3545706371191136,0.41274238227146814,0.23268698060941834,0.11357340720221605,0.7645429362880887,0.12188365650969525,0.3822714681440443,0.28254847645429365,0.335180055401662,0.3878116343490305,0.32409972299168976,0.2880886426592797
enz_20,0.3416666666666667,0.34444444444444444,0.3138888888888889,0.43333333333333335,0.3,0.26666666666666666,0.5777777777777777,0.18611111111111112,0.2361111111111112,0.4694444444444445,0.20277777777777775,0.3277777777777778,0.6055555555555555,0.275,0.11944444444444445,0.425,0.2916666666666667,0.2833333333333333,0.3638888888888889,0.2416666666666667,0.3944444444444444,0.3861111111111111,0.37222222222222223,0.2416666666666667,0.3277777777777778,0.3138888888888889,0.3583333333333334,0.325,0.43333333333333335,0.2416666666666667,0.11944444444444445,0.7444444444444445,0.13611111111111107,0.4166666666666667,0.2722222222222222,0.31111111111111106,0.4027777777777778,0.3416666666666667,0.25555555555555554
enz_21,0.33240997229916897,0.3601108033240997,0.30747922437673136,0.4598337950138504,0.29639889196675895,0.2437673130193905,0.5983379501385041,0.185595567867036,0.21606648199445988,0.4764542936288089,0.1994459833795014,0.32409972299168976,0.6121883656509696,0.2742382271468144,0.11357340720221605,0.40443213296398894,0.3157894736842105,0.2797783933518005,0.3684210526315789,0.24376731301939056,0.3878116343490304,0.40443213296398894,0.3601108033240997,0.2354570637119113,0.32409972299168976,0.32409972299168976,0.3518005540166205,0.3545706371191136,0.4099722991689751,0.23545706371191136,0.11634349030470915,0.7617728531855956,0.12188365650969525,0.39335180055401664,0.2770083102493075,0.32963988919667586,0.3878116343490305,0.33240997229916897,0.2797783933518005
enz_22,0.33436532507739936,0.33436532507739936,0.3312693498452013,0.4241486068111455,0.3157894736842105,0.260061919504644,0.5634674922600619,0.2043343653250774,0.23219814241486075,0.4427244582043344,0.2043343653250774,0.3529411764705882,0.5882352941176471,0.2755417956656347,0.13622291021671826,0.4117647058823529,0.2848297213622291,0.303405572755418,0.3653250773993808,0.22291021671826625,0.4117647058823529,0.3808049535603715,0.3653250773993808,0.2538699690402477,0.35294117647058826,0.29411764705882354,0.3529411764705881,0.3250773993808049,0.42105263157894735,0.2538699690402477,0.12693498452012386,0.739938080495356,0.1331269349845201,0.4024767801857585,0.3065015479876161,0.2910216718266254,0.4117647058823529,0.33436532507739936,0.2538699690402477
enz_23,0.33753943217665616,0.334384858044164,0.3280757097791798,0.42586750788643535,0.3186119873817035,0.2555205047318612,0.5646687697160884,0.20504731861198736,0.23028391167192425,0.4511041009463722,0.1987381703470032,0.3501577287066245,0.5993690851735016,0.26813880126182965,0.13249211356466872,0.4132492113564669,0.28391167192429023,0.3028391167192429,0.38170347003154576,0.21766561514195584,0.4006309148264984,0.38485804416403785,0.33753943217665616,0.27760252365930593,0.3501577287066246,0.29652996845425866,0.3533123028391167,0.3280757097791798,0.3943217665615142,0.27760252365930604,0.13564668769716087,0.7318611987381703,0.13249211356466872,0.4100946372239748,0.2996845425867508,0.2902208201892744,0.3880126182965299,0.33753943217665616,0.27444794952681384
enz_24,0.3314606741573033,0.35674157303370785,0.31179775280898875,0.44943820224719105,0.29775280898876405,0.2528089887640449,0.5898876404494382,0.1853932584269663,0.2247191011235955,0.4803370786516854,0.19101123595505615,0.3286516853932584,0.6123595505617978,0.2640449438202247,0.1235955056179775,0.4073033707865169,0.3089887640449438,0.2837078651685394,0.3792134831460674,0.2331460674157303,0.3876404494382023,0.40168539325842695,0.3595505617977528,0.2387640449438202,0.32865168539325845,0.3230337078651685,0.34831460674157305,0.3455056179775281,0.4157303370786517,0.2387640449438202,0.1207865168539326,0.75,0.1292134831460674,0.39325842696629215,0.2949438202247191,0.3117977528089887,0.3848314606741573,0.3314606741573033,0.2837078651685393
enz_25,0.3253012048192771,0.3524096385542169,0.32228915662650603,0.4457831325301205,0.3072289156626506,0.2469879518072289,0.5783132530120482,0.20481927710843373,0.2168674698795181,0.4698795180722892,0.1897590361445783,0.34036144578313243,0.5993975903614458,0.2740963855421687,0.1265060240963855,0.4006024096385542,0.3072289156626506,0.2921686746987952,0.3674698795180723,0.2319277108433735,0.4006024096385542,0.39156626506024095,0.35542168674698793,0.2530120481927711,0.3403614457831325,0.3102409638554217,0.3493975903614457,0.3433734939759036,0.4036144578313253,0.25301204819277107,0.12048192771084335,0.7560240963855421,0.12349397590361455,0.39156626506024095,0.3012048192771085,0.3072289156626506,0.3825301204819277,0.3253012048192771,0.2921686746987952
enz_26,0.3556231003039514,0.3343465045592705,0.3100303951367781,0.425531914893617,0.3161094224924012,0.2583586626139818,0.5805471124620061,0.1914893617021277,0.2279635258358663,0.4589665653495441,0.20972644376899696,0.331306990881459,0.6018237082066871,0.2917933130699088,0.10638297872340424,0.4407294832826748,0.2796352583586626,0.2796352583586627,0.3799392097264438,0.2218844984802432,0.39817629179331293,0.3768996960486322,0.3708206686930091,0.2522796352583587,0.331306990881459,0.2978723404255319,0.3708206686930091,0.3191489361702128,0.42857142857142855,0.2522796352583587,0.1276595744680851,0.7203647416413373,0.15197568389057758,0.4346504559270517,0.2613981762917933,0.30395136778115506,0.3951367781155015,0.3556231003039514,0.2492401215805471
enz_27,0.3395061728395062,0.3333333333333333,0.32716049382716056,0.4320987654320987,0.3179012345679013,0.2500000000000001,0.5802469135802469,0.2006172839506173,0.21913580246913575,0.462962962962963,0.191358024691358,0.34567901234567894,0.595679012345679,0.2777777777777778,0.12654320987654322,0.4104938271604938,0.2932098765432099,0.2962962962962962,0.3796296296296297,0.21604938271604934,0.40432098765432106,0.382716049382716,0.367283950617284,0.2500000000000001,0.34567901234567894,0.2993827160493827,0.3549382716049383,0.3302469135802469,0.41975308641975306,0.25,0.12654320987654322,0.7376543209876543,0.13580246913580252,0.39814814814814814,0.3055555555555556,0.2962962962962963,0.39814814814814814,0.3395061728395062,0.2623456790123457
enz_28,0.3308270676691729,0.3809523809523809,0.2882205513784461,0.42105263157894735,0.3082706766917293,0.2706766917293233,0.5764411027568922,0.17794486215538846,0.2456140350877193,0.4761904761904762,0.22055137844611528,0.30325814536340856,0.6165413533834586,0.2756892230576441,0.10776942355889728,0.42857142857142855,0.3082706766917293,0.2631578947368421,0.3684210526315789,0.2481203007518797,0.3834586466165413,0.42105263157894735,0.3358395989974937,0.2431077694235589,0.3032581453634085,0.3508771929824561,0.34586466165413543,0.3458646616541353,0.41102756892230574,0.2431077694235589,0.12781954887218044,0.7468671679197995,0.12531328320802004,0.4185463659147869,0.2431077694235589,0.3383458646616541,0.3984962406015037,0.3308270676691729,0.2706766917293233
enz_29,0.3283208020050125,0.3809523809523809,0.2907268170426065,0.4185463659147869,0.3082706766917293,0.2731829573934837,0.5739348370927319,0.17794486215538846,0.2481203007518797,0.4736842105263158,0.22055137844611528,0.30576441102756896,0.6140350877192983,0.2756892230576441,0.11027568922305764,0.42606516290726815,0.3082706766917293,0.2656641604010025,0.3684210526315789,0.2456140350877193,0.3859649122807017,0.42105263157894735,0.3358395989974937,0.2431077694235589,0.3057644110275689,0.3508771929824561,0.343358395989975,0.3458646616541353,0.41102756892230574,0.2431077694235589,0.12781954887218044,0.7468671679197995,0.12531328320802004,0.4185463659147869,0.2456140350877193,0.3358395989974937,0.40100250626566414,0.3283208020050125,0.2706766917293233
enz_30,0.3308270676691729,0.3809523809523809,0.2882205513784461,0.42105263157894735,0.3107769423558897,0.2681704260651629,0.5764411027568922,0.18045112781954886,0.2431077694235589,0.4761904761904762,0.22055137844611528,0.30325814536340856,0.6165413533834586,0.2756892230576441,0.10776942355889728,0.42857142857142855,0.3082706766917293,0.2631578947368421,0.3659147869674185,0.2506265664160401,0.3834586466165414,0.4185463659147869,0.3383458646616541,0.2431077694235589,0.3032581453634085,0.3508771929824561,0.34586466165413543,0.3433583959899749,0.4135338345864661,0.24310776942355897,0.12781954887218044,0.7493734335839599,0.1228070175438596,0.41604010025062654,0.2456140350877193,0.33834586466165417,0.3984962406015037,0.3308270676691729,0.2706766917293233
enz_31,0.3308270676691729,0.3809523809523809,0.2882205513784461,0.42105263157894735,0.3082706766917293,0.2706766917293233,0.5764411027568922,0.17794486215538846,0.2456140350877193,0.4761904761904762,0.22055137844611528,0.30325814536340856,0.6165413533834586,0.2731829573934837,0.1102756892230577,0.42857142857142855,0.3082706766917293,0.2631578947368421,0.3684210526315789,0.2481203007518797,0.3834586466165413,0.42105263157894735,0.3333333333333333,0.2456140350877193,0.3032581453634085,0.3508771929824561,0.34586466165413543,0.3458646616541353,0.4085213032581453,0.2456140350877193,0.12781954887218044,0.7468671679197995,0.12531328320802004,0.41604010025062654,0.2456140350877193,0.33834586466165417,0.3984962406015037,0.3308270676691729,0.2706766917293233
enz_32,0.3283208020050125,0.3809523809523809,0.2907268170426065,0.4185463659147869,0.3107769423558897,0.2706766917293233,0.5739348370927319,0.18045112781954886,0.2456140350877193,0.4736842105263158,0.22055137844611528,0.30576441102756896,0.6140350877192983,0.2807017543859649,0.10526315789473684,0.42606516290726815,0.3082706766917293,0.2656641604010025,0.3684210526315789,0.2456140350877193,0.3859649122807017,0.42105263157894735,0.3383458646616541,0.2406015037593985,0.3057644110275689,0.3508771929824561,0.343358395989975,0.3458646616541353,0.4135338345864661,0.2406015037593985,0.12781954887218044,0.7468671679197995,0.12531328320802004,0.42105263157894735,0.2431077694235589,0.33583959899749377,0.40100250626566414,0.3283208020050125,0.2706766917293233
enz_33,0.3308270676691729,0.3809523809523809,0.2882205513784461,0.42105263157894735,0.3082706766917293,0.2706766917293233,0.5739348370927319,0.18045112781954886,0.2456140350877193,0.4786967418546366,0.21804511278195488,0.3032581453634085,0.6190476190476191,0.2731829573934837,0.10776942355889724,0.43107769423558895,0.3057644110275689,0.2631578947368421,0.3659147869674185,0.2531328320802005,0.38095238095238104,0.4185463659147869,0.3383458646616541,0.2431077694235589,0.3032581453634085,0.3508771929824561,0.34586466165413543,0.3408521303258145,0.41604010025062654,0.2431077694235589,0.12781954887218044,0.7493734335839599,0.1228070175438596,0.4135338345864661,0.2456140350877193,0.34085213032581463,0.39598997493734334,0.3308270676691729,0.2731829573934837
enz_34,0.3283208020050125,0.3809523809523809,0.2907268170426065,0.4185463659147869,0.3082706766917293,0.2731829573934837,0.5739348370927319,0.17794486215538846,0.2481203007518797,0.4736842105263158,0.22055137844611528,0.30576441102756896,0.6140350877192983,0.2731829573934837,0.11278195488721805,0.42606516290726815,0.3082706766917293,0.2656641604010025,0.3684210526315789,0.2456140350877193,0.3859649122807017,0.42105263157894735,0.3333333333333333,0.2456140350877193,0.3057644110275689,0.3508771929824561,0.343358395989975,0.3458646616541353,0.4085213032581453,0.2456140350877193,0.12781954887218044,0.7468671679197995,0.12531328320802004,0.41604010025062654,0.2481203007518797,0.33583959899749377,0.40100250626566414,0.3283208020050125,0.2706766917293233
enz_35,0.3283208020050125,0.3809523809523809,0.2907268170426065,0.4185463659147869,0.3082706766917293,0.2731829573934837,0.5739348370927319,0.17794486215538846,0.2481203007518797,0.4736842105263158,0.22055137844611528,0.30576441102756896,0.6140350877192983,0.2781954887218045,0.10776942355889724,0.42606516290726815,0.3082706766917293,0.2656641604010025,0.3684210526315789,0.2456140350877193,0.3859649122807017,0.42105263157894735,0.3358395989974937,0.2431077694235589,0.3057644110275689,0.3508771929824561,0.343358395989975,0.3458646616541353,0.41102756892230574,0.2431077694235589,0.12781954887218044,0.7468671679197995,0.12531328320802004,0.42105263157894735,0.2431077694235589,0.33583959899749377,0.40100250626566414,0.3283208020050125,0.2706766917293233
enz_36,0.3308270676691729,0.3809523809523809,0.2882205513784461,0.42105263157894735,0.3082706766917293,0.2706766917293233,0.5739348370927319,0.18045112781954886,0.2456140350877193,0.4786967418546366,0.21804511278195488,0.3032581453634085,0.6190476190476191,0.2731829573934837,0.10776942355889724,0.43107769423558895,0.3057644110275689,0.2631578947368421,0.3659147869674185,0.2531328320802005,0.38095238095238104,0.4185463659147869,0.3358395989974937,0.2456140350877193,0.3032581453634085,0.3508771929824561,0.34586466165413543,0.3408521303258145,0.4135338345864661,0.2456140350877193,0.12781954887218044,0.7493734335839599,0.1228070175438596,0.4135338345864661,0.2456140350877193,0.34085213032581463,0.39598997493734334,0.3308270676691729,0.2731829573934837
enz_37,0.3283208020050125,0.3809523809523809,0.2907268170426065,0.4185463659147869,0.3082706766917293,0.2731829573934837,0.5739348370927319,0.17794486215538846,0.2481203007518797,0.4736842105263158,0.22055137844611528,0.30576441102756896,0.6140350877192983,0.2756892230576441,0.11027568922305764,0.42606516290726815,0.3082706766917293,0.2656641604010025,0.3684210526315789,0.2456140350877193,0.3859649122807017,0.42105263157894735,0.3333333333333333,0.2456140350877193,0.3057644110275689,0.3508771929824561,0.343358395989975,0.3458646616541353,0.4085213032581453,0.2456140350877193,0.12781954887218044,0.7468671679197995,0.12531328320802004,0.4185463659147869,0.2456140350877193,0.3358395989974937,0.40100250626566414,0.3283208020050125,0.2706766917293233
enz_38,0.3283208020050125,0.3809523809523809,0.2907268170426065,0.42355889724310775,0.3032581453634085,0.2731829573934838,0.5764411027568922,0.17543859649122806,0.2481203007518797,0.4761904761904762,0.21804511278195488,0.30576441102756896,0.6165413533834586,0.2731829573934837,0.1102756892230577,0.42606516290726815,0.3082706766917293,0.2656641604010025,0.3709273182957393,0.2456140350877193,0.3834586466165414,0.42105263157894735,0.3383458646616541,0.2406015037593985,0.3057644110275689,0.3508771929824561,0.343358395989975,0.3458646616541353,0.4135338345864661,0.2406015037593985,0.12531328320802004,0.7493734335839599,0.12531328320802004,0.41604010025062654,0.2456140350877193,0.33834586466165417,0.3984962406015037,0.3283208020050125,0.2731829573934837
enz_39,0.3308270676691729,0.3809523809523809,0.2882205513784461,0.42105263157894735,0.3082706766917293,0.2706766917293233,0.5764411027568922,0.17794486215538846,0.2456140350877193,0.4761904761904762,0.22055137844611528,0.30325814536340856,0.6165413533834586,0.2756892230576441,0.10776942355889728,0.42857142857142855,0.3082706766917293,0.2631578947368421,0.3684210526315789,0.2481203007518797,0.3834586466165413,0.42105263157894735,0.3358395989974937,0.2431077694235589,0.3032581453634085,0.3508771929824561,0.34586466165413543,0.3458646616541353,0.41102756892230574,0.2431077694235589,0.12781954887218044,0.7468671679197995,0.12531328320802004,0.4185463659147869,0.2431077694235589,0.3383458646616541,0.3984962406015037,0.3308270676691729,0.2706766917293233
enz_40,0.3233082706766917,0.3859649122807017,0.2907268170426066,0.42105263157894735,0.3057644110275689,0.2731829573934837,0.5739348370927319,0.17794486215538846,0.2481203007518797,0.4761904761904762,0.21804511278195488,0.30576441102756896,0.6115288220551378,0.2781954887218045,0.1102756892230577,0.42105263157894735,0.3132832080200501,0.2656641604010025,0.3659147869674185,0.2456140350877193,0.3884711779448622,0.42606516290726815,0.3358395989974937,0.2380952380952381,0.3057644110275689,0.3558897243107769,0.33834586466165417,0.3508771929824561,0.41102756892230574,0.2380952380952381,0.12280701754385966,0.7518796992481203,0.12531328320802015,0.41604010025062654,0.2456140350877193,0.33834586466165417,0.4035087719298245,0.3233082706766917,0.2731829573934838
enz_41,0.3283208020050125,0.3809523809523809,0.2907268170426065,0.4185463659147869,0.3082706766917293,0.2731829573934837,0.5714285714285714,0.18045112781954886,0.2481203007518797,0.4761904761904762,0.21804511278195488,0.30576441102756896,0.6165413533834586,0.2731829573934837,0.1102756892230577,0.42857142857142855,0.3057644110275689,0.2656641604010025,0.3659147869674185,0.2506265664160401,0.3834586466165414,0.4185463659147869,0.3383458646616541,0.2431077694235589,0.3057644110275689,0.3508771929824561,0.343358395989975,0.3408521303258145,0.41604010025062654,0.2431077694235589,0.12781954887218044,0.7493734335839599,0.1228070175438596,0.4135338345864661,0.2481203007518797,0.3383458646616542,0.3984962406015037,0.3283208020050125,0.2731829573934837
enz_42,0.3308270676691729,0.3809523809523809,0.2882205513784461,0.42105263157894735,0.3057644110275689,0.2731829573934837,0.5739348370927319,0.17794486215538846,0.2481203007518797,0.4786967418546366,0.21804511278195488,0.3032581453634085,0.6190476190476191,0.2706766917293233,0.11027568922305764,0.43107769423558895,0.3057644110275689,0.2631578947368421,0.3659147869674185,0.2531328320802005,0.38095238095238104,0.4185463659147869,0.3358395989974937,0.2456140350877193,0.3032581453634085,0.3508771929824561,0.34586466165413543,0.3408521303258145,0.4135338345864661,0.2456140350877193,0.12781954887218044,0.7493734335839599,0.1228070175438596,0.4135338345864661,0.2456140350877193,0.34085213032581463,0.39598997493734334,0.3308270676691729,0.2731829573934837
enz_43,0.3308270676691729,0.3809523809523809,0.2882205513784461,0.42105263157894735,0.3082706766917293,0.2706766917293233,0.5739348370927319,0.18045112781954886,0.2456140350877193,0.4786967418546366,0.21804511278195488,0.3032581453634085,0.6190476190476191,0.2706766917293233,0.11027568922305764,0.43107769423558895,0.3057644110275689,0.2631578947368421,0.3659147869674185,0.2531328320802005,0.38095238095238104,0.4185463659147869,0.3358395989974937,0.2456140350877193,0.3032581453634085,0.3508771929824561,0.34586466165413543,0.3408521303258145,0.4135338345864661,0.2456140350877193,0.12781954887218044,0.7493734335839599,0.1228070175438596,0.41102756892230574,0.2481203007518797,0.3408521303258146,0.39598997493734334,0.3308270676691729,0.2731829573934837
enz_44,0.3308270676691729,0.3809523809523809,0.2882205513784461,0.42105263157894735,0.3082706766917293,0.2706766917293233,0.5739348370927319,0.18045112781954886,0.2456140350877193,0.4786967418546366,0.21804511278195488,0.3032581453634085,0.6190476190476191,0.2756892230576441,0.10526315789473684,0.43107769423558895,0.3057644110275689,0.2631578947368421,0.3659147869674185,0.2531328320802005,0.38095238095238104,0.4185463659147869,0.3383458646616541,0.2431077694235589,0.3032581453634085,0.3508771929824561,0.34586466165413543,0.3408521303258145,0.41604010025062654,0.2431077694235589,0.12781954887218044,0.7493734335839599,0.1228070175438596,0.41604010025062654,0.2431077694235589,0.3408521303258146,0.39598997493734334,0.3308270676691729,0.2731829573934837
enz_45,0.3283208020050125,0.3809523809523809,0.2907268170426065,0.4185463659147869,0.3082706766917293,0.2731829573934837,0.5739348370927319,0.17794486215538846,0.2481203007518797,0.4736842105263158,0.22055137844611528,0.30576441102756896,0.6140350877192983,0.2756892230576441,0.11027568922305764,0.42606516290726815,0.3082706766917293,0.2656641604010025,0.3684210526315789,0.2456140350877193,0.3859649122807017,0.42105263157894735,0.3308270676691729,0.2481203007518797,0.3057644110275689,0.3508771929824561,0.343358395989975,0.3458646616541353,0.40601503759398494,0.2481203007518797,0.12781954887218044,0.7468671679197995,0.12531328320802004,0.4185463659147869,0.2456140350877193,0.3358395989974937,0.40100250626566414,0.3283208020050125,0.2706766917293233
enz_46,0.3283208020050125,0.3809523809523809,0.2907268170426065,0.4185463659147869,0.3057644110275689,0.2756892230576441,0.5739348370927319,0.17543859649122806,0.2506265664160401,0.4736842105263158,0.22055137844611528,0.30576441102756896,0.6140350877192983,0.2731829573934837,0.11278195488721805,0.42606516290726815,0.3082706766917293,0.2656641604010025,0.3684210526315789,0.2456140350877193,0.3859649122807017,0.42105263157894735,0.3308270676691729,0.2481203007518797,0.3057644110275689,0.3508771929824561,0.343358395989975,0.3458646616541353,0.40601503759398494,0.2481203007518797,0.12781954887218044,0.7468671679197995,0.12531328320802004,0.4185463659147869,0.2456140350877193,0.3358395989974937,0.40100250626566414,0.3283208020050125,0.2706766917293233
enz_47,0.3283208020050125,0.3809523809523809,0.2907268170426065,0.4185463659147869,0.3057644110275689,0.2756892230576441,0.5714285714285714,0.17794486215538846,0.2506265664160401,0.4761904761904762,0.21804511278195488,0.30576441102756896,0.6165413533834586,0.2706766917293233,0.1127819548872181,0.42857142857142855,0.3057644110275689,0.2656641604010025,0.3659147869674185,0.2506265664160401,0.3834586466165414,0.4185463659147869,0.3358395989974937,0.2456140350877193,0.3057644110275689,0.3508771929824561,0.343358395989975,0.3408521303258145,0.4135338345864661,0.2456140350877193,0.12781954887218044,0.7493734335839599,0.1228070175438596,0.4135338345864661,0.2481203007518797,0.3383458646616542,0.3984962406015037,0.3283208020050125,0.2731829573934837
enz_48,0.3283208020050125,0.3809523809523809,0.2907268170426065,0.4185463659147869,0.3082706766917293,0.2731829573934837,0.5714285714285714,0.18045112781954886,0.2481203007518797,0.4761904761904762,0.21804511278195488,0.30576441102756896,0.6165413533834586,0.2756892230576441,0.10776942355889728,0.42857142857142855,0.3057644110275689,0.2656641604010025,0.3659147869674185,0.2506265664160401,0.3834586466165414,0.4185463659147869,0.3383458646616541,0.2431077694235589,0.3057644110275689,0.3508771929824561,0.343358395989975,0.3408521303258145,0.41604010025062654,0.2431077694235589,0.12781954887218044,0.7493734335839599,0.1228070175438596,0.41604010025062654,0.2456140350877193,0.33834586466165417,0.3984962406015037,0.3283208020050125,0.2731829573934837
enz_49,0.3308270676691729,0.3809523809523809,0.2882205513784461,0.42105263157894735,0.3057644110275689,0.2731829573934837,0.5739348370927319,0.17794486215538846,0.2481203007518797,0.4786967418546366,0.21804511278195488,0.3032581453634085,0.6190476190476191,0.2681704260651629,0.11278195488721805,0.43107769423558895,0.3057644110275689,0.2631578947368421,0.3659147869674185,0.2531328320802005,0.38095238095238104,0.4185463659147869,0.3333333333333333,0.2481203007518797,0.3032581453634085,0.3508771929824561,0.34586466165413543,0.3408521303258145,0.41102756892230574,0.2481203007518797,0.12781954887218044,0.7493734335839599,0.1228070175438596,0.41102756892230574,0.2481203007518797,0.3408521303258146,0.39598997493734334,0.3308270676691729,0.2731829573934837
enz_50,0.32663316582914576,0.3819095477386935,0.29145728643216084,0.4170854271356784,0.31155778894472363,0.27135678391959805,0.5728643216080402,0.18090452261306533,0.24623115577889446,0.4723618090452261,0.22110552763819094,0.30653266331658285,0.6130653266331658,0.27889447236180903,0.10804020100502516,0.4246231155778895,0.3090452261306533,0.2663316582914573,0.3693467336683417,0.2437185929648241,0.3869346733668342,0.4221105527638191,0.33668341708542715,0.2412060301507537,0.3065326633165829,0.3517587939698493,0.3417085427135678,0.3467336683417085,0.4120603015075377,0.2412060301507537,0.12814070351758794,0.7462311557788944,0.1256281407035177,0.4195979899497487,0.2462311557788945,0.3341708542713568,0.4020100502512563,0.32663316582914576,0.271356783919598
enz_51,0.3233082706766917,0.3859649122807017,0.2907268170426066,0.42606516290726815,0.3007518796992481,0.2731829573934837,0.5764411027568922,0.17543859649122806,0.2481203007518797,0.4786967418546366,0.21553884711779447,0.3057644110275689,0.6140350877192983,0.2756892230576441,0.11027568922305764,0.42105263157894735,0.3132832080200501,0.2656641604010025,0.3684210526315789,0.2456140350877193,0.3859649122807017,0.42606516290726815,0.3383458646616541,0.2355889724310777,0.3057644110275689,0.3558897243107769,0.33834586466165417,0.3508771929824561,0.4135338345864661,0.2355889724310777,0.12030075187969926,0.7543859649122807,0.12531328320802004,0.4135338345864661,0.2456140350877193,0.34085213032581463,0.40100250626566414,0.3233082706766917,0.2756892230576441
enz_52,0.3283208020050125,0.3809523809523809,0.2907268170426065,0.4185463659147869,0.3057644110275689,0.2756892230576441,0.5714285714285714,0.17794486215538846,0.2506265664160401,0.4761904761904762,0.21804511278195488,0.30576441102756896,0.6165413533834586,0.2681704260651629,0.1152882205513785,0.42857142857142855,0.3057644110275689,0.2656641604010025,0.3659147869674185,0.2506265664160401,0.3834586466165414,0.4185463659147869,0.3333333333333333,0.2481203007518797,0.3057644110275689,0.3508771929824561,0.343358395989975,0.3408521303258145,0.41102756892230574,0.2481203007518797,0.12781954887218044,0.7493734335839599,0.1228070175438596,0.41102756892230574,0.2506265664160401,0.33834586466165417,0.3984962406015037,0.3283208020050125,0.2731829573934837
enz_53,0.3308270676691729,0.3809523809523809,0.2882205513784461,0.42105263157894735,0.3057644110275689,0.2731829573934837,0.5739348370927319,0.17794486215538846,0.2481203007518797,0.4786967418546366,0.21804511278195488,0.3032581453634085,0.6190476190476191,0.2731829573934837,0.10776942355889724,0.43107769423558895,0.3057644110275689,0.2631578947368421,0.3659147869674185,0.2531328320802005,0.38095238095238104,0.4185463659147869,0.3358395989974937,0.2456140350877193,0.3032581453634085,0.3508771929824561,0.34586466165413543,0.3408521303258145,0.4135338345864661,0.2456140350877193,0.12781954887218044,0.7493734335839599,0.1228070175438596,0.41604010025062654,0.2431077694235589,0.3408521303258146,0.39598997493734334,0.3308270676691729,0.2731829573934837
enz_54,0.3283208020050125,0.3809523809523809,0.2907268170426065,0.4185463659147869,0.3057644110275689,0.2756892230576441,0.5714285714285714,0.17794486215538846,0.2506265664160401,0.4761904761904762,0.21804511278195488,0.30576441102756896,0.6165413533834586,0.2706766917293233,0.1127819548872181,0.42857142857142855,0.3057644110275689,0.2656641604010025,0.3659147869674185,0.2506265664160401,0.3834586466165414,0.4185463659147869,0.3333333333333333,0.2481203007518797,0.3057644110275689,0.3508771929824561,0.343358395989975,0.3408521303258145,0.41102756892230574,0.2481203007518797,0.12781954887218044,0.7493734335839599,0.1228070175438596,0.4135338345864661,0.2481203007518797,0.3383458646616542,0.3984962406015037,0.3283208020050125,0.2731829573934837
enz_55,0.3283208020050125,0.3809523809523809,0.2907268170426065,0.4185463659147869,0.3057644110275689,0.2756892230576441,0.5714285714285714,0.17794486215538846,0.2506265664160401,0.4761904761904762,0.21804511278195488,0.30576441102756896,0.6165413533834586,0.2706766917293233,0.1127819548872181,0.42857142857142855,0.3057644110275689,0.2656641604010025,0.3659147869674185,0.2506265664160401,0.3834586466165414,0.4185463659147869,0.3308270676691729,0.2506265664160401,0.3057644110275689,0.3508771929824561,0.343358395989975,0.3408521303258145,0.4085213032581453,0.2506265664160401,0.12781954887218044,0.7493734335839599,0.1228070175438596,0.4135338345864661,0.2481203007518797,0.3383458646616542,0.3984962406015037,0.3283208020050125,0.2731829573934837
enz_56,0.3283208020050125,0.3809523809523809,0.2907268170426065,0.4185463659147869,0.3032581453634085,0.2781954887218045,0.5714285714285714,0.17543859649122806,0.2531328320802005,0.4761904761904762,0.21804511278195488,0.30576441102756896,0.6165413533834586,0.2681704260651629,0.1152882205513785,0.42857142857142855,0.3057644110275689,0.2656641604010025,0.3659147869674185,0.2506265664160401,0.3834586466165414,0.4185463659147869,0.3308270676691729,0.2506265664160401,0.3057644110275689,0.3508771929824561,0.343358395989975,0.3408521303258145,0.4085213032581453,0.2506265664160401,0.12781954887218044,0.7493734335839599,0.1228070175438596,0.4135338345864661,0.2481203007518797,0.3383458646616542,0.3984962406015037,0.3283208020050125,0.2731829573934837
enz_57,0.3283208020050125,0.3809523809523809,0.2907268170426065,0.4185463659147869,0.3032581453634085,0.2781954887218045,0.5714285714285714,0.17543859649122806,0.2531328320802005,0.4761904761904762,0.21804511278195488,0.30576441102756896,0.6165413533834586,0.2681704260651629,0.1152882205513785,0.42857142857142855,0.3057644110275689,0.2656641604010025,0.3659147869674185,0.2506265664160401,0.3834586466165414,0.4185463659147869,0.3283208020050125,0.2531328320802005,0.3057644110275689,0.3508771929824561,0.343358395989975,0.3408521303258145,0.40601503759398494,0.2531328320802005,0.12781954887218044,0.7493734335839599,0.1228070175438596,0.4135338345864661,0.2481203007518797,0.3383458646616542,0.3984962406015037,0.3283208020050125,0.2731829573934837
enz_58,0.3233082706766917,0.3859649122807017,0.2907268170426066,0.42105263157894735,0.3007518796992481,0.2781954887218045,0.5714285714285714,0.17543859649122806,0.2531328320802005,0.4786967418546366,0.21553884711779447,0.3057644110275689,0.6140350877192983,0.2706766917293233,0.11528822055137845,0.42355889724310775,0.3107769423558897,0.2656641604010026,0.3634085213032581,0.2506265664160401,0.38596491228070173,0.42355889724310775,0.3308270676691729,0.2456140350877194,0.3057644110275689,0.3558897243107769,0.33834586466165417,0.3458646616541353,0.4085213032581453,0.2456140350877193,0.12280701754385966,0.7543859649122807,0.1228070175438597,0.41102756892230574,0.2481203007518797,0.3408521303258146,0.40100250626566414,0.3233082706766917,0.2756892230576441
enz_59,0.3233082706766917,0.3859649122807017,0.2907268170426066,0.42105263157894735,0.3007518796992481,0.2781954887218045,0.5714285714285714,0.17543859649122806,0.2531328320802005,0.4786967418546366,0.21553884711779447,0.3057644110275689,0.6140350877192983,0.2706766917293233,0.11528822055137845,0.42355889724310775,0.3107769423558897,0.2656641604010026,0.3634085213032581,0.2506265664160401,0.38596491228070173,0.42355889724310775,0.3283208020050125,0.2481203007518798,0.3057644110275689,0.3558897243107769,0.33834586466165417,0.3458646616541353,0.40601503759398494,0.2481203007518797,0.12280701754385966,0.7543859649122807,0.1228070175438597,0.41102756892230574,0.2481203007518797,0.3408521303258146,0.40100250626566414,0.3233082706766917,0.2756892230576441
enz_60,0.3308270676691729,0.3809523809523809,0.2882205513784461,0.42105263157894735,0.3107769423558897,0.2681704260651629,0.5764411027568922,0.18045112781954886,0.2431077694235589,0.4761904761904762,0.22055137844611528,0.30325814536340856,0.6165413533834586,0.2756892230576441,0.10776942355889728,0.42857142857142855,0.3082706766917293,0.2631578947368421,0.3684210526315789,0.2481203007518797,0.3834586466165413,0.42105263157894735,0.3358395989974937,0.2431077694235589,0.3032581453634085,0.3508771929824561,0.34586466165413543,0.3458646616541353,0.41102756892230574,0.2431077694235589,0.12781954887218044,0.7468671679197995,0.12531328320802004,0.41604010025062654,0.2456140350877193,0.33834586466165417,0.3984962406015037,0.3308270676691729,0.2706766917293233
enz_61,0.3233082706766917,0.3859649122807017,0.2907268170426066,0.42105263157894735,0.3007518796992481,0.2781954887218045,0.5714285714285714,0.17543859649122806,0.2531328320802005,0.4786967418546366,0.21553884711779447,0.3057644110275689,0.6140350877192983,0.2731829573934837,0.11278195488721805,0.42355889724310775,0.3107769423558897,0.2656641604010026,0.3634085213032581,0.2506265664160401,0.38596491228070173,0.42355889724310775,0.3308270676691729,0.2456140350877194,0.3057644110275689,0.3558897243107769,0.33834586466165417,0.3458646616541353,0.4085213032581453,0.2456140350877193,0.12280701754385966,0.7543859649122807,0.1228070175438597,0.4135338345864661,0.2456140350877193,0.34085213032581463,0.40100250626566414,0.3233082706766917,0.2756892230576441
enz_62,0.3258145363408521,0.3834586466165413,0.29072681704260656,0.42105263157894735,0.3007518796992481,0.2781954887218045,0.5714285714285714,0.17543859649122806,0.2531328320802005,0.4761904761904762,0.21804511278195488,0.30576441102756896,0.6165413533834586,0.2681704260651629,0.1152882205513785,0.42606516290726815,0.3082706766917293,0.2656641604010025,0.3634085213032581,0.2531328320802005,0.38345864661654144,0.42105263157894735,0.3283208020050125,0.2506265664160401,0.3057644110275689,0.3533834586466165,0.3408521303258146,0.3433583959899749,0.40601503759398494,0.2506265664160402,0.12531328320802004,0.7518796992481203,0.1228070175438597,0.41102756892230574,0.2481203007518797,0.3408521303258146,0.40100250626566414,0.3258145363408521,0.2731829573934837
enz_63,0.3233082706766917,0.3859649122807017,0.2907268170426066,0.42105263157894735,0.3032581453634085,0.2756892230576441,0.5739348370927319,0.17543859649122806,0.2506265664160401,0.4761904761904762,0.21804511278195488,0.30576441102756896,0.6115288220551378,0.2756892230576441,0.1127819548872181,0.42105263157894735,0.3132832080200501,0.2656641604010025,0.3659147869674185,0.2456140350877193,0.3884711779448622,0.42606516290726815,0.3358395989974937,0.2380952380952381,0.3057644110275689,0.3558897243107769,0.33834586466165417,0.3508771929824561,0.41102756892230574,0.2380952380952381,0.12280701754385966,0.7518796992481203,0.12531328320802015,0.41604010025062654,0.2456140350877193,0.33834586466165417,0.4035087719298245,0.3233082706766917,0.2731829573934838
enz_64,0.3308270676691729,0.3834586466165413,0.2857142857142857,0.42105263157894735,0.3107769423558897,0.2681704260651629,0.5789473684210527,0.17794486215538846,0.2431077694235589,0.4761904761904762,0.22305764411027568,0.30075187969924816,0.6165413533834586,0.2781954887218045,0.10526315789473688,0.42857142857142855,0.3107769423558897,0.2606516290726817,0.3684210526315789,0.2481203007518797,0.3834586466165413,0.42355889724310775,0.3358395989974937,0.2406015037593986,0.3007518796992481,0.3533834586466165,0.3458646616541354,0.3483709273182957,0.41102756892230574,0.2406015037593985,0.12781954887218044,0.7468671679197995,0.12531328320802004,0.42105263157894735,0.2406015037593985,0.33834586466165417,0.3984962406015037,0.3308270676691729,0.2706766917293233
enz_65,0.3233082706766917,0.3884711779448621,0.2882205513784462,0.42105263157894735,0.3057644110275689,0.2731829573934837,0.5764411027568922,0.17543859649122806,0.2481203007518797,0.4761904761904762,0.22055137844611528,0.30325814536340856,0.6115288220551378,0.2781954887218045,0.1102756892230577,0.42105263157894735,0.3157894736842105,0.2631578947368421,0.3659147869674185,0.2456140350877193,0.3884711779448622,0.42857142857142855,0.3333333333333333,0.2380952380952381,0.3032581453634085,0.3583959899749373,0.3383458646616542,0.3533834586466165,0.4085213032581453,0.2380952380952382,0.12280701754385966,0.7518796992481203,0.12531328320802015,0.4185463659147869,0.2431077694235589,0.3383458646616541,0.4035087719298245,0.3233082706766917,0.2731829573934838
enz_66,0.3258145363408521,0.3834586466165413,0.29072681704260656,0.42105263157894735,0.3057644110275689,0.2731829573934837,0.5739348370927319,0.17794486215538846,0.2481203007518797,0.4736842105263158,0.22055137844611528,0.30576441102756896,0.6140350877192983,0.2756892230576441,0.11027568922305764,0.42355889724310775,0.3107769423558897,0.2656641604010026,0.3659147869674185,0.2481203007518797,0.3859649122807018,0.42355889724310775,0.3358395989974937,0.2406015037593986,0.3057644110275689,0.3533834586466165,0.3408521303258146,0.3483709273182957,0.41102756892230574,0.2406015037593985,0.12531328320802004,0.7493734335839599,0.12531328320802004,0.41604010025062654,0.2456140350877193,0.33834586466165417,0.4035087719298245,0.3258145363408521,0.2706766917293234
enz_67,0.3258145363408521,0.3834586466165413,0.29072681704260656,0.42105263157894735,0.3032581453634085,0.2756892230576441,0.5739348370927319,0.17543859649122806,0.2506265664160401,0.4736842105263158,0.22055137844611528,0.30576441102756896,0.6140350877192983,0.2756892230576441,0.11027568922305764,0.42355889724310775,0.3107769423558897,0.2656641604010026,0.3659147869674185,0.2481203007518797,0.3859649122807018,0.42355889724310775,0.3308270676691729,0.2456140350877194,0.3057644110275689,0.3533834586466165,0.3408521303258146,0.3483709273182957,0.40601503759398494,0.2456140350877193,0.12531328320802004,0.7493734335839599,0.12531328320802004,0.4185463659147869,0.2431077694235589,0.3383458646616541,0.4035087719298245,0.3258145363408521,0.2706766917293234
enz_68,0.3233082706766917,0.3859649122807017,0.2907268170426066,0.42105263157894735,0.3032581453634085,0.2756892230576441,0.5739348370927319,0.17543859649122806,0.2506265664160401,0.4761904761904762,0.21804511278195488,0.30576441102756896,0.6115288220551378,0.2781954887218045,0.1102756892230577,0.42105263157894735,0.3132832080200501,0.2656641604010025,0.3659147869674185,0.2456140350877193,0.3884711779448622,0.42606516290726815,0.3358395989974937,0.2380952380952381,0.3057644110275689,0.3558897243107769,0.33834586466165417,0.3508771929824561,0.41102756892230574,0.2380952380952381,0.12280701754385966,0.7518796992481203,0.12531328320802015,0.4185463659147869,0.2431077694235589,0.3383458646616541,0.4035087719298245,0.3233082706766917,0.2731829573934838
enz_69,0.3308270676691729,0.3809523809523809,0.2882205513784461,0.42105263157894735,0.3107769423558897,0.2681704260651629,0.5764411027568922,0.18045112781954886,0.2431077694235589,0.4761904761904762,0.22055137844611528,0.30325814536340856,0.6165413533834586,0.2807017543859649,0.10275689223057648,0.42857142857142855,0.3082706766917293,0.2631578947368421,0.3684210526315789,0.2481203007518797,0.3834586466165413,0.42105263157894735,0.3383458646616541,0.2406015037593985,0.3032581453634085,0.3508771929824561,0.34586466165413543,0.3458646616541353,0.4135338345864661,0.2406015037593985,0.12781954887218044,0.7468671679197995,0.12531328320802004,0.42105263157894735,0.2406015037593985,0.33834586466165417,0.3984962406015037,0.3308270676691729,0.2706766917293233
enz_70,0.3308270676691729,0.3809523809523809,0.2882205513784461,0.42105263157894735,0.3107769423558897,0.2681704260651629,0.5764411027568922,0.18045112781954886,0.2431077694235589,0.4761904761904762,0.22055137844611528,0.30325814536340856,0.6165413533834586,0.2781954887218045,0.10526315789473688,0.42857142857142855,0.3082706766917293,0.2631578947368421,0.3684210526315789,0.2481203007518797,0.3834586466165413,0.42105263157894735,0.3358395989974937,0.2431077694235589,0.3032581453634085,0.3508771929824561,0.34586466165413543,0.3458646616541353,0.41102756892230574,0.2431077694235589,0.12781954887218044,0.7468671679197995,0.12531328320802004,0.4185463659147869,0.2431077694235589,0.3383458646616541,0.3984962406015037,0.3308270676691729,0.2706766917293233
enz_71,0.3308270676691729,0.3809523809523809,0.2882205513784461,0.42105263157894735,0.3082706766917293,0.2706766917293233,0.5739348370927319,0.18045112781954886,0.2456140350877193,0.4786967418546366,0.21804511278195488,0.3032581453634085,0.6190476190476191,0.2756892230576441,0.10526315789473684,0.43107769423558895,0.3057644110275689,0.2631578947368421,0.3684210526315789,0.2506265664160401,0.3809523809523809,0.42105263157894735,0.3383458646616541,0.2406015037593985,0.3032581453634085,0.3508771929824561,0.34586466165413543,0.3433583959899749,0.41604010025062654,0.2406015037593986,0.12781954887218044,0.7468671679197995,0.12531328320802004,0.41604010025062654,0.2431077694235589,0.3408521303258146,0.39598997493734334,0.3308270676691729,0.2731829573934837
enz_72,0.3308270676691729,0.3809523809523809,0.2882205513784461,0.42105263157894735,0.3107769423558897,0.2681704260651629,0.5764411027568922,0.18045112781954886,0.2431077694235589,0.4761904761904762,0.22055137844611528,0.30325814536340856,0.6165413533834586,0.2781954887218045,0.10526315789473688,0.42857142857142855,0.3082706766917293,0.2631578947368421,0.3659147869674185,0.2506265664160401,0.3834586466165414,0.4185463659147869,0.3408521303258145,0.2406015037593985,0.3032581453634085,0.3508771929824561,0.34586466165413543,0.3433583959899749,0.41604010025062654,0.2406015037593986,0.12781954887218044,0.7493734335839599,0.1228070175438596,0.4185463659147869,0.2431077694235589,0.3383458646616541,0.3984962406015037,0.3308270676691729,0.2706766917293233
enz_73,0.3308270676691729,0.3809523809523809,0.2882205513784461,0.42105263157894735,0.3107769423558897,0.2681704260651629,0.5764411027568922,0.18045112781954886,0.2431077694235589,0.4761904761904762,0.22055137844611528,0.30325814536340856,0.6165413533834586,0.2756892230576441,0.10776942355889728,0.42857142857142855,0.3082706766917293,0.2631578947368421,0.3684210526315789,0.2481203007518797,0.3834586466165413,0.42105263157894735,0.3358395989974937,0.2431077694235589,0.3032581453634085,0.3508771929824561,0.34586466165413543,0.3458646616541353,0.41102756892230574,0.2431077694235589,0.12781954887218044,0.7468671679197995,0.12531328320802004,0.41604010025062654,0.2456140350877193,0.33834586466165417,0.3984962406015037,0.3308270676691729,0.2706766917293233
enz_74,0.3233082706766917,0.3884711779448621,0.2882205513784462,0.42606516290726815,0.2932330827067669,0.2807017543859649,0.5764411027568922,0.16791979949874686,0.2556390977443609,0.481203007518797,0.21553884711779447,0.30325814536340856,0.6165413533834586,0.2706766917293233,0.1127819548872181,0.42355889724310775,0.3132832080200501,0.2631578947368422,0.3659147869674185,0.2506265664160401,0.3834586466165414,0.42606516290726815,0.3333333333333333,0.2406015037593985,0.3032581453634085,0.3583959899749373,0.3383458646616542,0.3483709273182957,0.41102756892230574,0.2406015037593985,0.12030075187969926,0.7568922305764411,0.1228070175438597,0.41604010025062654,0.2406015037593985,0.343358395989975,0.3984962406015037,0.3233082706766917,0.2781954887218045
enz_75,0.3308270676691729,0.3809523809523809,0.2882205513784461,0.42105263157894735,0.3107769423558897,0.2681704260651629,0.5764411027568922,0.18045112781954886,0.2431077694235589,0.4761904761904762,0.22055137844611528,0.30325814536340856,0.6165413533834586,0.2781954887218045,0.10526315789473688,0.42857142857142855,0.3082706766917293,0.2631578947368421,0.3684210526315789,0.2481203007518797,0.3834586466165413,0.42105263157894735,0.3383458646616541,0.2406015037593985,0.3032581453634085,0.3508771929824561,0.34586466165413543,0.3458646616541353,0.4135338345864661,0.2406015037593985,0.12781954887218044,0.7468671679197995,0.12531328320802004,0.4185463659147869,0.2431077694235589,0.3383458646616541,0.3984962406015037,0.3308270676691729,0.2706766917293233
enz_76,0.3081570996978852,0.3444108761329305,0.3474320241691843,0.3685800604229607,0.3625377643504532,0.2688821752265861,0.5438066465256798,0.22054380664652568,0.2356495468277945,0.3897280966767371,0.23564954682779454,0.37462235649546827,0.5287009063444109,0.3353474320241692,0.13595166163141992,0.3987915407854985,0.2870090634441088,0.31419939577039274,0.33836858006042303,0.1903323262839879,0.4712990936555891,0.3806646525679758,0.3474320241691843,0.27190332326283995,0.37462235649546827,0.2930513595166163,0.3323262839879154,0.3172205438066465,0.4108761329305136,0.27190332326283984,0.12084592145015105,0.7552870090634441,0.1238670694864048,0.4471299093655589,0.29003021148036257,0.2628398791540785,0.4441087613293052,0.3081570996978852,0.2477341389728097
enz_77,0.31076923076923074,0.36615384615384616,0.32307692307692315,0.3969230769230769,0.3323076923076923,0.2707692307692308,0.5846153846153846,0.18153846153846154,0.2338461538461538,0.4061538461538461,0.24923076923076926,0.34461538461538466,0.5507692307692308,0.3261538461538461,0.12307692307692307,0.4,0.31384615384615383,0.2861538461538461,0.3415384615384615,0.2092307692307692,0.4492307692307692,0.39384615384615385,0.3538461538461539,0.2523076923076923,0.3446153846153846,0.3169230769230769,0.3384615384615385,0.3415384615384615,0.4061538461538461,0.2523076923076923,0.11384615384615385,0.7569230769230769,0.12923076923076926,0.4492307692307692,0.2769230769230769,0.27384615384615385,0.4369230769230769,0.31076923076923074,0.2523076923076923
enz_78,0.32628398791540786,0.3323262839879154,0.3413897280966768,0.4108761329305136,0.3323262839879154,0.25679758308157097,0.5709969788519638,0.2054380664652568,0.22356495468277945,0.44108761329305135,0.2054380664652568,0.35347432024169184,0.5619335347432024,0.311178247734139,0.1268882175226586,0.3987915407854985,0.2930513595166163,0.3081570996978852,0.35347432024169184,0.2084592145015106,0.4380664652567975,0.3776435045317221,0.3806646525679758,0.24169184290030205,0.35347432024169184,0.2990936555891239,0.34743202416918423,0.32326283987915405,0.4350453172205438,0.24169184290030216,0.11178247734138973,0.7583081570996979,0.12990936555891242,0.4320241691842901,0.283987915407855,0.2839879154078549,0.4229607250755287,0.32628398791540786,0.2507552870090634
enz_79,0.3645161290322581,0.3290322580645161,0.3064516129032258,0.4290322580645161,0.33225806451612905,0.2387096774193549,0.5870967741935483,0.1967741935483871,0.21612903225806454,0.4483870967741935,0.22258064516129036,0.3290322580645161,0.5935483870967742,0.2838709677419355,0.12258064516129034,0.4354838709677419,0.2806451612903226,0.28387096774193543,0.3741935483870968,0.21935483870967745,0.4064516129032257,0.3645161290322581,0.3870967741935484,0.2483870967741936,0.3290322580645161,0.2838709677419355,0.3870967741935483,0.3193548387096774,0.43225806451612897,0.2483870967741936,0.13870967741935486,0.7129032258064516,0.1483870967741936,0.4387096774193549,0.2967741935483871,0.2645161290322581,0.4032258064516129,0.3645161290322581,0.2322580645161291
enz_80,0.3431085043988269,0.3343108504398827,0.3225806451612904,0.41935483870967744,0.3284457478005865,0.252199413489736,0.5689149560117303,0.2111436950146628,0.21994134897360695,0.4252199413489736,0.2258064516129032,0.3489736070381231,0.5835777126099707,0.2991202346041056,0.1173020527859237,0.4252199413489736,0.2844574780058651,0.2903225806451612,0.3636363636363637,0.21994134897360704,0.4164222873900293,0.3870967741935484,0.3489736070381232,0.26392961876832843,0.3489736070381232,0.2903225806451613,0.3607038123167155,0.3401759530791789,0.3958944281524927,0.2639296187683285,0.12609970674486806,0.7272727272727273,0.14662756598240467,0.3988269794721408,0.2873900293255132,0.31378299120234604,0.4281524926686217,0.3431085043988269,0.2287390029325513
enz_81,0.3148148148148148,0.367283950617284,0.31790123456790115,0.4104938271604938,0.308641975308642,0.28086419753086417,0.5709876543209876,0.1820987654320988,0.2469135802469136,0.4290123456790124,0.2345679012345679,0.3364197530864197,0.5740740740740741,0.2993827160493827,0.12654320987654322,0.4104938271604938,0.3055555555555556,0.2839506172839505,0.3487654320987654,0.22530864197530864,0.4259259259259259,0.3950617283950617,0.35185185185185186,0.25308641975308643,0.3364197530864197,0.32098765432098764,0.3425925925925927,0.3333333333333333,0.41358024691358025,0.2530864197530865,0.11419753086419752,0.7561728395061729,0.12962962962962965,0.4351851851851852,0.25925925925925924,0.30555555555555564,0.4259259259259259,0.3148148148148148,0.25925925925925924
enz_82,0.3333333333333333,0.34567901234567894,0.3209876543209877,0.4166666666666667,0.308641975308642,0.2746913580246913,0.5771604938271605,0.1851851851851852,0.2376543209876543,0.4413580246913581,0.2191358024691358,0.33950617283950624,0.5771604938271605,0.2901234567901235,0.13271604938271606,0.4228395061728395,0.2932098765432099,0.2839506172839506,0.3549382716049383,0.2222222222222222,0.4228395061728395,0.3796296296296297,0.367283950617284,0.2530864197530864,0.3395061728395062,0.30246913580246915,0.3580246913580247,0.3179012345679013,0.4290123456790124,0.2530864197530863,0.11419753086419752,0.75,0.13580246913580252,0.4351851851851852,0.2654320987654321,0.2993827160493828,0.41358024691358025,0.3333333333333333,0.2530864197530864
enz_83,0.3202416918429003,0.33836858006042303,0.3413897280966767,0.4078549848942598,0.30513595166163143,0.2870090634441087,0.5709969788519638,0.17522658610271905,0.2537764350453172,0.41389728096676737,0.22356495468277945,0.3625377643504532,0.5709969788519638,0.30513595166163143,0.1238670694864048,0.40181268882175225,0.29003021148036257,0.3081570996978852,0.3474320241691843,0.22356495468277945,0.4290030211480361,0.3716012084592145,0.3806646525679758,0.2477341389728097,0.3625377643504532,0.3021148036253776,0.3353474320241692,0.3172205438066465,0.4350453172205438,0.2477341389728097,0.11782477341389727,0.7492447129909365,0.13293051359516614,0.4290030211480361,0.27492447129909364,0.2960725075528701,0.4320241691842901,0.3202416918429003,0.2477341389728096
enz_84,0.3203342618384401,0.3732590529247911,0.3064066852367687,0.4345403899721448,0.31754874651810583,0.2479108635097493,0.6128133704735376,0.16991643454038996,0.21727019498607247,0.4373259052924791,0.2423398328690808,0.32033426183844005,0.5988857938718662,0.28690807799442897,0.1142061281337048,0.3955431754874652,0.3286908077994429,0.2757660167130919,0.3816155988857939,0.2172701949860724,0.4011142061281337,0.4094707520891365,0.3454038997214485,0.245125348189415,0.3203342618384401,0.3426183844011142,0.33704735376044564,0.3565459610027855,0.3983286908077994,0.2451253481894151,0.11977715877437325,0.7409470752089137,0.1392757660167131,0.4345403899721448,0.2618384401114206,0.30362116991643456,0.4094707520891365,0.3203342618384401,0.27019498607242337
enz_85,0.3526011560693641,0.3728323699421965,0.2745664739884393,0.3901734104046243,0.3959537572254335,0.2138728323699422,0.615606936416185,0.1994219653179191,0.1849710982658959,0.430635838150289,0.2745664739884393,0.29479768786127164,0.5838150289017341,0.315028901734104,0.10115606936416187,0.4479768786127168,0.3063583815028902,0.2456647398843931,0.3670520231213873,0.2167630057803468,0.4161849710982659,0.4161849710982659,0.31213872832369943,0.27167630057803466,0.2947976878612717,0.33236994219653176,0.3728323699421965,0.3439306358381503,0.38439306358381503,0.27167630057803466,0.13872832369942195,0.7196531791907514,0.14161849710982666,0.4624277456647399,0.2687861271676301,0.2687861271676301,0.3959537572254335,0.3526011560693641,0.2514450867052024
enz_86,0.33993399339933994,0.33993399339933994,0.3201320132013201,0.3960396039603961,0.3828382838283829,0.22112211221122108,0.5907590759075908,0.2145214521452145,0.1947194719471947,0.38943894389438943,0.2607260726072607,0.3498349834983498,0.5511551155115512,0.3465346534653465,0.10231023102310233,0.4191419141914192,0.2871287128712871,0.2937293729372937,0.35313531353135313,0.19801980198019806,0.4488448844884489,0.3465346534653465,0.3663366336633663,0.2871287128712872,0.34983498349834985,0.2871287128712871,0.36303630363036304,0.3102310231023102,0.4026402640264026,0.2871287128712872,0.12871287128712872,0.7524752475247525,0.1188118811881188,0.4686468646864687,0.2739273927392739,0.25742574257425743,0.4092409240924093,0.33993399339933994,0.25082508250825075
enz_87,0.30455635491606714,0.38129496402877705,0.3141486810551559,0.4316546762589928,0.2997601918465228,0.2685851318944844,0.5875299760191847,0.17026378896882494,0.2422062350119904,0.4460431654676259,0.2278177458033573,0.3261390887290168,0.5899280575539568,0.2973621103117506,0.1127098321342926,0.3788968824940048,0.3333333333333333,0.2877697841726619,0.3405275779376499,0.24940047961630696,0.4100719424460432,0.4220623501199041,0.3693045563549161,0.20863309352517986,0.3261390887290168,0.35731414868105515,0.3165467625899281,0.3645083932853717,0.4268585131894485,0.2086330935251799,0.1079136690647482,0.7817745803357314,0.11031175059952036,0.4100719424460432,0.2637889688249401,0.3261390887290168,0.4460431654676259,0.30455635491606714,0.24940047961630696
enz_88,0.3293051359516616,0.3353474320241692,0.3353474320241692,0.41389728096676737,0.2960725075528701,0.29003021148036257,0.5770392749244713,0.1661631419939577,0.256797583081571,0.4229607250755287,0.22054380664652568,0.3564954682779456,0.5800604229607251,0.2870090634441088,0.1329305135951661,0.4108761329305136,0.2870090634441088,0.3021148036253776,0.3595166163141994,0.22054380664652568,0.4199395770392749,0.3776435045317221,0.37462235649546827,0.2477341389728096,0.3564954682779456,0.2990936555891239,0.3444108761329306,0.32326283987915405,0.4290030211480361,0.2477341389728097,0.12084592145015105,0.7462235649546828,0.13293051359516614,0.41389728096676737,0.27492447129909364,0.311178247734139,0.4229607250755287,0.3293051359516616,0.2477341389728097
enz_89,0.3403614457831325,0.3433734939759036,0.31626506024096385,0.4397590361445783,0.3253012048192771,0.2349397590361447,0.5783132530120482,0.21686746987951808,0.20481927710843376,0.4789156626506024,0.1897590361445783,0.3313253012048193,0.608433734939759,0.27710843373493976,0.11445783132530117,0.4126506024096386,0.3012048192771085,0.28614457831325296,0.3825301204819277,0.2259036144578313,0.39156626506024095,0.3945783132530121,0.35542168674698793,0.25,0.3313253012048193,0.3072289156626506,0.3614457831325301,0.3433734939759036,0.4066265060240964,0.24999999999999994,0.13253012048192772,0.7319277108433735,0.13554216867469882,0.4006024096385542,0.286144578313253,0.3132530120481928,0.3765060240963856,0.3403614457831325,0.2831325301204819
enz_90,0.3434650455927052,0.3434650455927052,0.3130699088145896,0.4376899696048632,0.3069908814589666,0.2553191489361701,0.5744680851063829,0.2006079027355623,0.22492401215805466,0.4711246200607903,0.1975683890577508,0.331306990881459,0.6109422492401215,0.2735562310030395,0.11550151975683898,0.42857142857142855,0.2887537993920973,0.2826747720364741,0.3829787234042553,0.2279635258358663,0.3890577507598784,0.3890577507598784,0.364741641337386,0.2462006079027355,0.331306990881459,0.30395136778115506,0.364741641337386,0.3282674772036474,0.425531914893617,0.2462006079027356,0.1276595744680851,0.7264437689969605,0.14589665653495446,0.4103343465045592,0.2735562310030395,0.3161094224924013,0.3860182370820669,0.3434650455927052,0.27051671732522803
enz_91,0.32831325301204817,0.35542168674698793,0.3162650602409639,0.4397590361445783,0.32228915662650603,0.2379518072289157,0.5843373493975904,0.2078313253012048,0.2078313253012048,0.4668674698795181,0.19578313253012047,0.3373493975903614,0.5963855421686747,0.2891566265060241,0.11445783132530125,0.4036144578313253,0.3102409638554217,0.28614457831325296,0.3734939759036144,0.22289156626506024,0.4036144578313253,0.3885542168674699,0.35542168674698793,0.25602409638554224,0.3373493975903614,0.3132530120481928,0.3493975903614458,0.3463855421686747,0.3975903614457832,0.2560240963855422,0.12349397590361445,0.75,0.12650602409638556,0.3975903614457832,0.3012048192771085,0.30120481927710835,0.3825301204819277,0.32831325301204817,0.2891566265060241
enz_92,0.3343373493975904,0.3524096385542169,0.31325301204819284,0.4367469879518072,0.3253012048192771,0.2379518072289157,0.5843373493975904,0.2078313253012048,0.2078313253012048,0.4759036144578313,0.1927710843373494,0.3313253012048193,0.5993975903614458,0.286144578313253,0.11445783132530117,0.4066265060240964,0.3102409638554217,0.28313253012048195,0.3855421686746988,0.21385542168674695,0.4006024096385542,0.3975903614457832,0.35542168674698793,0.2469879518072289,0.3313253012048193,0.31626506024096385,0.3524096385542169,0.3524096385542169,0.4006024096385542,0.24698795180722896,0.12650602409638553,0.7349397590361446,0.13855421686746985,0.4036144578313253,0.2891566265060241,0.3072289156626506,0.3825301204819277,0.3343373493975904,0.28313253012048195
enz_93,0.3373493975903614,0.3493975903614458,0.3132530120481928,0.4367469879518072,0.3373493975903614,0.22590361445783136,0.5843373493975904,0.21987951807228914,0.19578313253012045,0.4668674698795181,0.1987951807228916,0.3343373493975903,0.6024096385542169,0.2951807228915663,0.1024096385542168,0.4126506024096386,0.3042168674698795,0.2831325301204819,0.3765060240963856,0.2259036144578313,0.3975903614457831,0.3825301204819277,0.35542168674698793,0.2620481927710844,0.3343373493975904,0.3072289156626506,0.3584337349397591,0.3403614457831325,0.3975903614457832,0.2620481927710843,0.13253012048192772,0.7409638554216867,0.12650602409638556,0.4006024096385542,0.2981927710843373,0.3012048192771085,0.3765060240963856,0.3373493975903614,0.286144578313253
enz_94,0.3433734939759036,0.3463855421686747,0.3102409638554217,0.43373493975903615,0.3403614457831325,0.22590361445783125,0.5843373493975904,0.21987951807228914,0.19578313253012045,0.4759036144578313,0.19578313253012047,0.3283132530120483,0.6054216867469879,0.2921686746987952,0.10240963855421686,0.4156626506024096,0.3042168674698795,0.2801204819277108,0.3885542168674699,0.21686746987951808,0.3945783132530121,0.39156626506024095,0.35542168674698793,0.2530120481927711,0.32831325301204817,0.3102409638554217,0.3614457831325301,0.3463855421686747,0.4006024096385542,0.2530120481927711,0.1355421686746988,0.7259036144578314,0.13855421686746985,0.4066265060240964,0.286144578313253,0.30722891566265065,0.3765060240963856,0.3433734939759036,0.28012048192771083
enz_95,0.3282674772036474,0.3525835866261398,0.31914893617021284,0.4437689969604863,0.2887537993920973,0.2674772036474164,0.5744680851063829,0.1884498480243161,0.2370820668693009,0.4620060790273556,0.1975683890577508,0.34042553191489355,0.6018237082066871,0.27051671732522803,0.12765957446808507,0.4164133738601824,0.2948328267477204,0.2887537993920973,0.3677811550151976,0.23404255319148934,0.39817629179331293,0.3860182370820669,0.364741641337386,0.24924012158054715,0.3404255319148936,0.3069908814589666,0.35258358662613976,0.3282674772036474,0.4224924012158055,0.2492401215805472,0.11550151975683892,0.7507598784194529,0.13373860182370825,0.4012158054711246,0.2887537993920973,0.31003039513677816,0.39209726443769,0.3282674772036474,0.2796352583586626
enz_96,0.3343373493975904,0.3403614457831325,0.3253012048192772,0.4397590361445783,0.3012048192771085,0.2590361445783133,0.5783132530120482,0.1927710843373494,0.22891566265060245,0.4608433734939759,0.19578313253012047,0.3433734939759037,0.5933734939759037,0.27710843373493976,0.12951807228915654,0.40963855421686746,0.2951807228915663,0.2951807228915663,0.35843373493975905,0.23493975903614456,0.4066265060240963,0.3825301204819277,0.3614457831325301,0.2560240963855422,0.3433734939759036,0.3012048192771085,0.3554216867469879,0.3313253012048193,0.4126506024096386,0.2560240963855421,0.11746987951807228,0.7560240963855421,0.12650602409638556,0.40963855421686746,0.2891566265060241,0.3012048192771085,0.39156626506024095,0.3343373493975904,0.2740963855421687
enz_97,0.3403614457831325,0.3373493975903614,0.32228915662650603,0.4367469879518072,0.3042168674698795,0.25903614457831325,0.5783132530120482,0.1927710843373494,0.22891566265060245,0.4698795180722892,0.1927710843373494,0.33734939759036137,0.5963855421686747,0.2740963855421687,0.12951807228915665,0.4126506024096386,0.2951807228915663,0.29216867469879515,0.3704819277108434,0.2259036144578313,0.4036144578313253,0.39156626506024095,0.3614457831325301,0.2469879518072289,0.3373493975903614,0.3042168674698795,0.35843373493975905,0.3373493975903614,0.4156626506024096,0.2469879518072289,0.12048192771084335,0.7409638554216867,0.13855421686746994,0.4156626506024096,0.27710843373493976,0.3072289156626505,0.39156626506024095,0.3403614457831325,0.2680722891566265
enz_98,0.3313253012048193,0.3493975903614458,0.3192771084337349,0.4427710843373494,0.3102409638554217,0.2469879518072289,0.5783132530120482,0.20481927710843373,0.2168674698795181,0.4789156626506024,0.1867469879518072,0.3343373493975904,0.6024096385542169,0.2710843373493976,0.1265060240963855,0.4036144578313253,0.3072289156626506,0.2891566265060241,0.3795180722891566,0.22289156626506024,0.3975903614457831,0.4006024096385542,0.35542168674698793,0.2439759036144579,0.3343373493975904,0.3132530120481928,0.3524096385542169,0.3493975903614458,0.4066265060240964,0.2439759036144578,0.12349397590361445,0.7409638554216867,0.13554216867469882,0.3975903614457832,0.2891566265060241,0.3132530120481927,0.3825301204819277,0.3313253012048193,0.286144578313253
enz_99,0.3433734939759036,0.3343373493975904,0.32228915662650603,0.4367469879518072,0.31626506024096385,0.2469879518072289,0.5783132530120482,0.20481927710843373,0.2168674698795181,0.4608433734939759,0.1987951807228916,0.3403614457831325,0.5993975903614458,0.28313253012048195,0.11746987951807225,0.4186746987951807,0.2891566265060241,0.2921686746987952,0.3614457831325301,0.23795180722891565,0.4006024096385542,0.3765060240963856,0.3614457831325301,0.2620481927710843,0.3403614457831325,0.2951807228915663,0.3644578313253012,0.3253012048192771,0.4126506024096386,0.2620481927710843,0.12650602409638553,0.7469879518072289,0.12650602409638556,0.4126506024096386,0.286144578313253,0.3012048192771084,0.3855421686746988,0.3433734939759036,0.2710843373493976
enz_100,0.3493975903614458,0.3313253012048193,0.3192771084337349,0.43373493975903615,0.3192771084337349,0.2469879518072289,0.5783132530120482,0.20481927710843373,0.2168674698795181,0.4698795180722892,0.19578313253012047,0.3343373493975903,0.6024096385542169,0.28012048192771083,0.11746987951807225,0.42168674698795183,0.2891566265060241,0.2891566265060241,0.3734939759036144,0.2289156626506024,0.3975903614457832,0.3855421686746988,0.3614457831325301,0.2530120481927711,0.3343373493975904,0.2981927710843373,0.3674698795180724,0.3313253012048193,0.4156626506024096,0.2530120481927711,0.12951807228915665,0.7319277108433735,0.13855421686746985,0.4186746987951807,0.2740963855421687,0.3072289156626506,0.3855421686746988,0.3493975903614458,0.2650602409638554
enz_101,0.3373493975903614,0.3433734939759036,0.31927710843373497,0.43373493975903615,0.31626506024096385,0.24999999999999994,0.5843373493975904,0.19578313253012047,0.21987951807228912,0.4578313253012048,0.20180722891566266,0.3403614457831326,0.5903614457831325,0.2921686746987952,0.11746987951807225,0.4126506024096386,0.2981927710843373,0.2891566265060241,0.3644578313253012,0.2259036144578313,0.40963855421686746,0.3795180722891566,0.3614457831325301,0.2590361445783132,0.3403614457831325,0.3042168674698795,0.35542168674698793,0.3343373493975904,0.4066265060240964,0.2590361445783133,0.12048192771084335,0.75,0.12951807228915668,0.4156626506024096,0.2891566265060241,0.2951807228915662,0.39156626506024095,0.3373493975903614,0.27108433734939763
enz_102,0.3404255319148936,0.3434650455927052,0.31610942249240115,0.4316109422492401,0.2978723404255319,0.27051671732522803,0.5805471124620061,0.17933130699088146,0.2401215805471125,0.44984802431610943,0.20972644376899696,0.3404255319148937,0.5927051671732523,0.2887537993920973,0.11854103343465044,0.42857142857142855,0.2857142857142857,0.2857142857142857,0.364741641337386,0.2279635258358663,0.4072948328267477,0.3738601823708207,0.3708206686930091,0.2553191489361701,0.3404255319148936,0.3009118541033435,0.3586626139817629,0.3191489361702128,0.425531914893617,0.2553191489361702,0.11550151975683892,0.7446808510638298,0.13981762917933138,0.425531914893617,0.2765957446808511,0.297872340425532,0.4012158054711246,0.3404255319148936,0.2583586626139818
enz_103,0.3433734939759036,0.3403614457831325,0.3162650602409638,0.4307228915662651,0.3192771084337349,0.25,0.5843373493975904,0.19578313253012047,0.21987951807228912,0.4668674698795181,0.1987951807228916,0.3343373493975903,0.5933734939759037,0.2891566265060241,0.11746987951807225,0.4156626506024096,0.2981927710843373,0.28614457831325296,0.3765060240963856,0.21686746987951808,0.4066265060240963,0.3885542168674699,0.3614457831325301,0.2500000000000001,0.3343373493975904,0.3072289156626506,0.3584337349397591,0.3403614457831325,0.40963855421686746,0.25,0.12349397590361445,0.7349397590361446,0.14156626506024095,0.42168674698795183,0.27710843373493976,0.3012048192771084,0.39156626506024095,0.3433734939759036,0.26506024096385544
enz_104,0.3463855421686747,0.3373493975903614,0.3162650602409639,0.4307228915662651,0.3313253012048193,0.2379518072289156,0.5843373493975904,0.2078313253012048,0.2078313253012048,0.4578313253012048,0.20481927710843373,0.33734939759036153,0.5963855421686747,0.2981927710843373,0.105421686746988,0.42168674698795183,0.2921686746987952,0.28614457831325296,0.3674698795180723,0.2289156626506024,0.4036144578313253,0.3734939759036144,0.3614457831325301,0.26506024096385544,0.3373493975903614,0.2981927710843373,0.3644578313253013,0.32831325301204817,0.4066265060240964,0.26506024096385544,0.12951807228915665,0.7409638554216867,0.12951807228915654,0.4186746987951807,0.286144578313253,0.2951807228915663,0.3855421686746988,0.3463855421686747,0.2680722891566265
enz_105,0.3524096385542169,0.3343373493975904,0.31325301204819284,0.427710843373494,0.3343373493975904,0.2379518072289157,0.5843373493975904,0.2078313253012048,0.2078313253012048,0.4668674698795181,0.20180722891566266,0.33132530120481923,0.5993975903614458,0.2951807228915663,0.10542168674698793,0.4246987951807229,0.2921686746987952,0.28313253012048195,0.3795180722891566,0.21987951807228914,0.4006024096385542,0.3825301204819277,0.3614457831325301,0.2560240963855422,0.3313253012048193,0.3012048192771085,0.36746987951807225,0.3343373493975904,0.40963855421686746,0.25602409638554224,0.13253012048192772,0.7259036144578314,0.14156626506024095,0.4246987951807229,0.2740963855421687,0.3012048192771085,0.3855421686746988,0.3524096385542169,0.2620481927710843
enz_106,0.3343373493975904,0.3463855421686747,0.319277108433735,0.4427710843373494,0.32228915662650603,0.2349397590361446,0.5783132530120482,0.21686746987951808,0.20481927710843376,0.4698795180722892,0.1927710843373494,0.33734939759036137,0.6054216867469879,0.28012048192771083,0.11445783132530125,0.40963855421686746,0.3012048192771085,0.2891566265060241,0.3704819277108434,0.23493975903614456,0.3945783132530121,0.3855421686746988,0.35542168674698793,0.25903614457831325,0.3373493975903614,0.3042168674698795,0.35843373493975905,0.3373493975903614,0.4036144578313253,0.25903614457831325,0.12951807228915665,0.7469879518072289,0.12349397590361445,0.3945783132530121,0.2981927710843373,0.3072289156626506,0.3765060240963856,0.3343373493975904,0.2891566265060241
enz_107,0.3184523809523809,0.3630952380952381,0.31845238095238104,0.4107142857142857,0.3273809523809524,0.2619047619047619,0.5773809523809523,0.19345238095238096,0.2291666666666667,0.4226190476190476,0.24107142857142855,0.3363095238095237,0.5625,0.3125,0.125,0.39880952380952384,0.3154761904761905,0.2857142857142857,0.3422619047619048,0.22023809523809526,0.4375,0.3958333333333333,0.3422619047619048,0.261904761904762,0.33630952380952384,0.3184523809523809,0.34523809523809523,0.35119047619047616,0.3869047619047619,0.2619047619047619,0.11607142857142858,0.7589285714285714,0.125,0.4434523809523809,0.2708333333333333,0.2857142857142857,0.4345238095238095,0.3184523809523809,0.24702380952380956
enz_108,0.31419939577039274,0.36555891238670696,0.32024169184290024,0.4048338368580061,0.32628398791540786,0.2688821752265861,0.5709969788519638,0.1933534743202417,0.2356495468277945,0.4471299093655589,0.21450151057401806,0.3383685800604229,0.56797583081571,0.2960725075528701,0.13595166163141992,0.4048338368580061,0.3081570996978852,0.2870090634441088,0.3504531722054381,0.2175226586102719,0.4320241691842901,0.3897280966767371,0.33836858006042303,0.2719033232628399,0.33836858006042303,0.3172205438066465,0.3444108761329304,0.3353474320241692,0.3927492447129909,0.2719033232628399,0.12084592145015105,0.7552870090634441,0.1238670694864048,0.4320241691842901,0.2990936555891239,0.26888217522658603,0.3957703927492447,0.31419939577039274,0.2900302114803626
enz_109,0.3177257525083612,0.3745819397993311,0.3076923076923077,0.4147157190635452,0.3110367892976589,0.274247491638796,0.5484949832775919,0.1939799331103679,0.2575250836120402,0.4481605351170568,0.21739130434782608,0.3344481605351172,0.5719063545150501,0.32441471571906355,0.10367892976588633,0.431438127090301,0.27759197324414714,0.2909698996655519,0.3478260869565217,0.2240802675585284,0.4280936454849499,0.3779264214046823,0.3979933110367893,0.22408026755852845,0.33444816053511706,0.3177257525083612,0.3478260869565217,0.3110367892976589,0.4648829431438127,0.2240802675585284,0.10033444816053512,0.7792642140468228,0.12040133779264205,0.4581939799331104,0.2608695652173913,0.2809364548494984,0.4046822742474917,0.3177257525083612,0.2775919732441472
enz_110,0.3058510638297872,0.3670212765957447,0.3271276595744681,0.4069148936170213,0.3324468085106383,0.26063829787234044,0.5718085106382979,0.1914893617021277,0.2367021276595745,0.4202127659574468,0.2367021276595745,0.34308510638297873,0.5718085106382979,0.3058510638297872,0.12234042553191493,0.3856382978723405,0.3111702127659575,0.30319148936170204,0.35106382978723405,0.22074468085106386,0.42819148936170215,0.4015957446808511,0.3377659574468085,0.2606382978723404,0.34308510638297873,0.32446808510638303,0.3324468085106383,0.3484042553191489,0.3909574468085105,0.2606382978723405,0.1276595744680851,0.7526595744680851,0.11968085106382985,0.4228723404255319,0.2898936170212766,0.2872340425531915,0.425531914893617,0.3058510638297872,0.2686170212765958
enz_111,0.30851063829787234,0.3643617021276596,0.32712765957446804,0.40425531914893614,0.3351063829787234,0.2606382978723404,0.5691489361702128,0.19414893617021275,0.2367021276595745,0.4202127659574468,0.2367021276595745,0.34308510638297873,0.5718085106382979,0.3058510638297872,0.12234042553191493,0.3882978723404255,0.30851063829787234,0.3031914893617021,0.3537234042553192,0.21808510638297876,0.4281914893617021,0.398936170212766,0.3377659574468085,0.2632978723404256,0.34308510638297873,0.32180851063829785,0.3351063829787234,0.34574468085106386,0.3909574468085105,0.2632978723404256,0.13031914893617022,0.75,0.11968085106382975,0.425531914893617,0.2872340425531915,0.2872340425531915,0.425531914893617,0.30851063829787234,0.2659574468085107
enz_112,0.30851063829787234,0.3617021276595745,0.3297872340425531,0.40425531914893614,0.3351063829787234,0.2606382978723404,0.5691489361702128,0.19414893617021275,0.2367021276595745,0.4202127659574468,0.23404255319148934,0.3457446808510638,0.5718085106382979,0.3058510638297872,0.12234042553191493,0.3856382978723405,0.30851063829787234,0.3058510638297872,0.3537234042553192,0.21808510638297876,0.4281914893617021,0.398936170212766,0.3377659574468085,0.2632978723404256,0.34574468085106386,0.32180851063829785,0.33244680851063835,0.34574468085106386,0.3909574468085105,0.2632978723404256,0.13031914893617022,0.75,0.11968085106382975,0.425531914893617,0.2872340425531915,0.2872340425531915,0.425531914893617,0.30851063829787234,0.2659574468085107
enz_113,0.31666666666666665,0.3533333333333333,0.33,0.4133333333333333,0.32666666666666666,0.26,0.5666666666666667,0.19666666666666666,0.2366666666666667,0.42,0.2333333333333333,0.34666666666666673,0.58,0.3,0.12000000000000005,0.4033333333333333,0.29,0.3066666666666667,0.3533333333333333,0.22666666666666666,0.42,0.39,0.3566666666666667,0.2533333333333333,0.3466666666666667,0.30666666666666664,0.3466666666666667,0.3333333333333333,0.4133333333333333,0.2533333333333334,0.12666666666666668,0.74,0.1333333333333333,0.41,0.3,0.2900000000000001,0.4233333333333333,0.31666666666666665,0.26
enz_114,0.32951289398280803,0.3495702005730659,0.32091690544412604,0.4154727793696275,0.32951289398280803,0.2550143266475644,0.5702005730659025,0.2005730659025788,0.2292263610315187,0.4154727793696275,0.2464183381088825,0.3381088825214899,0.5787965616045845,0.2808022922636103,0.1404011461318052,0.4154727793696275,0.28939828080229224,0.2951289398280802,0.35816618911174786,0.22063037249283668,0.4212034383954155,0.36962750716332377,0.3667621776504298,0.2636103151862465,0.33810888252149,0.2979942693409742,0.3638968481375358,0.3123209169054441,0.42406876790830944,0.2636103151862464,0.12893982808022922,0.7449856733524355,0.12607449856733532,0.4355300859598854,0.28939828080229224,0.27507163323782235,0.4269340974212034,0.32951289398280803,0.2435530085959885
